Country,Code,1980,1981,1982,1983,1984,1985,1986,1987,1988,1989,1990,1991,1992,1993,1994,1995,1996,1997,1998,1999,2000,2001,2002,2003,2004,2005,2006,2007,2008,2009,2010,2011,2012,2013,2014,2015,2016,2017,2018,2019,2020,2021,2022,2023,2024
Aruba,ABW,--,--,--,--,--,--,0,0,0,0,0,0,0,0,0,0,0,0,0,0,0,0,0,0,0,0,0,0,0,0,0,0,0,0,0,0,0,0,0,0,0,0,0,0,0
Afghanistan,AFG,2,3,5,5,5,0,0,22,70,68,67,11,10.5945,10.5945,10.59,7.06,8.12245,8.12245,8.12245,8.12245,8.12245,1.76575,1.76575,0.7063,0.7063,0.7063,0.7063,1.4126,1.76575,1.05945,5.01115593,5.69979258,5.66094641,5.45612115,5.01115593,5.16300914,5.83751991,5.51262467,5.41021204,4.54500189,2.83223894,NA,NA,NA,NA
Africa,AFRC,735.6,610.7,818.6,1003.2,1097,1072,1143.4,1239.2,1308.6,1339.3,1351,1479.9472663801337,1524.8773669054442,1541.67475,1610.337,1689.4664,1783.0882964183381,1788.3516,1835.6737,1871.34185,2038.02865,2283.82105,2365.04555,2575.52295,2660.5943,3077.16214247851,3244.3971799188157,3342.4595535,3587.67445,3393.0606979,3571.6333943,4230.9080441,4667.61147552,4671.432465,4801.62978353,4799.623057392833,5074.804776793617,5403.124059675033,5645.406294328,5590.762830861,5557.271163815,5893.38329276,5871.7251259,5897.804352954,6043.475726598
Angola,AGO,9.2,8.8,10,12,12,13,14,16,18,15,19,20,20.12955,19.7764,18.36,19.7764,19.7764,20.12955,20.4827,19.7764,20.12955,18.71695,21.8953,22.95475,26.48625,22.95475,24.0142,29.31145,24.0142,24.36735,25.92121,26.55688,26.8394,14.40852,8.157765,27.298495,28.357936,28.711083,40.77052,45.6911,43.437081,42.024493,42.024493,42.024493,42.85873216
Albania,ALB,10,11,10,11,11,10,14,16,25,25,9,5,3.602,1.059,1.06,1.06,1.05945,0.7063,1.05945,0.7063,1.05945,1.05945,1.05945,1.05945,1.05945,1.05945,1.05945,0.35315,1.05945,1.05945,0.35315,0.35315,0.600355,0.670985,1.13008,1.236025,1.5891615,1.765735,1.515804683,2.752030114,1.978253635,2.092430599,1.802660487,1.773328715,1.924522662
United Arab Emirates,ARE,105,134,91,182,241,377,431,580,621,702,663,790,902,797.551,765.28,875.46,958.80225,1024.135,1073.22285,1093.70555,1109.95045,1147.0312,1286.8786,1337.7322,1420.01615,1456.74375,1521.72335,1736.43855,2099.1236,2068.717385,2137.9701,2394.816095,2306.7758,2355.15735,2342.02017,2572.408755,2637.7807825,2397.871473,2108.181112,2377.9039,2430.505207,2389.667182,2382.879943,2520.984611,2535.365675
Argentina,ARG,359,362,456,449,572,578,625,605,713,801,716.54,780.81,787.17,833.085,856.39,953.15,1010.36215,1007.8901,1077.46065,1142.7934,1172.81115,1102.5343,1068.98505,1221.1927,1338.79165,1428.1386,1474.7544,1551.0348,1568.33915,1523.4891,1528.78635,1629.08095,1640.0286,1648.256995,1662.55957,1659.45185,1710.2697033,1732.2354467,1737.510695,1804.303901,1678.70367,1655.404716,1659.217609,1594.199785,1647.083796
Armenia,ARM,--,--,--,--,--,--,--,--,--,--,--,--,65.6859,49.44,56.5,56.5,63.57,45.9095,49.441,45.55635,49.79415,49.441,38.49335,46.6158,46.96895,60.0355,60.0355,72.53701,68.15795,54.73825,64.2733,73.10205,86.52175,85.10915,88.2875,72.39575,78.2573752,83.1308038,87.65844034,88.21622626,89.85467123,95.96712138,97.07561104,93.77257118,94.00801884
American Samoa,ASM,0,0,0,0,0,0,0,0,0,0,0,0,0,0,0,0,0,0,0,0,0,0,0,0,0,0,0,0,0,0,0,0,0,0,0,0,0,0,0,0,0,0,0,0,0
Asia & Oceania,ASOC,2571.322173,2705.618754,2788.588702,3035.802271,3627.877273,4036.039026,4306.250746,4611.656107,5014.746422,5285.00594,5677.213887735435,6087.362413358138,6392.242051066476,6807.023400092646,7435.457435088825,7942.297403203438,8570.005122,9038.1455115,9129.313333,9795.541812,10236.336817,10279.4012195,11321.632133,11971.180207,12526.412815,13709.467562,15305.738735,16727.518451,17395.308959,18294.826053,20489.7004252436,21935.030028647,22897.38681041,23747.6917608685,24620.6326700335,24668.16217010735,25386.65314998302,27048.36442769001,29257.958553279,29879.668205495,30601.193764233,32386.014968752,32169.571012004,33117.038697031,34285.424700572
Antarctica,ATA,0,0,0,0,0,0,0,0,0,0,0,0,0,0,0,0,0,0,0,0,0,0,0,0,0,0,0,0,0,0,0,0,0,0,0,0,0,0,0,0,0,0,0,0,0
Antigua and Barbuda,ATG,0,0,0,0,0,0,0,0,0,0,0,0,0,0,0,0,0,0,0,0,0,0,0,0,0,0,0,0,0,0,0,0,0,0,0,0,0,0,0,0,0,0,0,0,0
Australia,AUS,322,368,407,413,440,463,516,532,555,570,625,584,603.709925,630.16,661.30869,709.69024,719.189975,717.989265,751.64446,759.095925,796.953605,841.097355,923.76977,969.855845,1004.111395,1014.140855,1019.12027,1132.1989,1153.493845,1211.86954,1226.91373,1246.47824,1291.89333,1332.36432,1360.157225,1406.9496,1375.411085,1439.006348,1456.270165,1762.060398,1737.664005,1695.978762,1849.414848,1766.067561,1739.051431
Austria,AUT,186,159,154,157,175,188,182,190,181,195,215,228,223.8971,235.48,242.37,262.04,281.495865,271.28983,278.529405,284.56827,271.78424,287.81725,291.06623,314.72728,310.98389,353.538465,331.996315,313.10279,330.83092,318.5413,349.47724,329.8421,315.22169,303.49711,277.046175,295.621865,308.7211074,335.1011883,312.1973397,326.0677166,311.5033054,329.8976409,289.1810248,247.8307601,244.9529298
Azerbaijan,AZE,--,--,--,--,--,--,--,--,--,--,--,--,522.66,388.47,331.96,317.84,328.43,323.4854,197.41085,211.89,199.8829,237.3168,319.9539,324.898,351.0311,366.5697,399.0595,313.5972,351.0311,344.6744,368.6886,328.78265,372.57325,334.43305,354.20945,384.2272,376.8817424,365.4750943,372.683744,405.1147869,410.6991706,458.92014,487.9947325,501.9119157,400.8753502
Burundi,BDI,0,0,0,0,0,0,0,0,0,0,0,0,0,0,0,0,0,0,0,0,0,0,0,0,0,0,0,0,0,0,0,0,0,0,0,0,0,0,0,0,0,0,0,0,0
Belgium,BEL,371,341,282,297,306,306,272,304,299,332,340.61,363.32,374.44,391.85,400.65,443.24,492.679565,469.97202,517.57664,551.05526,553.845145,546.782145,563.521455,600.355,611.79706,601.41445,619.036635,623.6629,619.4251,625.49928,728.47782,629.45456,632.456335,641.10851,562.14417,605.15784,615.2225295,622.2148401,641.0676909,646.0480208,645.3110418,647.8537002,546.0626089,512.0474899,496.7986024
Benin,BEN,0,0,0,0,0,0,0,0,0,0,0,0,0,0,0,0,0,0,0,0,0,0,0,0,0,0,0,0,0,0,0,0,0,0.386617,1.05441,1.124704,0.070294,1.411819843,0.673275932,1.968513176,5.821451722,6.46198975,5.589151625,5.4031491,5.4031491
Burkina Faso,BFA,0,0,0,0,0,0,0,0,0,0,0,0,0,0,0,0,0,0,0,0,0,0,0,0,0,0,0,0,0,0,0,0,0,0,0,0,0,0,0,0,0,0,0,0,0
Bangladesh,BGD,50,60,65,69,95,100,113,131,150,164,162,173,206.2396,215.77,234.84,260.27,269.45345,269.45345,289.583,319.60075,342.5555,363.7445,391.9965,429.07725,462.6265,494.41,541.0258,574.57505,632.1385,692.174,710.89095,710.18465,777.98945,805.182,844.0285,948.60906648165,1039.1912719817,1042.8640007817,1000.232413,1087.712905,1069.735709,1071.008966,1032.989645,1062.542165,955.240852
Bulgaria,BGR,180,166,180,184,181,219,225,223,221,223,241.495,185.066087676768,195.6451,171.98405,168.1,208.36,218.6,181.5191,134.9033,119.01155,113.7143,103.1198,109.734831884058,106.643709859155,110.458231356784,121.92970295858,125.754514060964,118.30525,113.36115,73.10205,89.7001,111.5954,105.132041245136,105.062125,101.0009,111.290897276265,112.300746,116.9976011,110.5099901,103.4454431,105.2602753,119.2085576,97.85354666,89.638288,96.83884027
Bahrain,BHR,100,120,130,140,133,164,180,217,182,186,205,233,187.8758,233.7853,229.19,229.19,232.01955,281.46055,292.76135,296.99915,302.64955,314.3035,334.0799,339.7303,344.32125,378.22365,400.11895,416.0107,438.25915,440.7312,450.97255,445.6753,483.8155,554.4455,547.3825,547.3825,541.379001,561.1199183,567.3597015,624.6792318,626.4104808,648.9356593,639.3505586,654.8861451,661.4350162
The Bahamas,BHS,0,0,0,0,0,0,0,0,0,0,0,0,0,0,0,0,0,0,0,0,0,0,0,0,0,0,0,0,0,0,0,0,0,0,0,0,0,0.002,0.137,0.156,0.257,0.486,0.489,0.499,0.496
Bosnia and Herzegovina,BIH,--,--,--,--,--,--,--,--,--,--,--,--,17.68,14.1596733870968,14.63,86.52,4.9441,4.9441,7.063,7.063,10.5945,10.5945,5.6504,5.6504,10.5945,14.126,14.126,11.3008,10.94765,7.41615,8.12245,9.1819,8.4756,8.4756,5.968235,7.063,7.3808323,8.0164969,8.002688893,7.557560633,6.92681917,8.347709368,8.136247609,7.337808512,7.368153537
Belarus,BLR,--,--,--,--,--,--,--,--,--,--,--,--,645.91,599.65,497.59,452.03,494.41,533.2565,544.91045,607.77115,692.209315,635.67,598.2361,634.2574,579.166,716.8945,740.55555,733.1394,750.51438,626.84125,763.757505,743.38075,732.07995,717.17702,709.1252,612.00895,607.8771301,625.428536,663.4437056,658.2524907,612.37588,625.8714129,589.154999,577.3640916,545.1950805
Belize,BLZ,0,0,0,0,0,0,0,0,0,0,0,0,0,0,0,0,0,0,0,0,0,0,0,0,0,0,0,0,0,0,0,0,0,0,0,0,0,0,0,0,0,0,0,0,0
Bermuda,BMU,0,0,0,0,0,0,0,0,0,0,0,0,0,0,0,0,0,0,0,0,0,0,0,0,0,0,0,0,0,0,0,0,0,0,0,0,0,0,0,0,0,0,0,0,0
Bolivia,BOL,14,21,12,15,14,11,14,14,19,26,30,26,32,30.02,34.96,43.44,37.08075,47.3221,30.72405,31.7835,44.4969,28.9583,36.0213,79.1056,75.5741,74.51465,84.756,88.64065,101.389365,99.94145,96.0568,84.756,112.65485,119.01155,112.93737,117.401039,133.041454,134.6825377,135.8389203,129.9094819,105.0628395,120.3884559,132.9388059,147.1732433,168.3371664
Brazil,BRA,42,42,46,57,74,92,90,105,97,123,97,118.86,130.31235,146,152.2,159.27,178.34075,194.9388,204.827,230.9601,333.3736,396.2343,472.86785,499.3541,608.1243,657.21215,682.9921,701.3559,835.19975,716.6515861,952.9854724,951.5761842,1124.030608,1322.986757,1399.690694,1477.858943,1269.95373,1294.975501,1233.648107,1223.217873,1102.784063,1416.241077,1099.039408,1022.590192,1073.514314
Barbados,BRB,0.4,0.4,0.4,0.4,0.4,0.4,0.4,0.4,0.9,1,1.20071,1.165395,1.69512,1.659805,1.62449,1.659805,1.589175,1.518545,1.306655,1.659805,1.33886934097421,1.13008,1.15267,0.94827,0.736664642,0.8475528,0.826717127,0.739171986,0.727694708,0.693757282,0.683268816,0.705057986,0.809130406,0.768235984,0.50151022,0.626435148,0.70605,0.763323823,1.209142398,1.119629715,0.633770093,0.641636157,0.713144991,0.639620057,0.746792652
Brunei,BRN,60,62,70,52,44,53,33,57,48,57,46,30,35,28.605,24.72,34.26,27.5457,31.0772,26.8394,36.7276,38.8465,47.67525,58.97605,61.09495,70.63,82.99025,140.90685,144.826815,148.323,87.93435,104.88555,106.6513,104.17925,94.99735,112.65485,122.8962,134.6559951,138.9290738,144.0281032,136.6472332,147.7055437,141.0921095,133.6214925,131.0938126,137.7329762
Bhutan,BTN,0,0,0,0,0,0,0,0,0,0,0,0,0,0,0,0,0,0,0,0,0,0,0,0,0,0,0,0,0,0,0,0,0,0,0,0,0,0,0,0,0,0,0,0,0
Botswana,BWA,0,0,0,0,0,0,0,0,0,0,0,0,0,0,0,0,0,0,0,0,0,0,0,0,0,0,0,0,0,0,0,0,0,0,0,0,0,0,0,0,0,0,0,0,0
Central African Republic,CAF,0,0,0,0,0,0,0,0,0,0,0,0,0,0,0,0,0,0,0,0,0,0,0,0,0,0,0,0,0,0,0,0,0,0,0,0,0,0,0,0,0,0,0,0,0
Canada,CAN,1883,1842,1859,1863,2017,2165,2130,2112,2331,2427,2377.62,2400.48,2595.69,2690.715,2737.59,2872.48,2917.195575,2887.248455,2797.51304,3107.543425,2991.357075,3121.42222,3173.4059,3372.93565,3340.975575,3144.09445,3283.09429,3050.5097,2937.14855,3111.60465,3436.467335,3556.326445,3717.292215,3960.78914,4099.71835,4053.420385,3949.139666,4186.324057,4415.900476,4443.231871,4287.300527,4439.595499,4669.354858,4739.909126,4881.107993
Switzerland,CHE,37,40,43,47,52,55,56,60,60,66,70.42,78.99,83.096195,87.051475,85.992025,94.71483,102.48413,98.95263,101.883775,105.556535,104.95618,109.229295,107.21634,113.325835,116.927965,120.035685,116.75139,113.678985,121.20108,116.362925,130.02983,115.444735,126.56896,133.384755,115.28216,123.295676,129.657283,130.2940412,123.7369114,127.0496919,124.360151,135.1431415,111.66268,103.5502224,105.0755703
Chile,CHL,85,85,49,46,48,44,26,26,35,57,66,52,54.44455,61.8,68.51,67.1,63.92015,98.882,114.06745,162.09585,183.99115,223.8971,247.9113,270.477585,294.562415,294.562415,263.132065,157.045805,97.18688,114.84438,187.02824,201.401445,172.372515,172.69035,143.979255,155.10348,169.1940453,180.7772669,190.4536226,221.3907027,211.5904198,230.0430568,236.1984444,250.8883001,222.3072658
China,CHN,505,450,381,431,438,457,484,494,503,505,494.3705,511.3005,516.7746,540.951,569.9368,581.5198,646.017295,697.32999,724.7167725,782.36851,902.36888,974.234905,1061.28638,1143.42907,1350.30434,1654.50775,1993.46112,2490.06065,2725.576385,3125.271555,3768.46365,4623.545745,5073.91794,5760.123705,6490.775325,6703.132563,7210.777399,8305.87453,9775.02575,10616.82095,11589.08399,13091.89314,13001.67601,13961.52049,15004.76479
Ivory Coast,CIV,0,0,0,0,0,0,0,0,0,0,0,0,0,0,0,1.41,12.7134,21.189,28.252,47.3221,47.67525,47.67525,47.3221,47.3221,45.9095,45.9095,45.9095,52.9725,56.504,56.504,58.446325,57.63408,62.8607,72.18386,72.81953,72.854845,81.5775759,81.5775759,75.43595397,80.5213734,83.00583049,88.09775114,94.84172877,100.7735742,95.65255428
Cameroon,CMR,0,0,0,0,0,0,0,0,0,0,0,0,0,0,0,0,0,0,0,0,0,0,0,0,0,0.7063,0.7063,0.7063,0.7063,0.7063,7.41615,5.29725,9.60568,10.94765,16.562735,18.320085,19.55023,21.63869989,27.89577971,26.37739416,33.74397857,27.58618965,24.32618375,19.61728634,21.87756839
Congo-Kinshasa,COD,0,0,0,0,0,0,0,0,0,0,0,0,0,0,0,0,0,0,0,0,0,0,0,0,0,0,0,0,0,0,0.35315,0.35315,0.35315,0.35315,0.35315,0.35315,0,0,0,0,0,0,0,0,0
Congo-Brazzaville,COG,0.4,0.6,0.6,0.7,0.7,2,0.4,2,0,0,0,0,0,0,0,0,0,0,0,0,0,0,0,0,0,4.2378,6.3567,10.24135,13.06655,18.71695,32.84295,40.61225,41.283235,58.26975,32.77861093,32.77861093,30.5933702,30.37484613,30.6178449,40.802848,44.53390703,45.31754022,50.97439012,45.64988686,48.63719265
Cook Islands,COK,0,0,0,0,0,0,0,0,0,0,0,0,0,0,0,0,0,0,0,0,0,0,0,0,0,0,0,0,0,0,0,0,0,0,0,0,0,0,0,0,0,0,0,0,0
Colombia,COL,99,106,106,102,143,144,144,140,146,146,151,155,150.79505,157,162.45,160.68,167.3931,210.83055,221.0719,182.9317,201.2955,215.06835,217.5404,215.06835,224.6034,235.55105,254.9743,266.2751,264.8625,306.88735,320.6602,312.1846,356.32835,377.8705,414.24495,406.47565,385.01556051562,375.2016722,407.6988227,412.5529275,413.4728432,405.6718516,404.3917965,422.1864581,437.5404105
Comoros,COM,0,0,0,0,0,0,0,0,0,0,0,0,0,0,0,0,0,0,0,0,0,0,0,0,0,0,0,0,0,0,0,0,0,0,0,0,0,0,0,0,0,0,0,0,0
Cabo Verde,CPV,0,0,0,0,0,0,0,0,0,0,0,0,0,0,0,0,0,0,0,0,0,0,0,0,0,0,0,0,0,0,0,0,0,0,0,0,0,0,0,0,0,0,0,0,0
Costa Rica,CRI,0,0,0,0,0,0,0,0,0,0,0,0,0,0,0,0,0,0,0,0,0,0,0,0,0,0,0,0,0,0,0,0,0,0,0,0,0,0,0,0,0,0,0,0,0
Central & South America,CSAM,1241,1320.7,1419.7,1421.7,1703.5,1754.6,1777.6,1740.1,1868.4,2129.9,2023.76071,2151.085823032624,2136.71252,2301.244805,2441.33449,2582.088209966571,2761.91552,2922.069045,3120.327455,3071.239605,3303.9976693409744,3537.57418,3525.23652,3733.002155,4057.052879642,4167.8409778,4518.003682127,4387.117536986,4654.878339708,4439.006163382,4959.802791216,5132.270587186,5462.157408406,5763.194681984,5687.936625895524,5864.238153012098,5702.669762819725,5705.694389532866,5596.247941993,5613.158131733,5189.747467576,5674.746868661,5479.545973221,5449.140514403,5614.423678227
Former Czechoslovakia,CSK,325,325,341,346,364,407,427,444,416,451,532,504,411,--,--,--,--,--,--,--,--,--,--,--,--,--,--,--,--,--,--,--,--,--,--,--,--,--,--,--,--,--,--,--,--
Cuba,CUB,0.6,0.3,0.3,0.3,0.1,0.2,0.2,0.8,0.7,1.1,1.14,1.18,1.22,1.25,1.22,1.44840496657116,1.518545,26.48625,14.126,17.6575,21.189,10.5945,12.36025,13.06655,13.06655,14.126,14.126,21.189,40.9654,40.9654,37.78705,36.37445,36.51571,38.387405,42.378,43.94914415,42.024868,37.3081406,34.4717777,33.80282485,31.97614943,30.86991645,30.16362245,34.10195311,34.255259
Cayman Islands,CYM,0,0,0,0,0,0,0,0,0,0,0,0,0,0,0,0,0,0,0,0,0,0,0,0,0,0,0,0,0,0,0,0,0,0,0,0,0,0,0,0,0,0,0,0,0
Cyprus,CYP,0,0,0,0,0,0,0,0,0,0,0,0,0,0,0,0,0,0,0,0,0,0,0,0,0,0,0,0,0,0,0,0,0,0,0,0,0,0,0,0,0,0,0,0,0
Czechia,CZE,--,--,--,--,--,--,--,--,--,--,--,--,--,258.824,238.38,284.99,328.111665,332.87919,332.702615,336.12817,326.16934,349.441925,337.32888,341.07227,339.059315,335.245295,328.14698,305.510065,306.781405,290.536505,327.7232,297.105095,296.15159,298.97679,265.63943,277.85842,299.8594781,308.1937473,292.0478481,306.6997538,313.0293215,335.5954148,270.8473249,240.5089959,236.2960228
East,DDR,493,498,490,496,588,580,602,555,602,588,357,--,--,--,--,--,--,--,--,--,--,--,--,--,--,--,--,--,--,--,--,--,--,--,--,--,--,--,--,--,--,--,--,--,--
Germany,DEU,--,--,--,--,--,--,--,--,--,--,--,2776,2739.45,2829.826,2965.082715,3171.57,3162.74077,3011.87509,3129.89782,3150.980875,3098.11432,3239.409635,3218.96225,3160.83376,3173.12338,3202.57609,3272.49979,3142.61122,3262.47033,3032.958145,3337.69128,3029.88574,3028.649715,3097.8318,2797.37178,2872.839935,3105.6697521,3296.6869644,3285.866152,3380.048762,3091.689581,3304.499036,2889.01926,2790.735597,2745.184461
West,DEUW,2128,2015,1844,1901,1996,1966,1993,2178,2114,2247,2311.9,--,--,--,--,--,--,--,--,--,--,--,--,--,--,--,--,--,--,--,--,--,--,--,--,--,--,--,--,--,--,--,--,--,--
Djibouti,DJI,0,0,0,0,0,0,0,0,0,0,0,0,0,0,0,0,0,0,0,0,0,0,0,0,0,0,0,0,0,0,0,0,0,0,0,0,0,0,0,0,0,0,0,0,0
Dominica,DMA,0,0,0,0,0,0,0,0,0,0,0,0,0,0,0,0,0,0,0,0,0,0,0,0,0,0,0,0,0,0,0,0,0,0,0,0,0,0,0,0,0,0,0,0,0
Denmark,DNK,0,0,0,2.2,6.9,27,45,58,64,69,73,82,86.59,97.893,108.028585,127.38,148.04048,168.0994,172.3372,178.6939,181.87225,180.636225,180.17713,182.896385,182.86107,176.115905,180.141815,161.001085,162.343055,155.774465,175.58618,148.499575,138.01102,131.619005,112.01918,112.86674,115.0209367,109.9709346,112.398615,109.2142543,98.18766213,103.2448303,79.71554394,79.304914,80.79779448
Dominican Republic,DOM,0,0,0,0,0,0,0,0,0,0,0,0,0,0,0,0,0,0,0,0,0,0,0,10.5945,4.59095,8.82875,8.82875,16.9512,16.59805,19.7764,28.9583,32.84295,45.2032,37.751735,37.751735,39.12902,36.8335645,40.6828668,44.62101786,52.10019402,57.27234798,80.71353768,87.03951755,80.62455329,92.66351439
Algeria,DZA,460,346,553,656,680,584,602,656,712,660,681,775,730,655.093,690.41,741.97,762.0977,711.9504,736.31775,752.56265,726.0764,721.8386,720.77915,724.6638,680.8732,846.323975,904.064,934.328955,977.342625,1015.51814,1017.7783,1161.1572,1265.83086,1163.55862,1380.993075,1399.215615,1404.4068759,1457.6261288,1582.445287,1634.068919,1578.807514,1729.08078,1808.787824,1846.586383,1876.948161
Ecuador,ECU,3,2,2,3,4,4,3,1.9,2.8,2.8,4,3.22616538461538,3.5315,3.53,3.53,4.24,4.2378,3.5315,3.5315,3.5315,4.9441,5.6504,3.5315,5.29725,6.00355,9.1819,9.8882,9.711625,9.1819,10.45324,11.65395,8.510915,18.257855,18.187225,20.41207,17.551555,19.31729,16.87236984,13.39228963,12.09185063,10.2295996,10.70235635,9.612008329,8.704093771,9.405588174
Egypt,EGY,30,50,94,113,143,175,200,222,244,273,286,321,349,398.70635,423.42,438.96,473.221,476.7525,485.2281,518.07105,646.2645,866.98325,882.875,1046.0303,1111.0099,1208.12615,1334.907,1406.631765,1484.99575,1566.92655,1630.49355,1791.8831,1876.886305,1834.2611,1697.9452,1692.93047,1788.9511393,2038.2022919,2138.31012,2087.415282,2141.357206,2199.823387,2120.475226,2097.214733,2101.805698
Eritrea,ERI,--,--,--,--,--,--,--,--,--,--,--,--,--,--,0,0,0,0,0,0,0,0,0,0,0,0,0,0,0,0,0,0,0,0,0,0,0,0,0,0,0,0,0,0,0
Western Sahara,ESH,0,0,0,0,0,0,0,0,0,0,0,0,0,0,0,0,0,0,0,0,0,0,0,0,0,0,0,0,0,0,0,0,0,0,0,0,0,0,0,0,0,0,0,0,0
Spain,ESP,56,66,70,75,72,82,87,100,129,172,192,216,227.78175,224.426825,239.29444,298.59,334.15053,437.235015,448.888965,513.83325,588.453845,634.11614,764.816955,821.744735,1006.26561,1187.78471,1274.44772,1299.132905,1423.865485,1272.47008,1265.12456,1174.22375,1144.100055,1046.31282,961.662765,995.9886534,1015.694256,1104.334153,1101.438348,1259.436315,1130.996752,1196.241051,1155.910076,1026.141722,985.3042687
Estonia,EST,--,--,--,--,--,--,--,--,--,--,--,--,52.97,21.19,22.6,26.31,28.82,37.4339,56.504,35.315,39.5528,44.85005,26.239045,29.911805,34.11429,34.573385,35.632835,34.82059,33.40799,23.060695,24.755815,22.31908,23.201955,23.94357,18.71695,16.633365,18.2931559,17.4102884,17.83492958,16.44571596,15.12626033,17.2441182,12.90033947,11.07569955,12.25242067
Ethiopia,ETH,0,0,0,0,0,0,0,0,0,0,0,0,0,0,0,0,0,0,0,0,0,0,0,0,0,0,0,0,0,0,0,0,0,0,0,0,0,0,0,0,0,0,0,0,0
European Union,EU27,9282,9055,9086.2,9211.3,9776.2,9973,10215,10548,10312,10856,10772.005,11064.326572676768,11100.096075,11329.693595,11293.89318,12184.00562,12820.06021,12612.646305,12819.874725,13136.82685,13342.183575,13877.3824,13974.580406884059,14404.274609859154,14902.393186356783,15497.55097795858,15542.694339060963,15187.49827,15569.95972,14541.834125,15665.274905,14591.628275,14086.022706245136,13833.52117,12296.38767094,12776.579155436266,13498.18140664,14212.612253939998,14009.02059593,14468.42390315,13873.60978373,14550.47099861,12695.96831317,11774.75017179,11746.35534482
Eurasia,EURA,13328,14440,15522,16822,18512,20302,21522,22462,24092,24529,24961,25014,23571.0059,23578.07,21559.43,20388.899910028653,19261.9501,18405.11855,18293.66441,18527.30845,19273.30251,19115.51509,20088.5846,20972.66031,21136.274705,20966.338925,21842.04498,22341.731041,22700.90578,18994.186876,22363.5769,23626.51193,23132.772915,22566.179055,22363.535120508,21558.521272054,21262.54300107975,21656.4194341925,22545.053241453,22080.969201563,21456.145045913,23459.852932773,22433.777636061,22993.769688168,23878.076945774
Europe,EURO,11193,11037,11077.2,11281.8,11932.6,12286,12632,13052,12740,13372,13360.89742,13840.946227676768,13749.757756172963,14160.646673387097,14280.680695,15444.489585,16601.484465,16301.792465,16598.791615,17168.95229,17515.357125,18083.363585,18359.785216884058,18930.598159859153,19705.727596356784,20250.73808795858,20192.938224060963,20085.97129,20554.566025,19311.478025,20926.927385,19465.06296,18836.102096245137,18587.096745,16953.05626984,17508.669383536264,18460.88817004,19391.08199911,19037.063871637,19313.71156548,18661.317867615,19873.055181136,17532.957902777,16227.565890508,16229.590673442
Finland,FIN,32,26,24,23,28,35,43,57,61,81,95,100,103.86,107.5,119.15,123.11,128.864435,126.71022,144.93276,144.93276,148.287685,160.718565,159.941635,176.963465,170.9246,156.622025,168.205345,161.53081,167.287155,150.759735,166.651485,145.533115,130.10046,123.214035,108.91146,96.26869,87.9697355,82.8137893,91.63563717,90.47578617,85.95339514,86.97752144,45.03234328,56.07071626,59.10778046
Fiji,FJI,0,0,0,0,0,0,0,0,0,0,0,0,0,0,0,0,0,0,0,0,0,0,0,0,0,0,0,0,0,0,0,0,0,0,0,0,0,0,0,0,0,0,0,0,0
Falkland Islands,FLK,0,0,0,0,0,0,0,0,0,0,0,0,0,0,0,0,0,0,0,0,0,0,0,0,0,0,0,0,0,0,0,0,0,0,0,0,0,0,0,0,0,0,0,0,0
France,FRA,981,1003,979,999,1079,1110,1129,1038,963,984,997,1131.24,1146.47,1158.403,1156.954715,1182.73,1314.318355,1300.051095,1312.905755,1382.65288,1402.817745,1470.86975,1528.08005,1510.7757,1603.65415,1740.3232,1762.57165,1656.2735,1736.43855,1665.4554,1694.76685,1654.50775,1488.209415,1551.917675,1274.341775,1342.95882,1470.6214605,1479.0969885,1442.993957,1467.088208,1359.518356,1442.231154,1321.604676,1165.804372,1089.683444
Faroe Islands,FRO,0,0,0,0,0,0,0,0,0,0,0,0,0,0,0,0,0,0,0,0,0,0,0,0,0,0,0,0,0,0,0,0,0,0,0,0,0,0,0,0,0,0,0,0,0
Micronesia,FSM,0,0,0,0,0,0,0,0,0,0,0,0,0,0,0,0,0,0,0,0,0,0,0,0,0,0,0,0,0,0,0,0,0,0,0,0,0,0,0,0,0,0,0,0,0
Gabon,GAB,2.5,2.1,2,5.3,5.3,2,1,4.1,3.5,3.2,3,3.54859216809933,3.5315,3.5315,3.53,3.53,3.5315,3.5315,3.5315,3.5315,2.8252,2.8252,3.17835,3.17835,3.5315,3.5315,3.5315,2.8252,2.8252,2.8252,2.8252,2.47205,13.596275,11.23017,19.423085,19.423085,19.46193117,17.19731529,18.71332239,16.3860208,17.72598249,16.02934233,16.34992918,16.3507061,16.85757799
United Kingdom,GBR,1702,1740,1743,1815,1851,1991,2020,2079,1972,1951,2059,2218,2170.071435,2412.36765,2542.33,2689.59,3182.23465,3013.0758,3071.6987,3258.8682,3373.2888,3337.9738,3379.29235,3358.4565,3513.8425,3375.76085,3212.9587,3244.0359,3352.45295,3109.8389,3502.435755,2921.39806,2761.315165,2726.706465,2500.78557,2571.621162,2851.851064,2792.307836,2814.319987,2780.458778,2623.600493,2746.469074,2510.203816,2258.776876,2207.489087
Georgia,GEO,--,--,--,--,--,--,--,--,--,--,--,--,176.58,84.76,56.5,74.16,63.57,67.0985,65.6859,40.9654,42.73115,40.9654,51.91305,36.37445,43.43745,52.089625,49.79415,59.68235,61.09495,60.38865,58.093175,52.725295,62.57818,71.76008,77.022015,84.7559343,79.4587293,80.8713173,79.7589499,90.28713128,89.68663501,93.27114769,113.03788,113.3143235,114.8259615
Ghana,GHA,0,0,0,0,0,0,0,0,0,0,0,0,0,0,0,0,0,0,0,0,0,0,0,0,0,0,0,0,0,0,4.2378,29.31145,14.126,21.189,22.95475,44.989609172833,26.291037943616,43.501826739033,62.28629017,75.68119128,114.4307266,121.0420671,132.8658943,134.2125655,149.8659286
Gibraltar,GIB,0,0,0,0,0,0,0,0,0,0,0,0,0,0,0,0,0,0,0,0,0,0,0,0,0,0,0,0,0,0,0,0,0,0,0,0,0,0,0,2.638841643,2.95820194,3.266767289,2.774022871,2.737151021,2.165124463
Guinea,GIN,0,0,0,0,0,0,0,0,0,0,0,0,0,0,0,0,0,0,0,0,0,0,0,0,0,0,0,0,0,0,0,0,0,0,0,0,0,0,0,0,0,0,0,0,0
Guadeloupe,GLP,0,0,0,0,0,0,0,0,0,0,0,0,0,0,0,0,0,0,0,0,0,0,0,0,0,0,0,0,0,0,0,0,ie,ie,ie,ie,ie,ie,ie,ie,ie,ie,ie,ie,ie
The,GMB,0,0,0,0,0,0,0,0,0,0,0,0,0,0,0,0,0,0,0,0,0,0,0,0,0,0,0,0,0,0,0,0,0,0,0,0,0,0,0,0,0,0,0,0,0
Guinea-Bissau,GNB,0,0,0,0,0,0,0,0,0,0,0,0,0,0,0,0,0,0,0,0,0,0,0,0,0,0,0,0,0,0,0,0,0,0,0,0,0,0,0,0,0,0,0,0,0
Equatorial Guinea,GNQ,0,0,0,0,0,0,0,0,0,0,0,0,0,0,0,0,0,0,0.7063,0.7063,1.05945,1.05945,44.85005,45.9095,3.5315,45.9095,45.9095,52.6511335,52.9725,54.73825,55.7977,57.2103,60.06630552,71.5828969,70.7000294,65.33890479,76.13531488,75.58122723,73.69754114,72.06557603,86.14226519,101.3389812,106.5035846,104.403327,87.66415915
Greece,GRC,0,0,2.2,2.1,2.3,2,3,3,4,4,4,4,4,2.866,1.34,1.23,1.48323,6.815795,30.406215,52.9725,72.46638,71.371615,76.63355,86.1686,94.78546,100.36523,116.96328,142.31945,148.60552,124.59132,135.96275,164.744475,150.689105,135.68023,103.26106,110.81847,143.4139381,173.8905242,170.5737018,184.8761553,205.9551466,227.3181387,182.698439,164.2802338,214.1855553
Grenada,GRD,0,0,0,0,0,0,0,0,0,0,0,0,0,0,0,0,0,0,0,0,0,0,0,0,0,0,0,0,0,0,0,0,0,0,0,0,0,0,0,0,0,0,0,0,0
Greenland,GRL,0,0,0,0,0,0,0,0,0,0,0,0,0,0,0,0,0,0,0,0,0,0,0,0,0,0,0,0,0,0,0,0,0,0,0,0,0,0,0,0,0,0,0,0,0
Guatemala,GTM,0,0,0,0,0,0,0,0,0,0,0,0,0,0,0,0,0,0,0,0,0,0,0,0,0,0,0,0,0,0,0,0,0,0,0,0,0,0,2.378729233,2.468153402,2.375622553,2.542634433,2.555861652,2.405862787,2.549406661
French Guiana,GUF,0,0,0,0,0,0,0,0,0,0,0,0,0,0,0,0,0,0,0,0,0,0,0,0,0,0,0,0,0,0,0,0,ie,ie,ie,ie,ie,ie,ie,ie,ie,ie,ie,ie,ie
Guam,GUM,0,0,0,0,0,0,0,0,0,0,0,0,0,0,0,0,0,0,0,0,0,0,0,0,0,0,0,0,0,0,0,0,0,0,0,0,0,0,0,0,0,0,0,0,0
Guyana,GUY,0,0,0,0,0,0,0,0,0,0,0,0,0,0,0,0,0,0,0,0,0,0,0,0,0,0,0,0,0,0,0,0,0,0,0,0,0,0,0.001722203,0.014515711,0.046050369,0.037998617,0.062330445,0.068581147,0.067486392
Hawaiian Trade Zone,HITZ,0,0,0,0,0,0,0,--,--,--,--,--,--,--,--,--,--,--,--,--,--,--,--,--,--,--,--,--,--,--,--,--,--,--,--,--,,,--,--,--,--,,,
Hong Kong,HKG,0,0,0,0,0,0,0,0,0,0,13.6294907354346,14.699499904489,16.4819432664756,17.3790490926457,18.7631810888252,19.8902212034384,65.82716,103.9638285,96.8867025,106.955009,95.27987,96.1592135,91.39522,67.87543,89.13506,108.41705,105.895559,94.99735,118.6584,113.255205,141.9663,112.831425,102.06035,96.869045,92.278095,114.526545,119.4225296,119.024261,115.1789683,116.7319366,173.5016481,187.8544979,170.7326237,182.7537808,195.9323786
Honduras,HND,0,0,0,0,0,0,0,0,0,0,0,0,0,0,0,0,0,0,0,0,0,0,0,0,0,0,0,0,0,0,0,0,0,0,0,0,0,0,0,0,0,0,0,0,0
Croatia,HRV,--,--,--,--,--,--,--,--,--,--,--,--,96.02,103.75547,91.12,81.93,88.29,98.882,94.29105,93.9379,97.82255,100.2946,92.87845,107.71075,97.11625,94.99735,96.40995,98.422905,104.708975,94.679515,100.259285,87.192735,101.49531,87.36931,70.735945,72.53701,77.7635856,90.935968699999,97.3747635,102.207476,106.2658047,101.5053831,88.21999298,90.34593792,82.44250806
Haiti,HTI,0,0,0,0,0,0,0,0,0,0,0,0,0,0,0,0,0,0,0,0,0,0,0,0,0,0,0,0,0,0,0,0,0,0,0.029033887,0.03303606,0.02305344,0.02977736,0.02113232,0.042,0.118,0.137,0.115,0.113,0.077
Hungary,HUN,344,350,368,367,382,395,417,417,411,418,394,393,348.56,372.326,375.363135,406.69,452.985505,430.843,433.138475,436.669975,424.98071,472.126235,472.973795,514.75144,510.37238,529.124645,501.54363,468.48879,462.732445,400.18958,428.44158,408.9477,364.87458,339.129945,316.28114,332.94982,355.0215075,367.1697643,353.0438843,359.5064744,372.4095476,394.8233639,334.9577785,298.1890664,300.984578
Indonesia,IDN,248,248,236,316,369,436,471,487,517,579,629.67,764.9229,796.7064,849.681,965.15,1061.22,1136.78985,1125.48905,982.81645,1124.4296,957.7428,725.72325,797.05955,805.182,675.2228,719.0134,992.3515,1126.5485,1200.0037,1344.44205,1460.27525,1320.0747,1377.9913,1489.5867,1473.3418,1501.24065,1480.6818361605,1494.6081365505,1524.815505,1504.713641,1610.708304,1643.691919,1631.273324,1752.727701,1764.727219
India,IND,51,64,89,106,113,135,180,227,310,315,399,449,476.7525,531.8439,593.64,627.55,696.4118,716.8945,760.6851,752.2095,718.66025,708.77205,921.0152,964.0995,1087.702,1269.2211,1369.86885,1460.6284,1518.19185,1882.64265,2277.46435,2260.51315,2105.4803,1854.0375,1813.14273,1753.142545,1893.219098,1986.047698,2175.361863,2143.625519,2188.422479,2313.930923,2217.952031,2513.807463,2512.908316
Ireland,IRL,32,49,73,77,82,87,59,59,71,80,82,84,82.99,94.19,95.85,101.57,113.961505,118.37588,117.74021,124.52069,141.719095,148.323,151.43072,152.13702,156.51608,145.391855,162.66089,175.30366,182.86107,177.245985,194.37376,170.677395,167.11058,160.18884,154.926905,153.76151,180.3181644,184.7678166,191.9638485,194.7538525,196.2386358,184.0160768,186.7209003,172.2589657,179.6372306
Iran,IRN,232,155,200,310,476,600,536,565,706,784,764.569,803,882.875,938.3205,1123.02,1243.08,1373.7535,1663.3365,1827.55125,2111.837,2220.96035,2478.4067,2798.00745,2909.956,3020.8451,3707.3687,3839.09365,3992.0076,4212.72635,4993.541,5105.8427,5420.887815,5484.06635,5568.11605,6128.07069,6567.636495,7014.5087088,7306.314074,7661.579956,7781.649936,8228.3251,8519.671375,8648.216883,9156.594556,9315.552448
Iraq,IRQ,45.023307,23,24,18,20,29.19016261,31.6323,35,88,100.4079225,69.59106,61.15578,79.78369,90.053,111.94,111.95,114.4206,107.71075,104.17925,112.3017,111.24225,97.4694,83.3434,54.82932,35.147,51.20675,63.567,141.7980755,212.9727345,227.6601182,238.16271,208.851509,210.264097,236.043828,252.28859,244.166209,335.984429,394.959978,510.268735,636.1644353,624.1698007,611.9893885,681.5130837,670.6739773,646.8634199
Iceland,ISL,0,0,0,0,0,0,0,0,0,0,0,0,0,0,0,0,0,0,0,0,0,0,0,0,0,0,0,0,0,0,0,0,0,0,0,0,0,0,0,0,0,0,0,0,0
Israel,ISR,5,5,3,2,2,2,1.4,2.1,1.4,1.4,1.059,1.059,0.76,1.05945,1.06,0.71,0.7063,0.7063,0.7063,0.35315,0.35315,0.35315,0.35315,0.7063,23.66105,24.36735,34.25555,40.2591,50.8536,101.7072,128.89975,117.2458,51.91305,180.1065,281.8137,305.8279,353.2555421,377.8935891,381.7782061,392.7250204,405.0777582,420.2070347,432.0876767,436.3440163,477.8011722
Italy,ITA,972,942,944,967,1135,1151,1217,1346,1460,1581,1674,1775,1760.31149,1800.99,1748.13,1920.61,1984.13796,2047.5637,2204.538875,2396.087435,2498.359675,2505.210785,2488.22427,2743.304515,2846.706835,3046.448475,2983.517145,2998.137555,2997.643145,2755.41756,2934.570555,2751.638855,2645.623225,2474.486735,2186.42228,2384.574745,2504.3622074,2653.9552766,2567.305515,2629.71302,2529.186089,2710.141049,2439.426893,2192.483309,2209.742097
Jamaica,JAM,0,0,0,0,0,0,0,0,0,0,0,0,0,0,0,0,0,0,0,0,0,0,0,0,0,0,0,0,0,0,0,0,0,0,0,0,0.60764705882353,6.9605882352941,8.372692659,11.23576468,24.22988154,24.93600068,23.47839875,29.0480542,26.37646184
Jordan,JOR,0,0,0,0,0,0,0,0,0,2.8,4.59,4.59,5.3,7.063,9.89,10.24,9.53505,10.24135,9.8882,9.8882,10.24135,10.24135,10.94765,23.3079,49.79415,55.0914,79.45875,91.819,103.47295,108.41705,96.7631,45.9095,34.67933,47.710565,15.82112,102.307555,178.3401041,184.6614354,187.8711298,184.7972083,178.1926581,185.1432974,195.6139294,175.8266493,172.3973801
Japan,JPN,898.322173,920.218754,951.288702,1015.502271,1365.777273,1460.639026,1487.350746,1535.256107,1610.646422,1722.90594,1957.723047,2096.483403,2119.891305,2169.729751,2276.717219,2358.926052,2458.567797,2538.105458,2601.194323,2758.477148,2844.130387,2832.777906,2904.337198,3000.534537,2983.62883,2960.994162,3254.014701,3538.178196,3467.673314,3428.906173,3615.466449,4262.909336,4436.95728,4434.838398,4442.500444,4245.114892,4166.716258,4189.317666,4093.717826,3826.0324,3684.97934,3331.95181,3276.785348,3178.187023,3150.565062
Kazakhstan,KAZ,--,--,--,--,--,--,--,--,--,--,--,--,709.83,522.66,529.72,383.429910028653,509.95,494.41,473.221,480.284,490.8785,505.0045,526.1935,321.22524,482.720735,393.05595,376.81105,717.95395,793.1749,470.04265,411.0666,459.095,437.55285,477.81195,463.68595,480.63715,511.9966036,542.716399816,547.4023033,513.2172064,559.6207222,649.2453343,741.7746791,784.8035222,884.409022
Kenya,KEN,0,0,0,0,0,0,0,0,0,0,0,0,0,0,0,0,0,0,0,0,0,0,0,0,0,0,0,0,0,0,0,0,0,0,0,0,0,0,0,0,0,0,0,0,0
Kyrgyzstan,KGZ,--,--,--,--,--,--,--,--,--,--,--,--,84.76,79.1,63.57,31.07,64.42,67.8048,67.59291,67.45165,67.557595,71.19504,42.378,26.027155,32.454485,26.1331,27.40444,27.136046,26.48625,23.145451,16.31553,14.126,15.04419,14.33789,9.316695508,9.411723694,9.839605256,10.52296838,11.60430098,11.22963396,11.83727281,13.96953908,15.54249114,16.28307571,20.25845149
Cambodia,KHM,0,0,0,0,0,0,0,0,0,0,0,0,0,0,0,0,0,0,0,0,0,0,0,0,0,0,0,0,0,0,0,0,0,0,0,0,0,0,0,0,0,0,0,0,0
Kiribati,KIR,0,0,0,0,0,0,0,0,0,0,0,0,0,0,0,0,0,0,0,0,0,0,0,0,0,0,0,0,0,0,0,0,0,0,0,0,0,0,0,0,0,0,0,0,0
Saint Kitts and Nevis,KNA,0,0,0,0,0,0,0,0,0,0,0,0,0,0,0,0,0,0,0,0,0,0,0,0,0,0,0,0,0,0,0,0,0,0,0,0,0,0,0,0,0,0,0,0,0
South Korea,KOR,0,0,0,0,0,0,2.5,75,97,93,107,124,162.554945,203.06125,270.30101,326.840325,431.796505,524.745585,490.8785,597.74169,668.58358,718.80151,823.651745,858.22513,1011.77475,1076.295255,1137.28426,1230.79838,1265.371765,1215.295095,1524.371975,1640.7349,1773.58993,1856.121085,1673.825055,1565.23143,1620.9641664508,1772.091646,2077.912827,1923.680379,1887.518134,2168.412859,2190.223508,2082.728165,2186.635609
Kuwait,KWT,244,100,100,124,144,140,191,284,351,415,218.6,18,92.525,191.407,210.83,210.83,210.83055,327.37005,317.835,305.1216,339.024,300.1775,282.52,321.3665,342.5555,434.3745,438.25915,425.8989,448.5005,437.164385,512.879745,600.00185,641.496975,653.009665,647.641785,738.401335,786.1468094,766.6884097,811.1380504,827.6811217,811.4547152,829.4797911,870.2329549,954.0382695,998.4959453
Laos,LAO,0,0,0,0,0,0,0,0,0,0,0,0,0,0,0,0,0,0,0,0,0,0,0,0,0,0,0,0,0,0,0,0,0,0,0,0,0,0,0,0,0,0,0,0,0
Lebanon,LBN,0,0,0,0,0,0,0,0,0,0,0,0,0,0,0,0,0,0,0,0,0,0,0,0,0,0,0,0,0,1.4126,5.29725,0,0,0,0,0,0,0,0,0,0,0,0,0,0
Liberia,LBR,0,0,0,0,0,0,0,0,0,0,0,0,0,0,0,0,0,0,0,0,0,0,0,0,0,0,0,0,0,0,0,0,0,0,0,0,0,0,0,0,0,0,0,0,0
Libya,LBY,180,110,88,112,122,143,168,161,157,165,175,175.15,174,168.0994,173.39,171.28,184.3443,192.46675,192.46675,149.7356,183.638,190.34785,197.0577,167.74625,209.41795,205.88645,165.803925,187.8758,194.2325,220.9261379,248.1740593,171.9078891,339.02112,387.0544361,354.6891252,290.0572885,459.1933771,492.2119593,437.7621026,322.638558,221.6905388,331.8613118,338.2775986,312.6986369,377.7014892
Saint Lucia,LCA,0,0,0,0,0,0,0,0,0,0,0,0,0,0,0,0,0,0,0,0,0,0,0,0,0,0,0,0,0,0,0,0,0,0,0,0,0,0,0,0,0,0,0,0,0
Sri Lanka,LKA,0,0,0,0,0,0,0,0,0,0,0,0,0,0,0,0,0,0,0,0,0,0,0,0,0,0,0,0,0,0,0,0,0,0,0,0,0,0,0,0,0,0,0,0,0
Lesotho,LSO,0,0,0,0,0,0,0,0,0,0,0,0,0,0,0,0,0,0,0,0,0,0,0,0,0,0,0,0,0,0,0,0,0,0,0,0,0,0,0,0,0,0,0,0,0
Lithuania,LTU,--,--,--,--,--,--,--,--,--,--,--,--,141.26,84.76,81.22,98.88,91.82,102.4135,113.008,75.5741,91.819,97.4694,102.06035,107.00445,103.1198,107.3576,102.76665,121.4836,124.66195,96.40995,109.82965,120.071,117.2458,114.4206,98.1757,88.2514353,77.7276547,81.5938247,75.4782467,78.80912789,84.01550612,80.50875641,54.53832603,52.87147219,64.67470437
Luxembourg,LUX,20,15,11,10,11,12,12,14,15,17,17,18,18.78758,19.529195,19.67,22.46,24.543925,25.00302,25.179595,26.027155,26.662825,27.68696,42.625205,42.554575,47.922455,47.216155,49.546945,46.33328,44.320325,44.814735,48.16966,41.81296,42.87241,36.51571,34.53807,31.112515,28.5698566,27.934192,27.70123768,27.65326203,25.17734864,27.01357178,21.06187945,19.75039743,20.86072691
Latvia,LVA,--,--,--,--,--,--,--,--,--,--,--,--,56.5,28.25,24.72,38.85,35.32,45.9095,45.9095,45.55635,56.504,60.0355,60.0355,63.567,67.45165,68.5111,67.0985,58.26975,44.85005,55.0914,64.308615,56.64526,53.25502,51.595215,46.3686394,46.792375,48.4521659,42.7311845,50.22006123,47.47936846,38.06686276,41.56301807,29.4126777,27.93334491,29.74622504
Macau,MAC,0,0,0,0,0,0,0,0,0,0,0,0,0,0,0,0,0,0,0,0,0,0,0,0,0,0,0,0,0,0,5.4627603136,2.599515067,0,0.0125367185,2.0448977035,0.0681926857,0.354912735,6.2948805897,3.282341986,4.744032944,2.56428305,2.980114609,4.175560944,4.224521086,5.587320192
Morocco,MAR,2.5,3.2,3,3.2,2,3,3,2.1,2.1,2.1,2,1.37417421203438,0.847316905444126,1.059,1.06,0.71,0.71,1.76575,1.76575,1.4126,1.76575,1.76575,1.76575,1.76575,1.4126,15.96051747851,20.1717549188157,22.8884,19.7764,19.7764,20.12955,28.252,44.179065,42.837095,41.6717,42.978355,43.684649,43.331502,39.1812388,37.07146983,29.14934996,29.28930212,8.628542828,32.36948557,32.98279596
Moldova,MDA,--,--,--,--,--,--,--,--,--,--,--,--,77.69,63.57,49.44,49.44,70.63,84.756,81.57765,74.1615,75.22095,72.39575,77.693,84.0497,76.63355,86.52175,93.58475,86.1686,88.9938,82.28395,76.63355,74.51465,122.54305,115.8332,111.24225,96.05935906,97.08433838,88.53817719,96.55908227,98.9798784,99.16127454,108.5405057,83.17770006,60.21587024,77.0539192
Madagascar,MDG,0,0,0,0,0,0,0,0,0,0,0,0,0,0,0,0,0,0,0,0,0,0,0,0,0,0,0,0,0,0,0,0,0,0,0,0,0,0,0,0,0,0,0,0,0
Maldives,MDV,0,0,0,0,0,0,0,0,0,0,0,0,0,0,0,0,0,0,0,0,0,0,0,0,0,0,0,0,0,0,0,0,0,0,0,0,0,0,0,0,0,0,0,0,0
Mexico,MEX,799,865,943,945,946,990,880,893,904,881,918,978.367,991.397995,1058.920275,1101.298275,1106.91336,1167.58453,1240.9691,1423.936115,1371.387395,1472.247035,1494.283595,1684.137035,1893.837505,1988.65828,1947.48099,2173.78,2279.971715,2361.30216,2552.809,2269.231,2329.08,2426.19,2529.17,2569.804,2756,2864.5898247862,2881.5005476463,3118.367709,3150.613692,3163.33811,3294.878543,3255.470519,3487.188913,3453.647179
Middle East,MIDE,1294.023307,1299.8,1214,1427.8,1901,2279.19016261,2533.0323,2929.1,3275.4,3592.6079225,3427.40906,3541.97778,4041.53114,4274.3127,4540.07,4735.03,5113.612,5849.22345,6236.629,6449.2253,6822.1517,7020.622,7661.9424,8007.41417,8573.6077,9829.22395,10264.30475,10764.27815,11810.8071995,12689.8998382,13534.719305,14320.866769,14949.579702,15491.947253,16201.53141,17065.188644,17865.87276049,18172.9366756448,18629.3894718,19298.8779035,19747.1180321,20297.4744825,20738.231436,21713.8040421,22000.7838913
North Macedonia,MKD,--,--,--,--,--,--,--,--,--,--,--,--,9.42147117296223,10.42,0,0,0,0,0.7063,1.4126,0,0,0,0,3.5315,3.5315,3.5315,2.8252,2.47205,2.8252,2.8252,4.2378,2.8252,1.4126,4.709698,4.744845,7.416017,9.524837,8.822002441,10.26285371,11.80284372,15.26523817,10.13517764,12.58728915,11.86467976
Mali,MLI,0,0,0,0,0,0,0,0,0,0,0,0,0,0,0,0,0,0,0,0,0,0,0,0,0,0,0,0,0,0,0,0,0,0,0,0,0,0,0,0,0,0,0,0,0
Malta,MLT,0,0,0,0,0,0,0,0,0,0,0,0,0,0,0,0,0,0,0,0,0,0,0,0,0,0,0,0,0,0,0,0,0,0,0,0,0,10.1000042,12.16109457,13.73705398,14.77795812,17.5526562,14.14909181,15.85948816,15.45148776
Burma,MMR,11,12,16,19,23,28,38,40,37,38,38,36.4071104536489,35.85,38.846,50.5,57.92,56.504,53.32565,62.1544,57.56345,65.6859,69.2174,77.693,88.64065,94.29105,146.2041,127.8403,145.4978,135.96275,114.77375,114.4206,117.9521,123.6025,128.19345,121.4836,126.78085,155.5976452,159.0231711,146.1012689,129.3388492,154.2689884,148.5589425,152.2280502,133.0192608,142.1594412
Montenegro,MNE,--,--,--,--,--,--,--,--,--,--,--,--,--,--,--,--,--,--,--,--,--,--,--,--,--,--,0,0,0,0,0,0,0,0,0,0,0,0,0,0,0,0,0,0,0
Mongolia,MNG,0,0,0,0,0,0,0,0,0,0,0,0,0,0,0,0,0,0,0,0,0,0,0,0,0,0,0,0,0,0,0,0,0,0,0,0,0,0,0,0,0,0,0,0,0
Northern Mariana Islands,MNP,0,0,0,0,0,0,0,0,0,0,0,0,0,0,0,0,0,0,0,0,0,0,0,0,0,0,0,0,0,0,0,0,0,0,0,0,0,0,0,0,0,0,0,0,0
Mozambique,MOZ,0,0,0,0,0,0,0,0,0,0,0,0,0,0,0,0,0,0,2.1189,2.1189,2.1189,2.1189,2.1189,2.8252,2.47205,4.59095,5.29725,7.063,6.3567,5.29725,2.8252,18.3638,45.55635,55.0914,63.567,66.921925,62.719475700001,64.6970989,42.3816988,49.35619645,46.85417008,50.20920784,55.6692136,56.66780738,67.67384552
Mauritania,MRT,0,0,0,0,0,0,0,0,0,0,0,0,0,0,0,0,0,0,0,0,0,0,0,0,0,0,0,0,0,0,0,0,0,0,0,0,0,0,0,0,0,0,0,0,0
Montserrat,MSR,0,0,0,0,0,0,0,0,0,0,0,0,0,0,0,0,0,0,0,0,0,0,0,0,0,0,0,0,0,0,0,0,0,0,0,0,0,0,0,0,0,0,0,0,0
Martinique,MTQ,0,0,0,0,0,0,0,0,0,0,0,0,0,0,0,0,0,0,0,0,0,0,0,0,0,0,0,0,0,0,0,0,ie,ie,ie,ie,ie,ie,ie,ie,ie,ie,ie,ie,ie
Mauritius,MUS,0,0,0,0,0,0,0,0,0,0,0,0,0,0,0,0,0,0,0,0,0,0,0,0,0,0,0,0,0,0,0,0,0,0,0,0,0,0,0,0,0,0,0,0,0
Malawi,MWI,0,0,0,0,0,0,0,0,0,0,0,0,0,0,0,0,0,0,0,0,0,0,0,0,0,0,0,0,0,0,0,0,0,0,0,0,0,0,0,0,0,0,0,0,0
Malaysia,MYS,56,62,53,77,152,225,279,265,289,297,197.41085,233.079,253.91485,325.95745,411.0666,484.87495,498.6478,564.3337,579.51915,566.4526,684.4047,719.7197,842.96905,846.1474,752.9158,979.28495,1142.44025,1062.9815,1131.13945,1099.7091,1151.9753,1100.06225,1114.89455,1158.68515,1242.417015,1119.83865,1045.5012065,1075.4480721,1349.341825,1367.67211,1265.362121,1518.762574,1652.160392,1582.559286,1673.884089
Namibia,NAM,--,--,--,--,--,--,--,--,--,--,0,0,0,0,0,0,0,0,0,0,0,0,0,0,0,0,0,0,0,0,0,0,0,0,0,0,0,0,0,0,0,0,0,0,0
New Caledonia,NCL,0,0,0,0,0,0,0,0,0,0,0,0,0,0,0,0,0,0,0,0,0,0,0,0,0,0,0,0,0,0,0,0,0,0,0,0,0,0,0,0,0,0,0,0,0
Niger,NER,0,0,0,0,0,0,0,0,0,0,0,0,0,0,0,0,0,0,0,0,0,0,0,0,0,0,0,0,0,0,0,0,0,0,0,0,0,0,1.249721879,1.335586,1.3419586,1.047080855,1.047575261,1.047575261,0.951130815
Nigeria,NGA,38,76,50,81,97,108,116,131,133,166,131,168,173.0435,178.3408,160.68,183.28,192.8199,206.59275,208.3585,219.30615,237.66995,219.30615,224.6034,300.53065,329.1358,365.8634,385.6398,374.339,433.491625,146.9104,177.63445,542.191195,547.3825,584.8164,667.488815,664.6283,652.9744484,609.2901645,654.4501645,663.4789188,693.1678736,709.8689015,662.6483801,672.0384882,708.9045277
Nicaragua,NIC,0,0,0,0,0,0,0,0,0,0,0,0,0,0,0,0,0,0,0,0,0,0,0,0,0,0,0,0,0,0,0,0,0,0,0,0,0,0,0,0,0,0,0,0,0
Niue,NIU,0,0,0,0,0,0,0,0,0,0,0,0,0,0,0,0,0,0,0,0,0,0,0,0,0,0,0,0,0,0,0,0,0,0,0,0,0,0,0,0,0,0,0,0,0
Netherlands,NLD,1493,1421,1511,1451,1540,1624,1620,1672,1513,1550,1535,1741.700485,1668.91627,1743.395605,1684.772705,1729.44618,1916.650995,1795.803065,1773.37804,1732.76579,1737.63926,1772.707055,1754.696405,1766.66819,1809.68186,1757.239085,1687.91574,1641.405885,1712.00057,1728.45736,1939.21728,1693.601455,1608.88077,1627.10331,1421.71127,1408.57409,1468.2206183,1531.9636518,1501.836206,1570.401501,1536.972678,1483.804773,1177.608314,1107.914647,1123.084465
Netherlands Antilles,NLDA,0,0,0,0,0,0,0,0,0,0,0,0,0,0,0,0,0,0,0,0,0,0,0,0,0,0,0,0,0,0,0,0,0,0,0,0,0,0,0,0,0,0,0,0,0
North America,NOAM,22559.293,22110.858,20803.055,19642.912,20913.527,20435.943,19231.296,20215.809,21264.585,22426.997,22469.176,22940.914,23815.315995,24539.477275,25085.986275,26186.28236,26693.860105,26865.559844,26467.405346,26884.081677,27796.724862,26854.329704,27884.564072,27543.275087,27732.179399,27106.009613,27155.945509,28434.274137,28575.458397,28574.491533,29792.495073,30362.831522,31681.968895,32645.030443,33262.897792,34053.278385,34257.9499847862,34207.5235166463,37673.198018,38725.886112,38053.20409,38380.180894,40216.738995,40846.51465,41417.487111
Non-OECD,NOEC,19289.623307,20446.6,21922.6,23838,26524.6,28969.19016261,30821.0323,32427.7,34759.1,36036.5079225,36123.09661073543,36556.89696744766,35708.96834414488,36348.00672747974,35154.72807108882,34865.23949119866,34767.59983641834,34926.0017435,35252.70434,35958.389859,37596.52247434097,38086.8708185,40545.85620188406,42688.53240985915,44182.94370099878,46937.88473323709,50029.46012010678,51933.705336486,54547.899799208,51949.727970482,58455.4227017596,62068.025127933,63612.646827581135,64369.0071838525,65759.77522096703,66298.22704284254,67657.92116369969,70162.3197977052,73580.44053543,74389.657578662,74722.853482842,80030.618310172,78785.898644143,81458.053295754,84047.567655583
Norway,NOR,35,34,39,46,41,47,87,60,70,73,80,78,130.59487,90.05,92.88,101.35,102.4135,128.19345,127.134,155.03285,140.20055,162.80215,189.9947,222.13135,282.16685,187.1695,119.3647,156.0923,122.8962,230.60695,194.44439,161.0364,153.2671,181.87225,240.9356659,249.8332901,243.1350786,250.5331032,235.1372142,239.8359595,228.838896,207.3446353,199.7466641,193.1484259,166.8554466
Nepal,NPL,0,0,0,0,0,0,0,0,0,0,0,0,0,0,0,0,0,0,0,0,0,0,0,0,0,0,0,0,0,0,0,0,0,0,0,0,0,0,0,0,0,0,0,0,0
Nauru,NRU,0,0,0,0,0,0,0,0,0,0,0,0,0,0,0,0,0,0,0,0,0,0,0,0,0,0,0,0,0,0,0,0,0,0,0,0,0,0,0,0,0,0,0,0,0
New Zealand,NZL,39,47,80,84,105,134,157,151,165,168,169,182,195.00943,175.1617,174.773935,166.015815,186.32194,198.788135,174.985825,200.30668,212.349095,227.85238,213.23197,164.673845,145.70969,145.70969,136.492475,152.84332,146.55725,150.053435,166.227705,152.737375,159.094075,169.759205,189.606235,178.6939,178.7998441,182.7550905,162.6786586,174.6750706,170.3756048,146.672025,138.3196394,144.8490096,116.470611
OECD - Asia And Oceania,OEAO,1259.322173,1335.218754,1438.288702,1512.502271,1910.777273,2057.639026,2162.850746,2293.256107,2427.646422,2553.90594,2858.723047,2986.483403,3081.165605,3178.112701,3383.100854,3561.472432,3795.876217,3979.628443,4018.703108,4315.621443,4522.016667,4620.529151,4864.990683,4993.289357,5145.224665,5197.139962,5546.911706,6054.018796,6033.096174,6006.124243,6532.979859,7302.859851,7661.534615,7793.083008,7666.088959,7395.989822,7341.8913535508,7583.1707505,7790.5794766,7686.4482476,7480.5370838,7343.015456,7454.7433434,7171.8317586,7192.722713
OECD,OECD,33632.615173,33078.076754,31720.543702,30797.214271,33162.904273,33196.582026,32324.546746,33822.165107,34804.631422,36638.30294,37147.360467,38499.336543,39522.474385,40854.442876,41798.567824,44103.314377,46018.315772,46244.258722,46429.100519,47809.301125,49389.376859,49087.75601,50660.93429,51045.120629,52208.905694,52168.896525,52493.91294,54149.644823,54731.699351,53747.221216,57183.432572,57005.456713,58014.932475,59103.56522,58131.44445084,59219.45402226,60353.46044229262,61422.8247047863,64803.87685706,66113.37637197,64543.14394841,65934.09031041,65656.64943682,64787.58453941,65421.69507133
OECD - Europe,OEEU,9625,9436,9321.2,9491.8,10145.6,10513,10759,11145,10930,11453,11601.40242,12363.88014,12419.993185,12916.99345,13097.460695,14127.069585,15296.5599,15088.651585,15607.146415,16264.217305,16672.63528,17151.330105,17423.326235,17996.17085,18764.660565,19287.605085,19213.26701,19171.771885,19681.7558,18616.44351,20194.17645,18682.447245,18042.78665,17878.07749,16303.70656184,16847.40535626,17784.81900204,18651.82505544,18299.89992406,18605.65177777,17931.00332041,19083.47259331,16862.99183182,15578.04953631,15584.99089883
OECD - North America,OENA,22559.293,22110.858,20803.055,19642.912,20913.527,20435.943,19231.296,20215.809,21264.585,22426.997,22469.176,22940.914,23815.315995,24539.477275,25085.986275,26186.28236,26693.860105,26865.559844,26467.405346,26884.081677,27796.724862,26854.329704,27884.564072,27543.275087,27732.179399,27106.009613,27155.945509,28434.274137,28575.458397,28574.491533,29792.495073,30362.831522,31681.968895,32645.030443,33262.897792,34053.278385,34257.9499847862,34207.5235166463,37673.198018,38725.886112,38053.20409,38380.180894,40216.738995,40846.51465,41417.487111
Oman,OMN,28,33,41,51,47,55,70,80,73,99,99,107.72,116.89265,139.84695,146.56,129.61,127.8403,158.56435,231.6664,181.5191,221.42505,223.8971,230.9601,225.66285,236.25735,330.19525,380.34255,384.3084245,477.4588,520.18995,618.7188,619.4251,745.49965,743.38075,798.013055,774.1048,770.10364449,775.1424871448,844.1877494,848.8869384,839.8456835,918.1090269,966.6039851,1019.747947,1050.178518
OPEC - Africa,OPAF,680.9,534.7,693.6,855,905,839,887.4,954.1,1005.5,994.2,990,1121.6985921680994,1080.575,1005.0647,1028.01,1100.06,1142.7934,1114.5414,1141.3808,1125.8422,1151.269,1135.37725,1190.46865,1242.02855,1226.48995,1471.752625,1511.305425,1562.2614385,1673.931,1459.6350779,1535.0526593,1975.5508841,2267.18029552,2276.512273,2526.07274053,2471.44180422,2642.76531765,2682.28164125,2797.68626253,2749.44084063,2642.06808111,2933.49685705,2983.5417066,2997.72742806,3116.71310769
OPEC,OPEC,2157.923307,2082.7,2138.6,2483,3016,3319.19016261,3641.0323,4021.1,4455.5,4816.6079225,4543.64006,4717.334372168099,5001.90836,5105.2047,5446.61,5774.98,6221.0904,6832.0399,7227.92105,7326.09675,7652.0542,8174.36305,8646.87775,8848.61747,9325.1109,10465.211785,10886.378475,11222.122999,12273.7515345,12671.6021661,13373.3806243,14666.2419381,15216.65965752,15385.615216,16281.05158053,17144.14514322,18128.24084495,18363.34873855,18640.09556823,19057.28886693,19429.85333461,20116.71350675,20703.5929068,21428.05359716,21868.34482019
Non-OPEC,OPNO,50764.315173,51441.976754,51504.543702,52152.214271,56671.504273,58846.582026,59504.546746,62228.765107,65108.231422,67858.20294,68726.81701773543,70338.89913827956,70229.53436914488,72097.24490347975,71506.68589508883,73193.57386819867,74564.82520841833,74338.2205655,74453.883809,76441.594234,79333.84513334098,79000.2637785,82559.91274188405,84885.03556885915,87066.73849499879,88641.56947323709,91636.99458510678,94861.227160486,97005.847615708,93025.347020382,102265.4746494596,104407.239902833,106410.91964506113,108086.9571878525,107610.16809127702,108373.53592188255,109883.14076104232,113221.79576394151,119744.22182426,121445.745083702,119836.144096642,125847.995113832,123738.955174163,124817.584238004,127600.917906723
OPEC - South America,OPSA,517,572,600,576,610,618,674,657,656,769,760.88,793.48,763.43967,815,876.16,890.22,960.568,993.7641,1110.3036,945.7357,960.568,1119.83865,1003.29915,861.686,960.568,827.92486,918.19,735.576135,785.75875,714.42245,747.75981,807.971885,867.54829,834.8466,837.565855,935.953445,971.9389743,956.3651916,823.1799863,702.2743063,675.3392956,750.8798251,833.3942476,847.2156673,898.0486073
Pakistan,PAK,286,316,354,342,354,365,392,419,445,475,482,534,550.715,583,627.19,645.91,696.4118,698.5307,709.8315,783.993,855.68245,774.45795,808.7135,889.938,967.631,1087.702,1275.5778,1299.592,1341.97,1367.04365,1399.53345,1382.58225,1383.179749,1352.35583,1340.701979,1396.796616,1466.58106,1557.340845,1626.883177,1445.420138,1428.052581,1406.562744,1268.458678,1251.987229,1216.819545
Panama,PAN,0,0,0,0,0,0,0,0,0,0,0,0,0,0,0,0,0,0,0,0,0,0,0,0,0,0,0,0,0,0,0,0,0,0,0,0,0,0,9.828420734,20.29479516,13.24428,10.47783101,13.759,19.94484887,19.61
Peru,PER,40,49,46,46,46,47,49,47,44,41,19,18.3642626480086,17.87178,33.9,34.61,32.84,34.25555,8.4756,14.47915,14.47915,12.0071,13.06655,15.5386,18.3638,30.3709,55.7977,62.8607,94.29105,128.89975,122.54305,193.87935,201.64865,233.43215,247.9113,270.5129,275.10385,293.49121685938,264.26294390149,268.6243,282.3713461,238.0409612,283.4528049,321.2520353,334.8886301,323.6050184
Persian Gulf,PERG,1244.023307,1253,1161,1366,1843,2217.19016261,2452.6323,2825,3183,3454.4079225,3219.76006,3304.60878,3791.44449,3995.6778,4248.37,4490.64,4833.56405,5518.67505,5791.30685,6044.16225,6374.71065,6588.71955,7179.5395,7515.82937,8013.15865,9204.14845,9549.52915,10036.0016255,10965.7192495,11683.4223382,12311.407705,13228.220669,13873.107872,14297.558638,14915.182535,15702.488739,16414.5082382,16694.3606824,17082.4062449,17747.4064048,18226.2428787,18624.3434609,19014.0304142,19949.1648229,20167.6862144
Philippines,PHL,0,0,0,0,0,0,0,0,0,0,0,0,0,0,0,0.35,0.35315,0.35315,0.35315,0.35315,0.35315,7.063,67.0985,81.2245,77.693,74.1615,77.693,102.4135,103.8261,111.24225,101.0009,111.24225,97.11625,123.920335,124.7612907,117.2861989,134.4903953,132.5854279,148.6336887,149.6972018,135.9373075,115.834803,106.9183357,103.5082632,116.0822966
Papua New Guinea,PNG,0,0,0,0,0,0,0,0,0,0,0,0,2.12,2.8252,1.77,3.53,4.59095,3.88465,3.88465,3.88465,3.88465,3.88465,3.88465,4.9441,4.9441,3.5315,4.9441,4.80284,4.59095,3.5315,3.88465,3.5315,3.5315,3.88465,3.5315,3.5315,3.5315,3.5315,8.374016153,9.473798161,5.896857143,5.896857143,28.11121656,8.735707345,15.78319248
Poland,POL,418,412,402,411,433,443,464,474,469,461,427,399,373.06766,393.4091,393.373785,415.86944,462.520555,462.944335,462.20272,437.800055,472.620645,481.520025,473.99793,516.94097,549.254195,573.197765,571.573275,570.655085,575.21072,564.68685,605.828825,606.64107,639.095555,643.757135,623.59227,642.80363,671.761684,709.7249865,714.2192685,730.8878069,754.9628974,809.4439798,697.1260356,717.1904708,784.520595
Puerto Rico,PRI,0,0,0,0,0,0,0,0,0,0,0,0,0,0,0,0,0,0,0,0,12.36025,22.24845,22.24845,26.1331,24.0142,23.66105,25.4268,26,28.486,26.723,27.193,26.48625,48.0284,56.706929,58.713233,55.373429,61.334954,46.432854,60.268787,68.721584,48.258433,71.499424,49.497349,81.76982,88.8455
North Korea,PRK,0,0,0,0,0,0,0,0,0,0,0,0,0,0,0,0,0,0,0,0,0,0,0,0,0,0,0,0,0,0,0,0,0,0,0,0,0,0,0,0,0,0,0,0,0
Portugal,PRT,0,0,0,0,0,0,0,0,0,0,0,0,0,0,0,0,0,3.5315,28.46389,79.38812,80.5182,89.806045,109.935595,106.545355,132.7844,150.37127,146.168785,153.40836,166.6868,167.569675,181.5191,183.07296,158.56435,150.58316,144.049885,168.31129,177.2812238,220.6476754,201.2014729,211.0542742,209.6264302,201.8648243,194.7084416,154.7276103,126.8960246
Paraguay,PRY,0,0,0,0,0,0,0,0,0,0,0,0,0,0,0,0,0,0,0,0,0,0,0,0,0,0,0,0,0,0,0,0,0,0,0,0,0,0,0,0,0,0,0,0,0
Palestinian Territories,PSE,--,--,--,--,--,--,--,--,--,--,--,--,--,--,--,--,--,0,0,0,0,0,0,0,0,0,0,0,0,0,0,0,0,0,0,0,0,0,0,0,0,0,0,0,0
French Polynesia,PYF,0,0,0,0,0,0,0,0,0,0,0,0,0,0,0,0,0,0,0,0,0,0,0,0,0,0,0,0,0,0,0,0,0,0,0,0,0,0,0,0,0,0,0,0,0
Qatar,QAT,184,157,186,174,209,191,193,198,207,215,222,269.453,445.675,476.7525,476.74,476.75,483.8155,513.4801,522.30885,492.64425,531.8439,355.2689,392.34965,431.19615,530.78445,660.3905,692.52715,695.7055,713.398315,745.1465,769.867,899.8262,1307.3613,1468.856795,1450.38705,1418.356345,1359.5926842,1408.5388584,1495.817224,1517.153453,1487.38644,1543.070977,1488.022903,1711.168176,1652.668093
Reunion,REU,0,0,0,0,0,0,0,0,0,0,0,0,0,0,0,0,0,0,0,0,0,0,0,0,0,0,0,0,0,0,0,0,ie,ie,ie,ie,ie,ie,ie,ie,ie,ie,ie,ie,ie
Romania,ROU,1251,1267,1411,1446,1395,1336,1410,1405,1306,1384,1261,1040,935.85,908.302,850.74,900.53,893.82,829.9025,649.796,621.544,600.355,695.7055,646.2645,635.67,635.67,642.733,657.5653,605.2991,560.8022,454.50405,454.50405,486.35818,475.90494,426.569885,398.70635,387.40555,386.3814237,408.7003141,404.9133303,377.7132427,392.3471592,416.3814612,344.447183,329.5131967,325.6960308
Russia,RUS,--,--,--,--,--,--,--,--,--,--,--,--,16481.51,16184.86,15213.7,14507.4,13085.6201,12298.44875,12603.57035,12582.38135,13058.7807,12905.5136,13564.13835,14204.3993,14567.08435,14330.47385,15223.94335,15226.76855,15545.663,13504.80915,16333.54065,16872.0944,16561.3224,16308.82015,16217.00115,15538.24685,15490.7132638,15857.9646,16676.96759,16280.46614,15614.21371,17421.2203,16462.4668,16754.96787,17650.88125
Rwanda,RWA,0,0,0,0,0,0,0,0,0,0,0,0,0,0,0,0,0,0,0,0,0,0,0,0,0,0,0,0,0,0,0,0,0,0,0.140588,0.210882,1.019263,1.057889553,1.742271937,2.128678055,2.08416765,2.221047427,2.259081359,3.191707271,3.191707271
Saudi Arabia,SAU,334,564,430,418,620,716,890,946,1028,1052,1077,1130,1200.71,1267.8085,1331.37,1343.38,1459.9221,1601.1821,1653.4483,1631.553,1759.04015,1896.06235,2002.3605,2121.0189,2319.4892,2515.8406,2594.2399,2628.1423,2840.7386,2770.46175,3095.7129,3258.1619,3439.32785,3461.92945,3547.39175,3614.1371,3739.1158233,3858.867971,3928.061466,3982.174327,4017.991135,4081.529088,4303.814088,4280.819088,4357.305617
Former Serbia and Montenegro,SCG,--,--,--,--,--,--,--,--,--,--,--,--,71.546,33.97303,57.57,39.02,98.211015,97.18688,103.8261,61.059635,19.176045,21.25963,80.87135,77.693,82.6371,84.756,--,--,--,--,--,--,--,--,--,--,--,--,--,--,--,--,--,--,--
Sudan,SDN,0,0,0,0,0,0,0,0,0,0,0,0,0,0,0,0,0,0,0,0,0,0,0,0,0,0,0,0,0,0,0,0,0,0,0,0,0,0,0,0,0,0,0,0,0
Senegal,SEN,0,0,0,0,0,0,0,0,0,0,0,0,0,0.7063,1.41,1.77,2.1189,1.4126,1.4126,1.4126,1.76575,1.76575,1.76575,1.76575,1.76575,1.76575,1.76575,1.76575,1.76575,1.76575,1.76575,1.4126,1.13008,2.1189,2.1189,2.18953,2.1189006,2.1189006,2.1189006,2.303703526,2.258587785,1.930902683,1.224608683,1.224608683,1.224608683
Singapore,SGP,0,0,0,0,0,0,0,0,0,0,0,0,38.85,52.97,52.97,52.97,52.9725,52.9725,52.9725,52.9725,52.9725,41.6717,41.31855,187.8758,233.43215,233.43215,233.43215,304.4153,323.83855,284.6389,296.646,298.7649,341.42542,385.533855,437.55285,428.0178,437.18963494502,457.76034399811,461.3782004,470.8986273,474.1581553,493.131674,484.4933453,449.8849393,488.7724628
Saint Helena,SHN,0,0,0,0,0,0,0,0,0,0,0,0,0,0,0,0,0,0,0,0,0,0,0,0,0,0,0,0,0,0,0,0,0,0,0,0,0,0,0,0,0,0,0,0,0
Solomon Islands,SLB,0,0,0,0,0,0,0,0,0,0,0,0,0,0,0,0,0,0,0,0,0,0,0,0,0,0,0,0,0,0,0,0,0,0,0,0,0,0,0,0,0,0,0,0,0
Sierra Leone,SLE,0,0,0,0,0,0,0,0,0,0,0,0,0,0,0,0,0,0,0,0,0,0,0,0,0,0,0,0,0,0,0,0,0,0,0,0,0,0,0,0,0,0,0,0,0
El Salvador,SLV,0,0,0,0,0,0,0,0,0,0,0,0,0,0,0,0,0,0,0,0,0,0,0,0,0,0,0,0,0,0,0,0,0,0,0,0,0,0,0,0,0,0,8.907577645,23.33053394,16.29177422
Somalia,SOM,0,0,0,0,0,0,0,0,0,0,0,0,0,0,0,0,0,0,0,0,0,0,0,0,0,0,0,0,0,0,0,0,0,0,0,0,0,0,0,0,0,0,0,0,0
Saint Pierre and Miquelon,SPM,0,0,0,0,0,0,0,0,0,0,0,0,0,0,0,0,0,0,0,0,0,0,0,0,0,0,0,0,0,0,0,0,0,0,0,0,0,0,0,0,0,0,0,0,0
Serbia,SRB,--,--,--,--,--,--,--,--,--,--,--,--,--,--,--,--,--,--,--,--,--,--,--,--,--,--,81.2245,77.693,79.45875,61.4481,76.9867,83.69655,98.882,79.45875,67.0985,76.9867,83.2374019,93.21598667,93.86427309,87.74528583,87.99723142,105.9623843,102.4481479,99.72386602,100.8484273
South Sudan,SSD,--,--,--,--,--,--,--,--,--,--,--,--,--,--,--,--,--,--,--,--,--,--,--,--,--,--,--,--,--,--,--,--,0,0,0,0,0,0,0,0,0,0,0,0,0
Sao Tome and Principe,STP,0,0,0,0,0,0,0,0,0,0,0,0,0,0,0,0,0,0,0,0,0,0,0,0,0,0,0,0,0,0,0,0,0,0,0,0,0,0,0,0,0,0,0,0,0
Former U.S.S.R.,SUN,13328,14440,15522,16822,18512,20302,21522,22462,24092,24529,24961,25014,--,--,--,--,--,--,--,--,--,--,--,--,--,--,--,--,--,--,--,--,--,--,--,--,--,--,--,--,--,--,--,--,--
Suriname,SUR,0,0,0,0,0,0,0,0,0,0,0,0,0,0,0,0,0,0,0,0,0,0,0,0,0,0,0,0,0,0,0,0,0,0,0.175735,0.140588,0.175735,0.181850578,0.197772169,0.215029346,0.233465482,0.252252902,0.254513043,0.251617238,0.251617238
Slovakia,SVK,--,--,--,--,--,--,--,--,--,--,--,--,--,220.3656,208.3585,272.99,240.77767,244.627005,248.723545,250.94839,252.00784,269.559395,256.03375,246.816535,237.3168,255.221505,232.196125,219.51804,222.76702,190.595055,215.386185,198.82345,186.781035,194.58565,160.153525,163.826285,166.5455169,165.238873,163.200347,166.7671317,174.0378281,194.5203541,160.9007597,150.9420143,156.5923663
Slovenia,SVN,--,--,--,--,--,--,--,--,--,--,--,--,24.36,30.01775,28.96,34.61,44.85,31.71287,33.513935,34.96185,35.66815,36.7276,35.562205,35.80941,38.98776,40.294415,39.023075,39.658745,38.104885,36.09193,37.4339,31.99539,30.79468,30.01775,27.157235,28.81704,30.582775,32.0306777,31.43008576,27.93393046,31.93981814,33.66020907,29.92843409,29.24311702,31.64451662
Sweden,SWE,0,0,0,0,0,3,8,11,13,19,23,24,27.369125,30.16,29.6646,30.02,31.0772,31.253775,30.406215,30.900625,28.428575,31.0772,31.35972,32.70169,31.465665,28.9583,29.31145,32.84295,27.792905,43.331505,55.51518,46.439225,41.60107,38.034255,31.45281154,28.55816446,32.40592704,38.40702464,38.40702464,39.9602499,45.05412275,43.36035874,31.93642246,32.08834545,32.97966888
Eswatini,SWZ,0,0,0,0,0,0,0,0,0,0,0,0,0,0,0,0,0,0,0,0,0,0,0,0,0,0,0,0,0,0,0,0,0,0,0,0,0,0,0,0,0,0,0,0,0
Seychelles,SYC,0,0,0,0,0,0,0,0,0,0,0,0,0,0,0,0,0,0,0,0,0,0,0,0,0,0,0,0,0,0,0,0,0,0,0,0,0,0,0,0,0,0,0,0,0
Syria,SYR,17,8.8,9,8.8,9,5,9,22,18,35,103,124,127.134,130.6655,134.19,103.83,141.9663,161.0364,203.06125,213.3026,215.4215,197.41085,240.142,241.90775,250.7365,215.4215,220.71875,211.89,213.3026,262.0373,340.08345,286.7578,227.78175,187.1695,173.0435,151.8545,132.431415,130.674065,129.971125,124.699075,97.392443,149.305052,129.52882,132.353996,132.353996
Turks and Caicos Islands,TCA,0,0,0,0,0,0,0,0,0,0,0,0,0,0,0,0,0,0,0,0,0,0,0,0,0,0,0,0,0,0,0,0,0,0,0,0,0,0,0,0,0,0,0,0,0
Chad,TCD,0,0,0,0,0,0,0,0,0,0,0,0,0,0,0,0,0,0,0,0,0,0,0,0,0,0,0,0,0,0,0,0,0,0,0,0,0,0,0,0,0,0,0,0,0
Togo,TGO,0,0,0,0,0,0,0,0,0,0,0,0,0,0,0,0,0,0,0,0,0,0,0,0,0,0,0,0,0,0,0,0,0,0,0,0.843528,0.35147,1.370733,1.581615,3.992066554,4.107311498,5.377192795,6.242544204,5.047212239,5.047212239
Thailand,THA,0,40,47,57,70,128,112,132,193,182,208,236,249,310.41885,341.84,367.63,428.37095,537.84745,568.5715,628.607,704.53425,837.31865,924.5467,1018.83775,1055.56535,1149.8564,1175.9895,1250.151,1317.60265,1383.28855,1589.52815,1630.8467,1792.5894,1842.0304,1860.923925,1876.886305,1835.2855884,1858.5579757,1856.292294,1888.767061,1716.506013,1722.182631,1587.986771,1583.082543,1602.104877
Tajikistan,TJK,--,--,--,--,--,--,--,--,--,--,--,--,67.1,49.44,56.5,28.5,43.37,40.2591,39.5528,41.31855,44.14375,45.9095,42.02485,47.67525,49.052535,50.50045,45.06194,23.3079,15.18545,8.016505,7.98119,7.027685,7.168945,7.451465,7.91056,0.7063,0.67082734375,0.6700390625,2.567977063,2.983111663,2.986760523,2.986760523,2.025812221,1.444002538,4.094300144
Turkmenistan,TKM,--,--,--,--,--,--,--,--,--,--,--,--,141.26,144.79,148.32,169.51,169.51,162.449,155.386,197.764,261.331,339.024,406.1225,554.4455,585.16955,628.607,440.0249,409.654,289.583,627.9007,756.09415,907.94865,1068.27875,1085.22995,1094.765,1407.72653,1407.72653,1388.399603244,1388.399603,1421.413215,1451.136998,1451.136998,1475.716029,1497.399255,1527.063603
Timor-Leste,TLS,--,--,--,--,--,--,--,--,--,--,--,--,--,--,--,--,--,--,--,--,--,--,--,0,0,0,0,0,0,0,0,0,0,0,0,0,0,0,0,0,0,0,0,0,0
Tonga,TON,0,0,0,0,0,0,0,0,0,0,0,0,0,0,0,0,0,0,0,0,0,0,0,0,0,0,0,0,0,0,0,0,0,0,0,0,0,0,0,0,0,0,0,0,0
Trinidad and Tobago,TTO,81,81,102,127,192,216,152,143,154,162,177,201,194.2325,218,249.68,268.04,302.64955,328.4295,328.4295,336.9051,354.20945,396.9406,423.0737,509.59545,471.8084,534.31595,713.00985,715.12875,774.8111,740.2024,823.5458,835.90605,804.82885,885.7002,684.5308111,678.0980489,606.4927563,615.4199835,622.4515913,631.4671383,573.7733631,576.3092844,563.2903789,545.5888149,549.0364125
Tunisia,TUN,13,14,18,20,35,42,39,45,39,55,54,15.8745,29.8286,52.97,68.86,57.56,66.74535,90.75955,103.8261,105.945,108.7702,135.25645,135.6096,130.31235,130.6655,151.8545,134.197,99.94145,154.32655,108.0639,115.8332,116.89265,132.43125,145.14465,160.718565,160.506675,169.5472382,180.636054,183.8867895,191.7333575,182.9896654,198.2082176,194.5157125,192.0928063,190.0850596
Turkiye,TUR,0,0,1,2.5,1.4,2,16,26,43,114,122.47242,149.629655,163.64971,181.87225,192.32549,248.229135,290.07741,346.087,365.545565,442.42632,523.898025,563.06236,621.12022,748.007015,792.574545,966.748125,1101.227645,1292.493685,1294.118175,1240.086225,1346.455005,1578.08609,1598.14501,1621.59417,1720.75869,1697.30953,1638.4399251,1892.8117092,1742.644394,1586.986661,1699.245194,2098.692802,1890.080173,1773.180751,1879.644317
Tuvalu,TUV,0,0,0,0,0,0,0,0,0,0,0,0,0,0,0,0,0,0,0,0,0,0,0,0,0,0,0,0,0,0,0,0,0,0,0,0,0,0,0,0,0,0,0,0,0
Taiwan,TWN,43,53,32,47,52,50,40,43,24,50,80,105,114.6610528,111.24,140.55,150.8,156.7986,186.81635,218.953,220.3656,242.61405,241.5546,287.11095,293.46765,352.4437,367.62915,375.39845,402.23785,412.12605,427.3115,535.3754,572.8093,538.41249,550.737425,647.359265,696.62369,726.4292968,793.1387651,791.3064817,773.145359,854.3756541,933.1341449,970.8464305,956.5355368,1021.070185
Tanzania,TZA,0,0,0,0,0,0,0,0,0,0,0,0,0,0,0,0,0,0,0,0,0,0,0,0,4.2,14.4,17.8,18.71695,19.8,23.23727,27.5457,17.6575,20.4827,22.95475,19.7465,23.6155,31.755,33.434,44.9315,48.691,41.96633905,50.31455755,65.49740652,73.10839535,70.34600889
Uganda,UGA,0,0,0,0,0,0,0,0,0,0,0,0,0,0,0,0,0,0,0,0,0,0,0,0,0,0,0,0,0,0,0,0,0,0,0,0,0,0,0,0,0,0,0,0,0
Ukraine,UKR,--,--,--,--,--,--,--,--,--,--,--,--,3503.25,3870.52,3326.67,2969.99,2934.68,2832.263,2606.247,2754.57,2779.2905,2616.8415,2779.2905,3022.964,2549.743,2553.2745,2616.8415,2888.767,2853.452,1559.5104,1892.884,2281.349,1862.15995,1709.246,1416.1315,1171.928275,1136.1092137,1092.0364681,1096.268799,1002.643588,1046.234704,922.7281482,678.04224,713.5182575,735.2497939
Uruguay,URY,0,0,0,0,0,0,0,0,0,0,0,0,0,0,0,0,0,0,0,0.7063,1.4126,1.4126,0.7063,2.1189,4.2378,3.17835,4.2378,3.17835,2.47205,1.4126,2.8252,2.8252,2.1189,2.1189,1.9539036885246,1.9886397540984,2.2491602459016,2.540074795082,1.941412887,3.408113419,2.105412129,3.059208682,3.175923766,2.907885193,3.31428676
United States,USA,19877.293,19403.858,18001.055,16834.912,17950.527,17280.943,16221.296,17210.809,18029.585,19118.997,19173.556,19562.067,20228.228,20789.842,21247.098,22206.889,22609.08,22737.342289,22245.956191,22405.150857,23333.120752,22238.623889,23027.021137,22276.501932,22402.545544,22014.434173,21699.071219,23103.792722,23277.007687,22910.077883,24086.796738,24477.425077,25538.48668,26155.071303,26593.375442,27243.858,27444.220494,27139.698912,30138.929833,31132.040549,30602.565453,30645.706852,32291.913618,32619.416611,33082.731939
U.S. Pacific Islands,USIQ,0,0,0,0,0,0,0,0,0,0,0,0,0,0,0,0,0,0,0,0,0,0,0,0,0,0,0,0,0,0,0,0,0,0,0,0,0,0,0,0,0,0,0,0,0
Uzbekistan,UZB,--,--,--,--,--,--,--,--,--,--,--,--,1094.77,1540.81,1228.96,1349.03,1433.79,1454.978,1409.0685,1423.1945,1511.482,1596.238,1642.1475,1669.728515,1772.813,1702.183,1768.92835,1783.019035,1857.569,1631.83552,1614.24865,1812.3658,1804.94965,1638.96915,1814.83785,1700.41725,1465.927642,1520.665427,1521.738746,1508.165793,1468.337247,1615.995525,1687.768662,1878.774933,1824.162195
Saint Vincent/Grenadines,VCT,0,0,0,0,0,0,0,0,0,0,0,0,0,0,0,0,0,0,0,0,0,0,0,0,0,0,0,0,0,0,0,0,0,0,0,0,0,0,0,0,0,0,0,0,0
Venezuela,VEN,517,572,600,576,610,618,674,657,656,769,760.88,793.48,763.43967,815,876.16,890.22,960.568,993.7641,1110.3036,945.7357,960.568,1119.83865,1003.29915,861.686,960.568,827.92486,918.19,735.576135,785.75875,714.42245,747.75981,807.971885,867.54829,834.8466,837.565855,935.953445,971.9389743,956.3651916,823.1799863,702.2743063,675.3392956,750.8798251,833.3942476,847.2156673,898.0486073
British Virgin Islands,VGB,0,0,0,0,0,0,0,0,0,0,0,0,0,0,0,0,0,0,0,0,0,0,0,0,0,0,0,0,0,0,0,0,0,0,0,0,0,0,0,0,0,0,0,0,0
U.S. Virgin Islands,VIR,0,0,0,0,0,0,0,0,0,0,0,0,0,0,0,0,0,0,0,0,0,0,0,0,0,0,0,0,0,0,0,0,0,0,0,0,0,0,0,0,0,0,0,0,0
Vietnam,VNM,0,0.4,2.3,2.3,2.1,1.4,1.4,1.4,1.1,1.1,1.41,2.47,7.416,8.82875,8.83,25.07,29.31145,8.12245,24.7205,35.315,40.61225,45.9095,79.8119,95.3505,105.945,141.26,201.2955,208.3585,246.4987,250.38335,289.93615,272.27865,293.8208,303.0027,342.5349327,357.6319669,356.0149068,328.6523709,335.7329683,343.2655938,301.5448072,246.4834722,271.2037622,267.2242395,239.1320465
Vanuatu,VUT,0,0,0,0,0,0,0,0,0,0,0,0,0,0,0,0,0,0,0,0,0,0,0,0,0,0,0,0,0,0,0,0,0,0,0,0,0,0,0,0,0,0,0,0,0
Wake Island,WAK,0,0,0,0,0,0,0,0,0,0,0,0,0,0,0,0,0,0,0,0,0,0,0,0,0,0,0,0,0,0,0,0,0,0,0,0,0,0,0,0,0,0,0,0,0
World,WORL,52922.23848,53524.676754,53643.143702,54635.214271,59687.504273,62165.77218861,63145.579046,66249.865107,69563.731422,72674.8108625,73270.45707773544,75056.23351044767,75231.44272914488,77202.44960347975,76953.29589508883,78968.55386819867,80785.91560841833,81170.2604655,81681.804859,83767.690984,86985.89933334097,87174.6268285,91206.79049188406,93733.65303885915,96391.84939499879,99106.7812582371,102523.37306010678,106083.350159486,109279.599150208,105696.949186482,115638.8552737596,119073.481840933,121627.57930258113,123472.5724038525,123891.21967180702,125517.68106510254,128011.38160599231,131585.14450249152,138384.31739249,140503.033950632,139265.997431252,145964.708620582,144442.548080963,146245.637835164,149469.262726913
Australia and New Zealand,WP11,361,415,487,497,545,597,673,683,720,738,794,766,798.719355,805.3217,836.082625,875.706055,905.511915,916.7774,926.630285,959.402605,1009.3027,1068.949735,1137.00174,1134.52969,1149.821085,1159.850545,1155.612745,1285.04222,1300.051095,1361.922975,1393.141435,1399.215615,1450.987405,1502.123525,1549.76346,1585.6435,1554.2109291,1621.7614385,1618.9488236,1936.7354686,1908.0396098,1842.650787,1987.7344874,1910.9165706,1855.522042
IEO - Africa,WP12,735.6,610.7,818.6,1003.2,1097,1072,1143.4,1239.2,1308.6,1339.3,1351,1479.9472663801337,1524.8773669054442,1541.67475,1610.337,1689.4664,1783.0882964183381,1788.3516,1835.6737,1871.34185,2038.02865,2283.82105,2365.04555,2575.52295,2660.5943,3077.16214247851,3244.3971799188157,3342.4595535,3587.67445,3393.0606979,3571.6333943,4230.9080441,4667.61147552,4671.432465,4801.62978353,4799.623057392833,5074.804776793617,5403.124059675033,5645.406294328,5590.762830861,5557.271163815,5893.38329276,5871.7251259,5897.804352954,6043.475726598
Brazil,WP13,42,42,46,57,74,92,90,105,97,123,97,118.86,130.31235,146,152.2,159.27,178.34075,194.9388,204.827,230.9601,333.3736,396.2343,472.86785,499.3541,608.1243,657.21215,682.9921,701.3559,835.19975,716.6515861,952.9854724,951.5761842,1124.030608,1322.986757,1399.690694,1477.858943,1269.95373,1294.975501,1233.648107,1223.217873,1102.784063,1416.241077,1099.039408,1022.590192,1073.514314
Canada,WP14,1883,1842,1859,1863,2017,2165,2130,2112,2331,2427,2377.62,2400.48,2595.69,2690.715,2737.59,2872.48,2917.195575,2887.248455,2797.51304,3107.543425,2991.357075,3121.42222,3173.4059,3372.93565,3340.975575,3144.09445,3283.09429,3050.5097,2937.14855,3111.60465,3436.467335,3556.326445,3717.292215,3960.78914,4099.71835,4053.420385,3949.139666,4186.324057,4415.900476,4443.231871,4287.300527,4439.595499,4669.354858,4739.909126,4881.107993
China,WP15,505,450,381,431,438,457,484,494,503,505,494.3705,511.3005,516.7746,540.951,569.9368,581.5198,646.017295,697.32999,724.7167725,782.36851,902.36888,974.234905,1061.28638,1143.42907,1350.30434,1654.50775,1993.46112,2490.06065,2725.576385,3125.271555,3768.46365,4623.545745,5073.91794,5760.123705,6490.775325,6703.132563,7210.777399,8305.87453,9775.02575,10616.82095,11589.08399,13091.89314,13001.67601,13961.52049,15004.76479
India,WP16,51,64,89,106,113,135,180,227,310,315,399,449,476.7525,531.8439,593.64,627.55,696.4118,716.8945,760.6851,752.2095,718.66025,708.77205,921.0152,964.0995,1087.702,1269.2211,1369.86885,1460.6284,1518.19185,1882.64265,2277.46435,2260.51315,2105.4803,1854.0375,1813.14273,1753.142545,1893.219098,1986.047698,2175.361863,2143.625519,2188.422479,2313.930923,2217.952031,2513.807463,2512.908316
Japan,WP17,898.322173,920.218754,951.288702,1015.502271,1365.777273,1460.639026,1487.350746,1535.256107,1610.646422,1722.90594,1957.723047,2096.483403,2119.891305,2169.729751,2276.717219,2358.926052,2458.567797,2538.105458,2601.194323,2758.477148,2844.130387,2832.777906,2904.337198,3000.534537,2983.62883,2960.994162,3254.014701,3538.178196,3467.673314,3428.906173,3615.466449,4262.909336,4436.95728,4434.838398,4442.500444,4245.114892,4166.716258,4189.317666,4093.717826,3826.0324,3684.97934,3331.95181,3276.785348,3178.187023,3150.565062
Mexico,WP18,799,865,943,945,946,990,880,893,904,881,918,978.367,991.397995,1058.920275,1101.298275,1106.91336,1167.58453,1240.9691,1423.936115,1371.387395,1472.247035,1494.283595,1684.137035,1893.837505,1988.65828,1947.48099,2173.78,2279.971715,2361.30216,2552.809,2269.231,2329.08,2426.19,2529.17,2569.804,2756,2864.5898247862,2881.5005476463,3118.367709,3150.613692,3163.33811,3294.878543,3255.470519,3487.188913,3453.647179
IEO - Middle East,WP19,1294.023307,1299.8,1214,1427.8,1901,2279.19016261,2533.0323,2929.1,3275.4,3592.6079225,3427.40906,3541.97778,4041.53114,4274.3127,4540.07,4735.03,5113.612,5849.22345,6236.629,6449.2253,6822.1517,7020.622,7661.9424,8007.41417,8573.6077,9829.22395,10264.30475,10764.27815,11810.8071995,12689.8998382,13534.719305,14320.866769,14949.579702,15491.947253,16201.53141,17065.188644,17865.87276049,18172.9366756448,18629.3894718,19298.8779035,19747.1180321,20297.4744825,20738.231436,21713.8040421,22000.7838913
Western Europe,WP21,11066,10880,10922.2,11132.8,11732.6,12078,12408,12789,12482,13085,13112.89742,13593.946227676768,13678.211756172963,14126.673643387097,14223.110695,15405.469585,16503.27345,16204.605585,16494.965515,17107.892655,17496.18108,18062.103955,18278.913866884057,18852.905159859154,19623.090496356785,20165.98208795858,20192.938224060963,20085.97129,20554.566025,19311.478025,20926.927385,19465.06296,18836.102096245137,18587.096745,16953.05626984,17508.669383536264,18460.88817004,19391.08199911,19037.063871637,19313.71156548,18661.317867615,19873.055181136,17532.957902777,16227.565890508,16229.590673442
Other Americas,WP22,1199,1278.7,1373.7,1364.7,1629.5,1662.6,1687.6,1635.1,1771.4,2006.9,1926.76071,2032.225823032624,2006.40017,2155.244805,2289.13449,2422.818209966571,2583.57477,2727.130245,2915.500455,2840.279505,2970.624069340974,3141.33988,3052.36867,3233.648055,3448.928579642,3510.6288278,3835.011582127,3685.761636986,3819.678589708,3722.354577282,4006.817318816,4180.694402986,4338.126800406,4440.207924984,4288.245931895524,4386.379210012098,4432.716032819725,4410.718888532866,4362.599834993,4389.940258733,4086.963404576,4258.505791661,4380.506565221,4426.550322403,4540.909364227
Other Asia-Pacific,WP23,756,856.4,880.3,986.3,1166.1,1386.4,1479.4,1597.4,1774.1,1911.1,1925.1203407354346,2140.578510358138,2317.5493460664757,2556.115799092646,2888.779781088825,3171.7551712034383,3431.69981,3644.2925785,3625.2083525,3945.342359,4093.29102,3975.8651135,4474.33987,4870.36228,4943.18181,5588.59875,6395.497059,6722.810605,7118.44455,7280.787605,7910.7925662436,7748.111282647,8056.45395541,8340.4475478685,8650.6256560335,8815.89724010735,8940.76529943222,9173.27144919001,9516.991463679,9432.773488895,9343.150211433,9637.175449752,9495.199627604,9469.878985431,9575.028881572
Eastern Europe and Eurasia,WP24,13455,14597,15677,16971,18712,20510,21746,22725,24350,24816,25209,25261,7161.0419,7427.18303,6403.3,5920.519910028653,6274.541015,6203.85668,5793.92016,6005.986735,6233.697855,6231.26112,6605.3176,6845.95401,6651.827455,6720.621075,6618.10163,7114.962491,7155.24278,5489.377726,6030.03625,6754.41753,6571.450515,6257.358905,6146.533970508,6020.274422054,5771.82973727975,5798.4548341925,5868.085651453,5800.503061563,5841.931335913,6038.632632773,5971.310836061,6238.801818168,6227.195695774
Russia,WP25,,,,,,,,,,,,,16481.51,16184.86,15213.7,14507.4,13085.6201,12298.44875,12603.57035,12582.38135,13058.7807,12905.5136,13564.13835,14204.3993,14567.08435,14330.47385,15223.94335,15226.76855,15545.663,13504.80915,16333.54065,16872.0944,16561.3224,16308.82015,16217.00115,15538.24685,15490.7132638,15857.9646,16676.96759,16280.46614,15614.21371,17421.2203,16462.4668,16754.96787,17650.88125
South Korea and other OECD Asia,WP26,0,0,0,0,0,0,2.5,75,97,93,107,124,162.554945,203.06125,270.30101,326.840325,431.796505,524.745585,490.8785,597.74169,668.58358,718.80151,823.651745,858.22513,1011.77475,1076.295255,1137.28426,1230.79838,1265.371765,1215.295095,1524.371975,1640.7349,1773.58993,1856.121085,1673.825055,1565.23143,1620.9641664508,1772.091646,2077.912827,1923.680379,1887.518134,2168.412859,2190.223508,2082.728165,2186.635609
United States,WP27,19877.293,19403.858,18001.055,16834.912,17950.527,17280.943,16221.296,17210.809,18029.585,19118.997,19173.556,19562.067,20228.228,20789.842,21247.098,22206.889,22609.08,22737.342289,22245.956191,22405.150857,23333.120752,22238.623889,23027.021137,22276.501932,22402.545544,22014.434173,21699.071219,23103.792722,23277.007687,22910.077883,24086.796738,24477.425077,25538.48668,26155.071303,26593.375442,27243.858,27444.220494,27139.698912,30138.929833,31132.040549,30602.565453,30645.706852,32291.913618,32619.416611,33082.731939
Samoa,WSM,0,0,0,0,0,0,0,0,0,0,0,0,0,0,0,0,0,0,0,0,0,0,0,0,0,0,0,0,0,0,0,0,0,0,0,0,0,0,0,0,0,0,0,0,0
Kosovo,XKS,--,--,--,--,--,--,--,--,--,--,--,--,--,--,--,--,--,--,--,--,--,--,--,--,--,--,--,--,0,0,0,0,0,0,0,0,0,0,0,0,0,0,0,0,0
Yemen,YEM,0,0,0,0,0,0,0,0,0,0,0,0,0,0,0,0,0,0,0,0,0,0,0,0,0,0,0,0,0,12.7134,33.54925,23.3079,16.59805,36.0213,17.6575,28.60515,17.2338166,10.2044166,3.1750166,0.3632566,0.3666106,0.3666106,0.3666106,0.3666106,0.3666106
Former Yugoslavia,YUG,127,157,155,149,200,208,224,263,258,287,248,247,--,--,--,--,--,--,--,--,--,--,--,--,--,--,--,--,--,--,--,--,--,--,--,--,--,--,--,--,--,--,--,--,--
South Africa,ZAF,0,0,0,0,0,0,0,0,0,0,0,0,44.4969,63.392,69.217,69.22,65.0098464183381,61.80125,51.20675,49.441,58.26975,74.1615,81.2245,80.5182,110.1828,139.1411,148.323,140.20055,145.4978,126.78085,141.61315,161.7427,165.9805,173.0435,167.74625,173.0435,176.0452495,179.1529431,185.2743555,187.0550783,182.6552583,136.2530492,132.9760569,136.0815257,137.7966194
Zambia,ZMB,0,0,0,0,0,0,0,0,0,0,0,0,0,0,0,0,0,0,0,0,0,0,0,0,0,0,0,0,0,0,0,0,0,0,0,0,0,0,0,0,0,0,0,0,0
Zimbabwe,ZWE,0,0,0,0,0,0,0,0,0,0,0,0,0,0,0,0,0,0,0,0,0,0,0,0,0,0,0,0,0,0,0,0,0,0,0,0,0,0,0,0,0,0,0,0,0
