Country,Code,1980,1981,1982,1983,1984,1985,1986,1987,1988,1989,1990,1991,1992,1993,1994,1995,1996,1997,1998,1999,2000,2001,2002,2003,2004,2005,2006,2007,2008,2009,2010,2011,2012,2013,2014,2015,2016,2017,2019,2020,2021,2022,2023,2024
Aruba,ABW,--,--,--,--,--,--,NA,NA,NA,NA,0,0,0,0,0,0,0,0,0,0,0,0,0,0,0,0,0,0,0,0,0,0,0,0,0,0,NA,NA,,,,,,
Afghanistan,AFG,NA,NA,NA,NA,NA,NA,NA,NA,NA,NA,3.127262891882376,0.4530695456,0.3114853126,0.299875405494,0.299875405494,0.199916936996,0.23000217066617,0.23000217066617,0.23000217066617,0.23000217066617,0.23000217066617,0.05000047188395,0.05000047188395,0.02000018875358,0.02000018875358,0.02000018875358,0.02000018875358,0.04000037750716,0.05000047188395,0.03000028313037,0.14000132127506,0.14000132127506,0.1596015062535684,0.1596015062535684,0.1596015062535684,0.189001783721331,NA,NA,,,,,,
Africa,AFRC,NA,NA,NA,NA,NA,NA,NA,NA,NA,NA,187.457524492,193.07553058210232,196.75141095685095,207.12661143749784,207.3718282498422,215.9818769438848,222.33305953469278,232.66219577039615,233.67220530245194,233.2822016217571,254.5824026443198,262.7324795614037,265.9525099507301,280.61264830710417,295.8330482160403,352.981264211341,375.6748914395408,393.348642639563,409.0170233800215,386.7476499657272,399.30576848410004,394.48872302280034,395.6707341781369,385.028633742357,390.4706851022061,382.73061205457066,,,,,,,,
Angola,AGO,NA,NA,NA,NA,NA,NA,NA,NA,NA,NA,2.6051498872,2.3502982678,1.840595029,3.000028313037,2.799969791808,5.2000490759308,5.8000547385382,6.22005870236338,6.6000622886814,7.3000688950567,7.2000679512888,7.1000670075209,8.4000792765036,6.9000651199851,7.8000736138962,8.5000802202715,9.4000887141826,10.81010202130999,10.05009484867395,10.1000953205579,10.32009739684728,10.733101294608707,10.847102370504112,10.76010154942604,10.45009862374555,10.541099482574339,NA,NA,,,,,,
Albania,ALB,NA,NA,NA,NA,NA,NA,NA,NA,NA,NA,0.3681190058,0.3114853126,0.1019972814532,0.0899909384948,0.069942611102,0.050120818482,0.05000047188395,0.04000037750716,0.05000047188395,0.04000037750716,0.05000047188395,0.05000047188395,0.05000047188395,0.05000047188395,0.05000047188395,0.05000047188395,0.05000047188395,0.03000028313037,0.05000047188395,0.05000047188395,0.03000028313037,0.02000018875358,0.017000160440543,0.019000179315901,0.032000302005728,0.035000330318765,NA,NA,,,,,,
United Arab Emirates,ARE,NA,NA,NA,NA,NA,NA,NA,NA,NA,NA,29.8176394698,32.9324925958,36.6703446638466,36.5912273944462,34.360511169838,40.860360138402,45.93043347259647,48.09045385798311,48.98046225751742,50.29047462087691,50.53047688591987,59.02055701181458,63.83060240705057,65.28061609168512,68.03064204530237,68.23064393283818,72.5106843261043,75.02070801467858,80.05575553339234,75.84071575357537,79.78075293803062,82.46077823101034,82.5007786085175,83.79679083974949,83.70678999035837,90.01184949492446,NA,NA,,,,,,
Argentina,ARG,NA,NA,NA,NA,NA,NA,NA,NA,NA,NA,22.9932794392,24.914011144078,25.552839203374,26.620242735961,27.47017288666,30.47034278393,34.65032701557735,37.06034976038374,38.63036457753977,42.43040044071997,44.87042346865673,45.91043328384289,45.77043196256783,50.49047650841271,52.35049406249565,51.59048688985961,51.74048830551146,50.99048122725221,50.5004766027895,48.39045668928681,47.1004445146809,45.52042960314808,44.1004162016439,41.69039345683751,41.49039156930171,43.000405820197,NA,NA,,,,,,
Armenia,ARM,--,--,--,--,--,--,--,--,--,--,--,--,0,0,0,0,0,0,0,0,0,0,0,0,0,0,0,0,0,0,0,0,0,0,0,0,NA,NA,,,,,,
American Samoa,ASM,NA,NA,NA,NA,NA,NA,NA,NA,NA,NA,0,0,0,0,0,0,0,0,0,0,0,0,0,0,0,0,0,0,0,0,0,0,0,0,0,0,NA,NA,,,,,,
Asia & Oceania,ASOC,NA,NA,NA,NA,NA,NA,NA,NA,NA,NA,183.74158744731824,194.368885257644,200.88241577790467,216.20266183939844,232.8465193278907,248.8162307117493,268.69953587603425,279.8256408796508,280.167644107337,294.50977946252925,302.5178550394627,311.26293757196555,342.03922802597447,353.8313393150852,363.919434522391,393.87871726581614,418.74795197145517,435.59211093972027,453.5662805725626,478.63051711854905,530.4160058487561,533.3360334067787,537.6876744757827,549.9847905309214,566.4989463847523,580.0578382580138,,,,,,,,
Antarctica,ATA,NA,NA,NA,NA,NA,NA,NA,NA,NA,NA,0,0,0,0,0,0,0,0,0,0,0,0,0,0,0,0,0,0,0,0,0,0,0,0,0,0,NA,NA,,,,,,
Antigua and Barbuda,ATG,NA,NA,NA,NA,NA,NA,NA,NA,NA,NA,0,0,0,0,0,0,0,0,0,0,0,0,0,0,0,0,0,0,0,0,0,0,0,0,0,0,NA,NA,,,,,,
Australia,AUS,NA,NA,NA,NA,NA,NA,NA,NA,NA,NA,20.6996148646,21.5774371092,22.98921696280253,24.655232685975744,26.552250589252807,29.422277675391538,30.427287160258935,30.16828471590007,31.29129531441359,32.003302034041035,33.12231259480384,33.79131890861109,35.19833218742544,34.267323400946296,34.443325061977795,36.01033985082079,37.66335545130418,39.75137515717793,40.902386019946455,42.4624007427257,52.90149926265678,56.66653479551822,54.27451222059005,62.018585305976224,62.94059400751626,67.51663719433536,NA,NA,,,,,,
Austria,AUT,NA,NA,NA,NA,NA,NA,NA,NA,NA,NA,1.3308917902,1.3308917902,1.4441591766,1.5007928698,1.35496110981,1.482103751044,1.492014081017068,1.428013477005612,1.568014798280672,1.74001642156146,1.805017035010595,1.732016346060028,1.88001774283652,2.091019734186789,1.963018526163877,1.728016308309312,1.919018110906001,1.95001840347405,1.616015251289264,1.645015524981955,1.702016062929658,1.677015826987683,1.803017016135237,1.449013675196871,1.321012467173959,1.263011919788577,NA,NA,,,,,,
Azerbaijan,AZE,--,--,--,--,--,--,--,--,--,--,--,--,7.802040382519061,6.8000641762172,6.380068707446,6.569225242734,6.700049074026,5.96005624856684,13.04012306733416,13.43012674802897,13.78013005121662,5.72005398352388,5.15004860404685,5.13004841529327,5.01004728277179,5.82005492729178,6.82006436497078,15.76014873782104,21.95020715705405,22.14020895021306,24.67023282754093,24.15022791994785,25.24023820701796,27.77026208434583,28.05026472689595,27.29025755425991,NA,NA,,,,,,
Burundi,BDI,NA,NA,NA,NA,NA,NA,NA,NA,NA,NA,0,0,0,0,0,0,0,0,0,0,0,0,0,0,0,0,0,0,0,0,0,0,0,0,0,0,NA,NA,,,,,,
Belgium,BEL,NA,NA,NA,NA,NA,NA,NA,NA,NA,NA,0.011893075572,0.0090047572188,0.0060031714792,0.00400117042458,0.001132673864,0,0.002000018875358,0,0,0,0.002000018875358,0,0,0,0,0,0,0,0,0,0,0,0,0,0,0,NA,NA,,,,,,
Benin,BEN,NA,NA,NA,NA,NA,NA,NA,NA,NA,NA,0,0,0,0,0,0,0,0,0,0,0,0,0,0,0,0,0,0,0,0,0,0,0,0,0,0,NA,NA,,,,,,
Burkina Faso,BFA,NA,NA,NA,NA,NA,NA,NA,NA,NA,NA,0,0,0,0,0,0,0,0,0,0,0,0,0,0,0,0,0,0,0,0,0,0,0,0,0,0,NA,NA,,,,,,
Bangladesh,BGD,NA,NA,NA,NA,NA,NA,NA,NA,NA,NA,4.813863922,4.8988144618,6.1164388656,6.109925990882,6.649928255544,7.370025664582,7.56007134885324,7.63007200949077,8.2000773889678,9.05008541099495,9.7000915454863,10.3000972080937,11.1001047582369,12.15011466779985,13.1001236335949,14.000132127506,15.32014458524228,16.27015355103733,17.9001689344541,19.6001849785084,20.13018998047827,20.11018979172469,22.03020791206837,22.8002151790812,23.9002255605281,26.861617418930084,NA,NA,,,,,,
Bulgaria,BGR,NA,NA,NA,NA,NA,NA,NA,NA,NA,NA,0.0099958468498,0.009190223983167396,0.04000037750716,0.0699992447952,0.060031714792,0.050120818482,0.039926753706,0.04000037750716,0.03000028313037,0.02000018875358,0.02000018875358,0.02000018875358,0.02028412846233663,0.021312257465707446,0.3545789670599279,0.5020747277181729,0.48069202579329096,0.3000028313037,0.11000103814469,0.01000009437679,0.05000047188395,0.35000330318765,0.38070613260382746,0.278002623674762,0.18000169878222,0.10435505245559228,NA,NA,,,,,,
Bahrain,BHR,NA,NA,NA,NA,NA,NA,NA,NA,NA,NA,8.2402023606,9.2879256848,8.3817865936,9.8000924892542,9.610171399108,9.610171399108,9.82009267800778,10.63010032252777,11.03010409759937,11.51010862768529,11.67011013771393,12.06011381840874,12.35011655533565,12.3001160834517,12.4001170272196,13.32012570988428,13.82013042872378,14.36013552507044,15.31014449086549,15.49014618964771,15.61014732216919,15.48014609527092,16.71015770361609,19.25018167532075,20.1001896973479,20.6001944161874,NA,NA,,,,,,
The Bahamas,BHS,NA,NA,NA,NA,NA,NA,NA,NA,NA,NA,0,0,0,0,0,0,0,0,0,0,0,0,0,0,0,0,0,0,0,0,0,0,0,0,0,0,NA,NA,,,,,,
Bosnia and Herzegovina,BIH,--,--,--,--,--,--,--,--,--,--,--,--,0.0229932794392,0,0,0.899909384948,0,0,0,0,0,0,0,0,0,0,0,0,0,0,0,0,0,0,0,0,NA,NA,,,,,,
Belarus,BLR,--,--,--,--,--,--,--,--,--,--,--,--,0.289964509184,0.289964509184,0.289964509184,0.299875405494,0.299875405494,0.2000018875358,0.22000207628938,0.21000198191259,0.201001896973479,0.2000018875358,0.19000179315901,0.16000151002864,0.18000169878222,0.172001623280788,0.17000160440543,0.16000151002864,0.152001434527208,0.15000141565185,0.217002047976343,0.22000207628938,0.21000198191259,0.228002151790812,0.22000207628938,0.239002255605281,NA,NA,,,,,,
Belize,BLZ,NA,NA,NA,NA,NA,NA,NA,NA,NA,NA,0,0,0,0,0,0,0,0,0,0,0,0,0,0,0,0,0,0,0,0,0,0,0,0,0,0,NA,NA,,,,,,
Bermuda,BMU,NA,NA,NA,NA,NA,NA,NA,NA,NA,NA,0,0,0,0,0,0,0,0,0,0,0,0,0,0,0,0,0,0,0,0,0,0,0,0,0,0,NA,NA,,,,,,
Bolivia,BOL,NA,NA,NA,NA,NA,NA,NA,NA,NA,NA,5.2669334676,5.4368345472,5.8332703996,5.590028687306,5.919919950196,5.350184996604,5.28004983094512,5.35005049158265,5.37005068033623,4.98004699964142,5.6000528510024,7.15006747940485,8.88008380658952,10.22009645307938,12.65011938663935,14.69013863950451,14.65013826199735,15.2001434527208,15.32014458524228,13.41012655927539,14.9001406214171,16.45015524981955,18.66017610709014,21.27020073943233,21.73020508076467,21.000198191259,NA,NA,,,,,,
Brazil,BRA,NA,NA,NA,NA,NA,NA,NA,NA,NA,NA,7.1358453432,6.592728225412,6.9756406175870636,7.362380116,7.759948642264,7.94995468295,9.16008644913964,9.86009305551494,10.79010183255641,11.9001123083801,13.29012542675391,14.000132127506,15.53014656715487,15.79014902095141,16.97016015741263,17.7001670469183,17.71016714129509,18.15017129387385,21.59020375948961,21.13119942759495,22.93021640597947,24.07022716493353,25.826243737497855,28.16926584997975,31.893300995896347,35.06033088502574,37.89048600128571,40.11742030914835,,,,,,
Barbados,BRB,NA,NA,NA,NA,NA,NA,NA,NA,NA,NA,0.034000320881086,0.033000311443407,0.048000453008592,0.047000443570913,0.046000434133234,0.047000443570913,0.045000424695555,0.043000405820197,0.037000349194123,0.047000443570913,0.0379125577458098,0.032221828996945784,0.029000273692691,0.029000273692691,0.03000028313037,0.02753082286612561,0.028069135045072215,0.020917273239067495,0.019507408008493106,0.017610498425538454,0.017379793205989907,0.017764301905237485,0.020353327146837744,0.02383953935334899,0.014585696658124273,0.017738667991954313,NA,NA,,,,,,
Brunei,BRN,NA,NA,NA,NA,NA,NA,NA,NA,NA,NA,9.4578267644,9.5427773042,8.8631729858,9.96009399928284,10.15017366377,11.190251439388,11.09010466386011,11.06010438072974,10.75010145504925,11.35010711765665,11.79011127023541,12.3001160834517,12.85012127417515,13.4001264648986,13.43012674802897,13.43012674802897,14.3001349588097,14.25013448692575,14.2001340150418,12.1001141959159,12.55011844287145,13.49012731428971,12.86012136855194,12.92012193481268,11.89011221400331,12.45011749910355,NA,NA,,,,,,
Bhutan,BTN,NA,NA,NA,NA,NA,NA,NA,NA,NA,NA,0,0,0,0,0,0,0,0,0,0,0,0,0,0,0,0,0,0,0,0,0,0,0,0,0,0,NA,NA,,,,,,
Botswana,BWA,NA,NA,NA,NA,NA,NA,NA,NA,NA,NA,0,0,0,0,0,0,0,0,0,0,0,0,0,0,0,0,0,0,0,0,0,0,0,0,0,0,NA,NA,,,,,,
Central African Republic,CAF,NA,NA,NA,NA,NA,NA,NA,NA,NA,NA,0,0,0,0,0,0,0,0,0,0,0,0,0,0,0,0,0,0,0,0,0,0,0,0,0,0,NA,NA,,,,,,
Canada,CAN,NA,NA,NA,NA,NA,NA,NA,NA,NA,NA,138.631352236552,144.988484298252,158.038586222328,171.0065976081106,183.468813479924,192.511798441634,197.33886240326083,199.96188715829285,205.63194066993276,210.82198965148677,217.46205231767533,221.62209157841997,220.47208072508914,215.45203334794056,218.002057414022,219.0120669460778,220.43408036645732,215.9260378214004,208.65596920947408,196.16985137061408,189.59078928012394,188.85178230567914,178.68768638110978,182.8157253398487,192.9588210662268,191.18680434265963,NA,NA,,,,,,
Switzerland,CHE,NA,NA,NA,NA,NA,NA,NA,NA,NA,NA,0.0039926753706,0.002973268893,0.002973268893,0.002000018875358,0.001000009437679,0,0,0,0,0,0,0,0,0,0,0,0,0,0.003000028313037,0,0,0,0,0,0,0,NA,NA,,,,,,
Chile,CHL,NA,NA,NA,NA,NA,NA,NA,NA,NA,NA,4.4174280696,4.1342596036,4.737434402728332,4.199954687712,4.240164609884,3.780015852634,3.66003454190514,3.21003029494959,3.06002887929774,2.96002793552984,2.85002689738515,2.96002793552984,2.262021348029898,1.937018280784223,1.865017601271335,1.993018809294247,1.901017941027779,1.969018582789951,1.928018195845112,1.975018639416025,1.891017846650989,1.621015298477659,1.31001236335949,1.039009805748481,0.824007776647496,1.092010305945468,NA,NA,,,,,,
China,CHN,NA,NA,NA,NA,NA,NA,NA,NA,NA,NA,14.3849580728,14.8946613116,15.1001425089529,15.810144962178,16.67012759342,17.030034713706,20.1571902352956,22.69021414093651,23.265219567601935,25.183237669070255,27.25025717675275,30.31028605605049,32.64030804584256,34.3003237123897,40.77038477417283,49.92047112893568,58.51855227409972,69.27065374802433,76.04071764111116,84.24279504895432,94.41089101127439,102.75196973095493,103.79697959332948,112.87106523082873,123.45916515697398,129.11421852704873,NA,NA,,,,,,
Ivory Coast,CIV,NA,NA,NA,NA,NA,NA,NA,NA,NA,NA,0,0,0,0,0,0.039926753706,0.36000339756444,0.6000056626074,0.8000075501432,1.34001264648986,1.35001274086665,1.35001274086665,1.34001264648986,1.34001264648986,1.3000122689827,1.3000122689827,1.3000122689827,1.5000141565185,1.6000151002864,1.6000151002864,1.755016563126645,1.73001632718467,1.88001774283652,2.144020234383776,2.161020394824319,2.142020215508418,NA,NA,,,,,,
Cameroon,CMR,NA,NA,NA,NA,NA,NA,NA,NA,NA,NA,0,2.500094386314,2.500094386314,2.18002057414022,2.479989425228,2.419957710436,2.07001953599553,2.07001953599553,2.07001953599553,2.07001953599553,1.95001840347405,1.77001670469183,1.62001528903998,1.51001425089529,1.7000160440543,1.85001745970615,0,1.96001849785084,1.96001849785084,1.96001849785084,2.37002236729923,2.4000226504296,1.886017799462594,2.01001896973479,2.159020375948961,2.56002416045824,NA,NA,,,,,,
Congo-Kinshasa,COD,NA,NA,NA,NA,NA,NA,NA,NA,NA,NA,0,0,0,0,0,0,0,0,0,0,0,0,0,0,0,0,0,0,0,0,0.26000245379654,0.21000198191259,0.21000198191259,0.21000198191259,0.21000198191259,0.26000245379654,NA,NA,,,,,,
Congo-Brazzaville,COG,NA,NA,NA,NA,NA,NA,NA,NA,NA,NA,0.0849505398,0,0,1.3000122689827,1.300026427406,1.300026427406,1.33001255211307,4.01003784509279,3.79003576880341,3.8000358631802,3.6000339756444,3.52003322063008,3.35003161622465,3.3000311443407,3.15002972868885,7.1000670075209,7.5000707825925,7.61007182073719,7.69007257575151,7.98007531267842,8.43007955963397,9.45008918606655,9.3000877704147,9.56009022421124,9.35008824229865,9.2000868266468,NA,NA,,,,,,
Cook Islands,COK,NA,NA,NA,NA,NA,NA,NA,NA,NA,NA,0,0,0,0,0,0,0,0,0,0,0,0,0,0,0,0,0,0,0,0,0,0,0,0,0,0,NA,NA,,,,,,
Colombia,COL,NA,NA,NA,NA,NA,NA,NA,NA,NA,NA,5.1819829278,5.2669334676,5.2952503142,5.3518840074,5.520086076204,7.680095134852,9.42008890293618,12.84012117979836,14.38013571382402,15.11014260332969,14.53013712947587,14.99014147080821,15.11014260332969,14.54013722385266,14.29013486443291,15.72014836031388,22.17020923334343,26.39024906034881,29.05027416457495,33.89031984294131,31.82030030694578,31.56029785314924,31.44029672062776,31.17029417245443,29.53027869466087,27.73026170683867,NA,NA,,,,,,
Comoros,COM,NA,NA,NA,NA,NA,NA,NA,NA,NA,NA,0,0,0,0,0,0,0,0,0,0,0,0,0,0,0,0,0,0,0,0,0,0,0,0,0,0,NA,NA,,,,,,
Cabo Verde,CPV,NA,NA,NA,NA,NA,NA,NA,NA,NA,NA,0,0,0,0,0,0,0,0,0,0,0,0,0,0,0,0,0,0,0,0,0,0,0,0,0,0,NA,NA,,,,,,
Costa Rica,CRI,NA,NA,NA,NA,NA,NA,NA,NA,NA,NA,0,0,0,0,0,0,0,0,0,0,0,0,0,0,0,0,0,0,0,0,0,0,0,0,0,0,NA,NA,,,,,,
Central & South America,CSAM,NA,NA,NA,NA,NA,NA,NA,NA,NA,NA,96.90593253948109,99.0175240825075,100.26391193493114,101.93058975767191,107.10152019549123,115.37920613132599,130.18922867255364,142.2643426325276,147.90839589878786,151.3384282700268,160.77942957026826,167.35380094144722,172.16262480025432,176.31766401381057,191.15680405952924,215.7105663509105,210.21105275585498,236.40414816123877,242.21779317611157,247.54594656935768,250.87874731992224,252.80214997727822,258.50179276897705,263.66832770792024,267.1661069631653,270.41029052201674,,,,,,,,
Former Czechoslovakia,CSK,--,--,--,--,--,--,--,--,--,--,0.707921165,0.6229706252,0.280053612874,--,--,--,--,--,--,--,--,--,--,--,--,--,--,--,--,--,--,--,--,--,--,--,--,--,--,--,,--,--,
Cuba,CUB,NA,NA,NA,NA,NA,NA,NA,NA,NA,NA,0.032281205124,0.033413878988,0.034546552852,0.03539605825,0.034546552852,0.04101426125307366,0.043000405820197,1.000009437679,0.59000556823061,0.69000651199851,0.8000075501432,0.5000047188395,0.55000519072345,0.58000547385382,0.58000547385382,0.6000056626074,0.55000519072345,0.85000802202715,1.41001330712739,1.41001330712739,1.22001151396838,1.12001057020048,1.124010607951196,1.156010909956924,1.27001198585233,1.37001292962023,NA,NA,,,,,,
Cayman Islands,CYM,NA,NA,NA,NA,NA,NA,NA,NA,NA,NA,0,0,0,0,0,0,0,0,0,0,0,0,0,0,0,0,0,0,0,0,0,0,0,0,0,0,NA,NA,,,,,,
Cyprus,CYP,NA,NA,NA,NA,NA,NA,NA,NA,NA,NA,0,0,0,0,0,0,0,0,0,0,0,0,0,0,0,0,0,0,0,0,0,0,0,0,0,0,NA,NA,,,,,,
Czechia,CZE,--,--,--,--,--,--,--,--,--,--,--,--,--,0.238003095673,0.291097183048,0.254002114002,0.236002227292244,0.216002038538664,0.228002151790812,0.23000217066617,0.219002066851701,0.16000151002864,0.153001443964887,0.168001585530072,0.215002029100985,0.201001896973479,0.194001830909726,0.201001896973479,0.199001878098121,0.225002123477775,0.246002321669034,0.235002217854565,0.263002482109577,0.252002378295108,0.259002444358861,0.247002331106713,NA,NA,,,,,,
East,DDR,--,--,--,--,--,--,--,--,--,--,6.9659442636,--,--,--,--,--,--,--,--,--,--,--,--,--,--,--,--,--,--,--,--,--,--,--,--,--,--,--,--,--,,--,--,
Germany,DEU,--,--,--,--,--,--,--,--,--,--,--,19.5669410006,19.64622817108,19.6081703292496,20.76819600171747,21.684191620882,23.334220218801786,22.885215981283913,22.275210224299727,25.018236111853223,23.667223361548892,23.836224956516645,23.89122547558899,23.134218331265988,21.151199616348528,20.9001972474911,21.72020498638788,21.447202409901514,19.04817976890959,18.777177211298582,16.103151974944936,15.89915004965842,14.076132844769605,13.163124228168677,10.402098170736958,9.55009012983445,NA,NA,,,,,,
West,DEUW,--,--,--,--,--,--,--,--,--,--,16.3954541814,--,--,--,--,--,--,--,--,--,--,--,--,--,--,--,--,--,--,--,--,--,--,--,--,--,--,--,--,--,,--,--,
Djibouti,DJI,NA,NA,NA,NA,NA,NA,NA,NA,NA,NA,0,0,0,0,0,0,0,0,0,0,0,0,0,0,0,0,0,0,0,0,0,0,0,0,0,0,NA,NA,,,,,,
Dominica,DMA,NA,NA,NA,NA,NA,NA,NA,NA,NA,NA,0,0,0,0,0,0,0,0,0,0,0,0,0,0,0,0,0,0,0,0,0,0,0,0,0,0,NA,NA,,,,,,
Denmark,DNK,NA,NA,NA,NA,NA,NA,NA,NA,NA,NA,3.2510288412994,4.185796264412,4.350033974692,4.7260533806934,6.630106462924,5.449051425912871,6.615062430246585,9.92009362177568,10.87010258757073,11.52010872206208,11.96011287464084,11.75011089272825,8.616081315042264,8.212077502219948,9.703091573799338,10.64110042634224,10.605100086585795,9.386088582055095,10.224096490830096,8.508080295772931,8.345078757431255,6.679063034258041,5.837055087732323,4.953046744824087,4.713044479781127,4.713044479781127,NA,NA,,,,,,
Dominican Republic,DOM,NA,NA,NA,NA,NA,NA,NA,NA,NA,NA,0,0,0,0,0,0,0,0,0,0,0,0,0,0,0,0,0,0,0,0,0,0,0,0,0,0,NA,NA,,,,,,
Algeria,DZA,NA,NA,NA,NA,NA,NA,NA,NA,NA,NA,126.6046211486,126.2365021428,127.0293738476,133.731121932422,133.111266160348,137.741353747914,138.84131032735235,148.9214054591567,150.06141621811074,151.41142895897738,163.03153862480738,160.5015147474795,160.6015156912474,164.8015553294992,172.11162431893268,193.10282242525258,193.6018271346544,198.18387037809958,201.1878987288873,196.91885843943564,192.21181401628058,190.12879435759524,182.60072331074772,179.4916939690037,186.72576224117358,183.8257348719045,NA,NA,,,,,,
Ecuador,ECU,NA,NA,NA,NA,NA,NA,NA,NA,NA,NA,0.707921165,0.8340644393709171,0.9391798391003519,0.669976590556,0.669976590556,1.059899568238,1.06001000393974,1.07001009831653,1.07001009831653,1.07001009831653,1.13001066457727,1.15001085333085,1.1000103814469,1.18001113646122,1.22001151396838,1.24001170272196,1.25001179709875,1.24001170272196,1.25001179709875,1.4000132127506,1.403013241063637,1.337012618176823,1.541014543463339,1.628015364541412,1.763016638628077,1.677015826987683,NA,NA,,,,,,
Egypt,EGY,NA,NA,NA,NA,NA,NA,NA,NA,NA,NA,11.3833723332,13.5354526748,13.5637695214,14.92014081017068,15.54028541408,15.930208391762,17.88016874570052,18.15017129387385,18.27017242639533,19.65018545039235,24.36022990186044,30.1002840741379,31.35029587123665,34.42032484491118,36.7003463628193,47.3004464022167,59.8005643732042,62.2005870236338,65.47061788484413,69.19065299301,67.08063307950732,66.26062534061055,65.52761842279183,61.75058277667825,54.000509634666,49.328465541829715,NA,NA,,,,,,
Eritrea,ERI,--,--,--,--,--,--,--,--,--,--,--,--,--,--,0,0,0,0,0,0,0,0,0,0,0,0,0,0,0,0,0,0,0,0,0,0,NA,NA,,,,,,
Western Sahara,ESH,NA,NA,NA,NA,NA,NA,NA,NA,NA,NA,0,0,0,0,0,0,0,0,0,0,0,0,0,0,0,0,0,0,0,0,0,0,0,0,0,0,NA,NA,,,,,,
Spain,ESP,NA,NA,NA,NA,NA,NA,NA,NA,NA,NA,1.4441591766,1.3592086368,1.253011825411787,0.656006191117424,0.196001849785084,0.419938835078,0.471004445146809,0.181001708219899,0.115001085333085,0.149001406214171,0.162001528903998,0.516004869842364,0.539005086908981,0.215002029100985,0.358003378689082,0.167001576092393,0.073000688950567,0.018000169878222,0.017000160440543,0.014000132127506,0.051000481321629,0.052000490759308,0.061000575698419,0.057000537947703,0.024000226504296,0.062000585136098,NA,NA,,,,,,
Estonia,EST,--,--,--,--,--,--,--,--,--,--,--,--,0,0,0,0,0,0,0,0,0,0,0,0,0,0,0,0,0,0,0,0,0,0,0,0,NA,NA,,,,,,
Ethiopia,ETH,NA,NA,NA,NA,NA,NA,NA,NA,NA,NA,0,0,0,0,0,0,0,0,0,0,0,0,0,0,0,0,0,0,0,0,0,0,0,0,0,0,NA,NA,,,,,,
European Union,EU27,NA,NA,NA,NA,NA,NA,NA,NA,NA,NA,168.8466048316494,171.9649562122975,170.58090125019766,174.75130858274065,171.69334230254927,172.9565316273818,184.2876075587755,172.97063242589894,165.14655858549847,159.7975081033535,154.6064591123618,159.39050426221814,152.7807258188687,146.67169628365338,158.40707060166355,149.66248244248013,149.74710074094924,144.26736153619862,148.06839740881648,139.5493170092291,147.49439199158874,138.0443028055222,134.60797291450527,136.16628508156103,115.26108778688155,98.17928064338584,NA,NA,,,,,,
Eurasia,EURA,NA,NA,NA,NA,NA,NA,NA,NA,NA,NA,844.4933161518,832.6285574264,788.7622636602291,760.5373206380852,719.644905829332,704.27961852724,687.498630479381,650.4841390025606,668.9003128068571,679.1764097884464,701.5006204751925,700.0326066206796,722.9898232814764,757.1621457858432,786.4174218851424,799.7355475761514,818.2297221165867,837.1353005396833,862.7465522722439,756.4385913429049,832.9428609731578,877.1202779015031,868.3911955200031,891.083409679815,868.815199521579,873.2192410851172,,,,,,,,
Europe,EURO,NA,NA,NA,NA,NA,NA,NA,NA,NA,NA,249.97883038557313,283.7836239986422,270.0406288102219,290.85736186919104,296.44684800571616,305.77220587162094,343.0181055921255,338.0101900015658,338.6121956830485,350.2853058490755,363.0104259435408,370.3604953104814,372.3847983520524,376.42586460927896,391.66827202522944,377.36463140198845,366.8171493590544,359.64539418575094,NA,NA,NA,NA,343.1889414161534,330.19711626497974,314.74297041508845,309.8642784395896,,,,,,,,
Finland,FIN,NA,NA,NA,NA,NA,NA,NA,NA,NA,NA,0,0,0,0,0,0,0,0,0,0,0,0,0,0,0,0,0,0,0,0,0,0,0,0,0,0,NA,NA,,,,,,
Fiji,FJI,NA,NA,NA,NA,NA,NA,NA,NA,NA,NA,0,0,0,0,0,0,0,0,0,0,0,0,0,0,0,0,0,0,0,0,0,0,0,0,0,0,NA,NA,,,,,,
Falkland Islands,FLK,NA,NA,NA,NA,NA,NA,NA,NA,NA,NA,0,0,0,0,0,0,0,0,0,0,0,0,0,0,0,0,0,0,0,0,0,0,0,0,0,0,NA,NA,,,,,,
France,FRA,NA,NA,NA,NA,NA,NA,NA,NA,NA,NA,4.3324775298,4.4174280696,3.153930374308,3.422940417008,3.533033343319907,3.352997805906,2.911027473083569,2.586024405837894,2.262021348029898,2.067019507682493,1.878017723961162,1.91001802596689,2.71002557611009,2.38002246167602,2.19002066851701,1.79001689344541,1.85001745970615,1.63001538341677,1.47001387338813,1.38001302399702,1.35001274086665,1.12001057020048,1.023009654745617,0.34000320881086,0.017000160440543,0.021000198191259,NA,NA,,,,,,
Faroe Islands,FRO,NA,NA,NA,NA,NA,NA,NA,NA,NA,NA,0,0,0,0,0,0,0,0,0,0,0,0,0,0,0,0,0,0,0,0,0,0,0,0,0,0,NA,NA,,,,,,
Micronesia,FSM,,,,,,,,,,,,,,,,,,,,,,,,,,,,,,,,,,,,,,,NA,NA,NA,NA,NA,NA
Gabon,GAB,NA,NA,NA,NA,NA,NA,NA,NA,NA,NA,2.4918825008,2.4852078928034262,2.69002538735651,2.69002538735651,2.579947893726,2.579947893726,2.58002434921182,2.58002434921182,2.58002434921182,2.58002434921182,2.5000235941975,2.38002246167602,2.3000217066617,2.15002029100985,2.1000198191259,2.1000198191259,2.1000198191259,2.08001963037232,2.08001963037232,2.08001963037232,2.08001963037232,2.18002057414022,2.495023547009105,2.368022348423872,2.37002236729923,2.578024330336462,NA,NA,,,,,,
United Kingdom,GBR,NA,NA,NA,NA,NA,NA,NA,NA,NA,NA,49.6677489364,66.7144905896,55.62752498976973,73.2306783786522,78.620875079502,83.510911318856,98.29092762946891,93.59088327237761,97.51092026807929,107.13101105855127,116.77110203777683,115.43108939128697,112.73106390955367,110.49104276915271,104.49098614307871,95.67090290274993,86.36081503795845,77.6007323638904,75.2007097134608,64.25060637087574,65.52661841335416,53.75150728468393,46.59843977696604,43.86141394603862,43.72841269082731,47.437447695178726,NA,NA,,,,,,
Georgia,GEO,--,--,--,--,--,--,--,--,--,--,--,--,0.020104961086,0,0,0,0,0.06000056626074,0.06000056626074,0.06000056626074,0.06000056626074,0.06000056626074,0.013000122689827,0.02000018875358,0.02000018875358,0.015000141565185,0.01000009437679,0.01000009437679,0.008000075501432,0.01000009437679,0.005000047188395,0.003000028313037,0.002000018875358,0.002000018875358,0.001000009437679,0.01000009437679,NA,NA,,,,,,
Ghana,GHA,NA,NA,NA,NA,NA,NA,NA,NA,NA,NA,0,0,0,0,0,0,0,0,0,0,0,0,0,0,0,0,0,0,0,0,0.25000235941975,0.45000424695555,0.55000519072345,0.7000066063753,0.7000066063753,1.28001208022912,NA,NA,,,,,,
Gibraltar,GIB,NA,NA,NA,NA,NA,NA,NA,NA,NA,NA,0,0,0,0,0,0,0,0,0,0,0,0,0,0,0,0,0,0,0,0,0,0,0,0,0,0,NA,NA,,,,,,
Guinea,GIN,NA,NA,NA,NA,NA,NA,NA,NA,NA,NA,0,0,0,0,0,0,0,0,0,0,0,0,0,0,0,0,0,0,0,0,0,0,0,0,0,0,NA,NA,,,,,,
Guadeloupe,GLP,NA,NA,NA,NA,NA,NA,NA,NA,NA,NA,0,0,0,0,0,0,0,0,0,0,0,0,0,0,0,0,0,0,0,0,0,0,ie,ie,ie,ie,ie,ie,ie,ie,ie,ie,ie,ie
The,GMB,NA,NA,NA,NA,NA,NA,NA,NA,NA,NA,0,0,0,0,0,0,0,0,0,0,0,0,0,0,0,0,0,0,0,0,0,0,0,0,0,0,NA,NA,,,,,,
Guinea-Bissau,GNB,NA,NA,NA,NA,NA,NA,NA,NA,NA,NA,0,0,0,0,0,0,0,0,0,0,0,0,0,0,0,0,0,0,0,0,0,0,0,0,0,0,NA,NA,,,,,,
Equatorial Guinea,GNQ,NA,NA,NA,NA,NA,NA,NA,NA,NA,NA,0,0,0,0.55000519072345,0.570018122058,0.589839914678,0.89000839953431,0.91000858828789,1.01000953205579,1.15001085333085,1.25001179709875,1.3000122689827,3.4000320881086,3.8000358631802,2.5000235941975,3.8000358631802,3.8000358631802,4.52004265830908,7.55007125447645,8.35007880461965,8.47007993714113,8.3000783327357,8.37007899337323,9.000084939111,8.46007984276434,8.4000792765036,NA,NA,,,,,,
Greece,GRC,NA,NA,NA,NA,NA,NA,NA,NA,NA,NA,0.1132673864,0.1132673864,0.1132673864,0.0820055877536,0.039077248308,0.035962395182,0.039000368069481,0.037000349194123,0.033000311443407,0.002000018875358,0.036000339756444,0.035000330318765,0.037000349194123,0.027000254817333,0.025000235941975,0.016000151002864,0.023000217066617,0.021000198191259,0.014000132127506,0.011000103814469,0.007000066063753,0.006000056626074,0.006000056626074,0.006000056626074,0.005000047188395,0.004000037750716,NA,NA,,,,,,
Grenada,GRD,NA,NA,NA,NA,NA,NA,NA,NA,NA,NA,0,0,0,0,0,0,0,0,0,0,0,0,0,0,0,0,0,0,0,0,0,0,0,0,0,0,NA,NA,,,,,,
Greenland,GRL,NA,NA,NA,NA,NA,NA,NA,NA,NA,NA,0,0,0,0,0,0,0,0,0,0,0,0,0,0,0,0,0,0,0,0,0,0,0,0,0,0,NA,NA,,,,,,
Guatemala,GTM,NA,NA,NA,NA,NA,NA,NA,NA,NA,NA,0,0,0,0,0,0,0,0,0,0,0,0,0,0,0,0,0,0,0,0,0,0,0,0,0,0,NA,NA,,,,,,
French Guiana,GUF,NA,NA,NA,NA,NA,NA,NA,NA,NA,NA,0,0,0,0,0,0,0,0,0,0,0,0,0,0,0,0,0,0,0,0,0,0,ie,ie,ie,ie,ie,ie,ie,ie,ie,ie,ie,ie
Guam,GUM,NA,NA,NA,NA,NA,NA,NA,NA,NA,NA,0,0,0,0,0,0,0,0,0,0,0,0,0,0,0,0,0,0,0,0,0,0,0,0,0,0,NA,NA,,,,,,
Guyana,GUY,NA,NA,NA,NA,NA,NA,NA,NA,NA,NA,0,0,0,0,0,0,0,0,0,0,0,0,0,0,0,0,0,0,0,0,0,0,0,0,0,0,NA,NA,,,,,,
Hawaiian Trade Zone,HITZ,,,,,,,,,,,,,,,,,,,,,,,,,,,,,,,,,,,,,,,--,--,,,,
Hong Kong,HKG,NA,NA,NA,NA,NA,NA,NA,NA,NA,NA,0,0,0,0,0,0,0,0,0,0,0,0,0,0,0,0,0,0,0,0,0,0,0,0,0,0,NA,NA,,,,,,
Honduras,HND,NA,NA,NA,NA,NA,NA,NA,NA,NA,NA,0,0,0,0,0,0,0,0,0,0,0,0,0,0,0,0,0,0,0,0,0,0,0,0,0,0,NA,NA,,,,,,
Croatia,HRV,--,--,--,--,--,--,--,--,--,--,--,--,1.8200086815218,2.068019517120172,1.800101938362,1.970003017962,1.800101938362,1.6000151002864,1.57001481715603,1.55001462840245,1.66001566654714,1.76001661031504,1.55001462840245,1.85001745970615,1.64001547779356,1.54001453402566,2.03001915848837,2.037019224552123,2.035019205676765,1.98001868660442,2.094019762499826,2.135020149444665,1.986018743230494,1.76001661031504,1.747016487625213,1.829017261514891,NA,NA,,,,,,
Haiti,HTI,NA,NA,NA,NA,NA,NA,NA,NA,NA,NA,0,0,0,0,0,0,0,0,0,0,0,0,0,0,0,0,0,0,0,0,0,0,0,0,0,0,NA,NA,,,,,,
Hungary,HUN,NA,NA,NA,NA,NA,NA,NA,NA,NA,NA,4.8704976152,4.9837650016,5.056822465828,5.0420410719028,4.851045782180829,4.88607188083,4.668044055085572,4.369041233219551,3.877036589881483,3.401032097546279,3.194030143946726,3.246030634706034,3.123029473871517,2.97002802990663,3.074029011425246,3.05002878492095,3.099029247367221,2.623024755032017,2.65002500984935,2.971028039344309,2.9000273692691,2.766026104620114,2.234021083774886,1.96001849785084,1.859017544645261,1.772016723567188,NA,NA,,,,,,
Indonesia,IDN,NA,NA,NA,NA,NA,NA,NA,NA,NA,NA,61.1360718094,69.7106579006031,73.13069017746527,75.360473361978,83.310711213394,85.100902255446,89.47084438914013,88.68083693337373,84.38079635135402,86.88081994555152,82.15077530532984,79.5007502954805,86.14081296166906,89.35084325661865,85.8008097528582,84.5007974838755,83.67078965060193,79.4007493517126,81.64677054873964,86.61081739737818,96.44091016976276,92.17086987087343,91.47086326449813,91.07085948942652,89.45084420038656,89.000839953431,NA,NA,,,,,,
India,IND,NA,NA,NA,NA,NA,NA,NA,NA,NA,NA,18.2360492104,18.9439703754,18.645175823940722,18.059918424548,19.410065670436,21.170240855092,22.95021659473305,23.58022254047082,24.81023414881599,24.56023178939624,22.1002085727059,21.9002066851701,31.53029757001887,31.87030077882973,32.13030323262627,33.7003180497823,31.7002991744243,32.3003048370317,33.12031257592848,41.7003935512143,53.33050331142107,48.57045838806903,42.75040346077725,35.97033947331363,33.592317030512966,32.093302883432145,NA,NA,,,,,,
Ireland,IRL,NA,NA,NA,NA,NA,NA,NA,NA,NA,NA,2.3219814212,2.3786151144,2.3480046032254,2.668013286652,2.71416974661,2.778165819926,2.678025274104362,2.36002227292244,1.742016440436818,1.366012891869514,1.186011193087294,0.815007691708385,0.838007908775002,0.673006351557967,0.855008069215545,0.572005398352388,0.508004794340932,0.457004313019303,0.438004133703402,0.391003690132489,0.277002614237083,0.229002161228491,0.209001972474911,0.179001689344541,0.152001434527208,0.132001245773628,NA,NA,,,,,,
Iran,IRN,NA,NA,NA,NA,NA,NA,NA,NA,NA,NA,54.5304877356316,57.8513176038,58.2005492729178,60.00056626074,66.150702173794,75.640810143318,82.4007776647496,82.6007795522854,89.000839953431,102.6009683058654,109.6010343696184,114.33107900984007,121.001141959159,129.001217460591,135.001274086665,161.5015241851585,167.8015836425362,174.2016440436818,180.42470277435822,210.33198502702407,220.12207742190148,224.12211517261747,231.33418323715844,228.88916016203328,244.55330799383714,257.62543136317703,NA,NA,,,,,,
Iraq,IRQ,NA,NA,NA,NA,NA,NA,NA,NA,NA,NA,9.0897077586,1.8972287222,3.11002935118169,2.7500188744056,3.409914667572,3.409914667572,3.48003284312292,3.8000358631802,4.000037750716,4.38004133703402,4.35004105390365,3.95003727883205,3.55003350376045,2.3000217066617,2.8000264255012,11.35010711765665,11.9001123083801,12.05011372403195,14.7811394983333,16.577156448404782,16.885159355209915,18.69117639965819,20.496193434668783,21.39020187195381,21.853206241599185,25.061236517673418,NA,NA,,,,,,
Iceland,ISL,0,0,0,0,0,0,0,0,0,0,0,0,0,0,0,0,0,0,0,0,0,0,0,0,0,0,0,0,0,0,0,0,0,0,0,0,0,0,,,,,,
Israel,ISR,0,0,0,0,0,0,0,0,0,0,0.0299875405494,0.0299875405494,0.021520803416,0.03000028313037,0.030015857396,0.020104961086,0.02000018875358,0.02000018875358,0.02000018875358,0.01000009437679,0.01000009437679,0.01000009437679,0.01000009437679,0.04000037750716,1.19001123083801,1.66001566654714,1.000009437679,2.76002604799404,3.46003265436934,2.8000264255012,3.23003048370317,4.31004067639649,2.28002151790812,5.48005171848092,8.83008333470557,9.43008899731297,0,0,,,,,,
Italy,ITA,NA,NA,NA,NA,NA,NA,NA,NA,NA,NA,17.3015932726,17.3865438124,18.15017129387385,19.55918459156356,20.63731780208,20.384165193476,20.034189074461086,19.267181835761292,19.00917940084011,17.476164932878206,16.633156976914808,15.242143849103318,14.623138007180017,13.885131042172915,12.96112232175752,12.071113922223208,10.97910361627774,9.706091602112375,9.255087345719145,8.013075624121827,8.406079333129673,8.449079738949871,8.605081211227795,7.735073000447065,7.149067469967171,6.771063902524509,NA,NA,,,,,,
Jamaica,JAM,NA,NA,NA,NA,NA,NA,NA,NA,NA,NA,0,0,0,0,0,0,0,0,0,0,0,0,0,0,0,0,0,0,0,0,0,0,0,0,0,0,NA,NA,,,,,,
Jordan,JOR,NA,NA,NA,NA,NA,NA,NA,NA,NA,NA,0.129974325894,0.129974325894,0.15007928698,0.2000018875358,0.280053612874,0.289964509184,0.27000254817333,0.29000273692691,0.28000264255012,0.28000264255012,0.29000273692691,0.29000273692691,0.31000292568049,0.31000292568049,0.31000292568049,0.28000264255012,0.32000302005728,0.25000235941975,0.21000198191259,0.22000207628938,0.22000207628938,0.199001878098121,0.18000169878222,0.166001566654714,0.145001368463455,0.151001425089529,NA,NA,,,,,,
Japan,JPN,NA,NA,NA,NA,NA,NA,NA,NA,NA,NA,2.245021187589355,2.351022187983329,2.327021961479033,2.398022631554242,2.385022508864415,2.41002274480639,2.346022140794934,2.442023046812118,2.423022867496217,2.44002302793676,2.636024877721844,2.603024566278437,2.904027407019816,2.969028020468951,3.12002944555848,3.312031257592848,3.595033928456005,3.934037127829186,3.909036891887211,3.751035400733929,3.526033277256154,3.517033192317043,3.351031625662329,3.061028888735419,4.781045121543299,2.827026680318533,NA,NA,,,,,,
Kazakhstan,KAZ,--,--,--,--,--,--,--,--,--,--,--,--,8.10003396993,6.700049074026,4.500113261672,4.790360939322,4.240164609884,6.1000575698419,5.5000519072345,4.6000434133234,8.9000839953431,10.08009513180432,13.1001236335949,16.597156637158363,22.10220859158126,22.21020961085059,24.77023377130883,27.77026208434583,30.86029124677394,33.68031786102872,35.08033107377932,37.05034966600695,37.8003567442662,39.3003709007847,40.5003822259995,42.9004048764291,46.40004373780093,52.90004986486356,,,,,,
Kenya,KEN,NA,NA,NA,NA,NA,NA,NA,NA,NA,NA,0,0,0,0,0,0,0,0,0,0,0,0,0,0,0,0,0,0,0,0,0,0,0,0,0,0,NA,NA,,,,,,
Kyrgyzstan,KGZ,--,--,--,--,--,--,--,--,--,--,--,--,0.099958468498,0.039926753706,0.035112889784,0.034829721318,0.02406931961,0.018000169878222,0.014000132127506,0.01000009437679,0.013000122689827,0.016000151002864,0.01000009437679,0.027000254817333,0.029000273692691,0.03000028313037,0.026000245379654,0.0184001736532936,0.03000028313037,0.0154001453402566,0.012000113252148,0.01000009437679,0.006000056626074,0.032000302005728,0.034000320881086,0.03000028313037,NA,NA,,,,,,
Cambodia,KHM,NA,NA,NA,NA,NA,NA,NA,NA,NA,NA,0,0,0,0,0,0,0,0,0,0,0,0,0,0,0,0,0,0,0,0,0,0,0,0,0,0,NA,NA,,,,,,
Kiribati,KIR,NA,NA,NA,NA,NA,NA,NA,NA,NA,NA,0,0,0,0,0,0,0,0,0,0,0,0,0,0,0,0,0,0,0,0,0,0,0,0,0,0,NA,NA,,,,,,
Saint Kitts and Nevis,KNA,NA,NA,NA,NA,NA,NA,NA,NA,NA,NA,0,0,0,0,0,0,0,0,0,0,0,0,0,0,0,0,0,0,0,0,0,0,0,0,0,0,NA,NA,,,,,,
South Korea,KOR,NA,NA,NA,NA,NA,NA,NA,NA,NA,NA,0,0,0,0,0,0,0,0,0,0,0,0,0,0,0,0.492004643338068,0.438004133703402,0.354003340938366,0.217002047976343,0.501004728277179,0.541005105784339,0.453004275268587,0.436004114828044,0.463004369645377,0.322003038932638,0.188001774283652,NA,NA,,,,,,
Kuwait,KWT,NA,NA,NA,NA,NA,NA,NA,NA,NA,NA,7.07921165,15.999018329,3.6000339756444,6.92006530873868,7.560031705268,7.560031705268,7.56007134885324,10.87010258757073,10.59009994502061,10.14009569806506,11.2001057020048,10.00009437679,9.7000915454863,11.2001057020048,12.000113252148,13.3001255211307,14.31013505318649,13.31012561550749,13.87013090060773,11.689110317029831,11.95011278026405,13.75012976808625,15.742148567942818,16.52915599539619,15.25014392460475,17.13116167687895,NA,NA,,,,,,
Laos,LAO,NA,NA,NA,NA,NA,NA,NA,NA,NA,NA,0,0,0,0,0,0,0,0,0,0,0,0,0,0,0,0,0,0,0,0,0,0,0,0,0,0,NA,NA,,,,,,
Lebanon,LBN,NA,NA,NA,NA,NA,NA,NA,NA,NA,NA,0,0,0,0,0,0,0,0,0,0,0,0,0,0,0,0,0,0,0,0,0,0,0,0,0,0,NA,NA,,,,,,
Liberia,LBR,NA,NA,NA,NA,NA,NA,NA,NA,NA,NA,0,0,0,0,0,0,0,0,0,0,0,0,0,0,0,0,0,0,0,0,0,0,0,0,0,0,NA,NA,,,,,,
Libya,LBY,NA,NA,NA,NA,NA,NA,NA,NA,NA,NA,16.1972362552,15.569734934544,14.233230350480667,12.41011712159639,12.510099659414,12.459978840932,12.64011929226256,12.91012184043589,12.6001189147554,9.2000868266468,10.15009579244185,10.33009749122407,10.36009777435444,12.76012042478404,16.56015628796424,21.845206166097753,27.065255430782134,29.2192757595427,30.31028605605049,29.28927642018023,30.257285555853503,9.86109306495262,17.52016534813608,17.21016242245559,17.65016657503435,16.75015808112325,NA,NA,,,,,,
Saint Lucia,LCA,NA,NA,NA,NA,NA,NA,NA,NA,NA,NA,0,0,0,0,0,0,0,0,0,0,0,0,0,0,0,0,0,0,0,0,0,0,0,0,0,0,NA,NA,,,,,,
Sri Lanka,LKA,NA,NA,NA,NA,NA,NA,NA,NA,NA,NA,0,0,0,0,0,0,0,0,0,0,0,0,0,0,0,0,0,0,0,0,0,0,0,0,0,0,NA,NA,,,,,,
Lesotho,LSO,NA,NA,NA,NA,NA,NA,NA,NA,NA,NA,0,0,0,0,0,0,0,0,0,0,0,0,0,0,0,0,0,0,0,0,0,0,0,0,0,0,NA,NA,,,,,,
Lithuania,LTU,--,--,--,--,--,--,--,--,--,--,--,--,0,0,0,0,0,0,0,0,0,0,0,0,0,0,0,0,0,0,0,0,0,0,0,0,NA,NA,,,,,,
Luxembourg,LUX,NA,NA,NA,NA,NA,NA,NA,NA,NA,NA,0,0,0,0,0,0,0,0,0,0,0,0,0,0,0,0,0,0,0,0,0,0,0,0,0,0,NA,NA,,,,,,
Latvia,LVA,--,--,--,--,--,--,--,--,--,--,--,--,0,0,0,0,0,0,0,0,0,0,0,0,0,0,0,0,0,0,0,0,0,0,0,0,NA,NA,,,,,,
Macau,MAC,NA,NA,NA,NA,NA,NA,NA,NA,NA,NA,0,0,0,0,0,0,0,0,0,0,0,0,0,0,0,0,0,0,0,0,0,0,0,0,0,0,NA,NA,,,,,,
Morocco,MAR,NA,NA,NA,NA,NA,NA,NA,NA,NA,NA,0.0566336932,0.03891228036385341,0.02399334283304802,0.0299875405494,0.030015857396,0.020104961086,0.020104961086,0.05000047188395,0.05000047188395,0.04000037750716,0.05000047188395,0.05000047188395,0.05000047188395,0.05000047188395,0.04000037750716,0.04567963347061053,0.06664817453624457,0.06393097972822842,0.07000066063753,0.07000066063753,0.08000075501432,0.07000066063753,0.089000839953431,0.107001009831653,0.117001104208443,0.114001075895406,NA,NA,,,,,,
Moldova,MDA,--,--,--,--,--,--,--,--,--,--,--,--,0,0,0,0,0,0,0,0,0,0,0,0,0,0,0.05000047188395,0,0,0,0,0,0,0,0,0.01000009437679,NA,NA,,,,,,
Madagascar,MDG,NA,NA,NA,NA,NA,NA,NA,NA,NA,NA,0,0,0,0,0,0,0,0,0,0,0,0,0,0,0,0,0,0,0,0,0,0,0,0,0,0,NA,NA,,,,,,
Maldives,MDV,NA,NA,NA,NA,NA,NA,NA,NA,NA,NA,0,0,0,0,0,0,0,0,0,0,0,0,0,0,0,0,0,0,0,0,0,0,0,0,0,0,NA,NA,,,,,,
Mexico,MEX,NA,NA,NA,NA,NA,NA,NA,NA,NA,NA,36.396209271912,36.3313212179281,35.67733670807368,37.50135392240018,38.37536217093162,38.57836408678046,44.70542191143969,46.26043658703054,49.39846620246724,48.06745364091649,49.274465032195046,47.62644947890006,47.742450573670816,49.07846318240996,50.39747563070856,53.58250568971618,59.944565732229975,66.72362971025592,75.09970876025523,72.6666351112268,72.5559162410208,68.1538925359712,66.1711186201926,65.8412556741492,67.511185068691,66.158630890842,60.0330856671776,52.38113119150606,,,,,,
Middle East,MIDE,NA,NA,NA,NA,NA,NA,NA,NA,NA,NA,174.102591714275,202.7279220411354,213.406722288702,223.3129527859685,232.982235602354,255.082118531324,273.6025821489744,259.18244605764323,273.2825791289171,293.1327664668453,318.8030087320652,339.22320144947037,359.62339397812195,382.8036127435212,413.9639068215988,463.5843751192308,485.3945809550098,522.2849291109882,556.7012539181486,596.6316307646711,653.8561708264142,687.4524878946778,717.0717674292921,736.3049489441723,753.1741081483794,766.390232876745,,,,,,,,
North Macedonia,MKD,--,--,--,--,--,--,--,--,--,--,--,--,0,0,0,0,0,0,0,0,0,0,0,0,0,0,0,0,0,0,0,0,0,0,0,0,NA,NA,,,,,,
Mali,MLI,NA,NA,NA,NA,NA,NA,NA,NA,NA,NA,0,0,0,0,0,0,0,0,0,0,0,0,0,0,0,0,0,0,0,0,0,0,0,0,0,0,NA,NA,,,,,,
Malta,MLT,NA,NA,NA,NA,NA,NA,NA,NA,NA,NA,0,0,0,0,0,0,0,0,0,0,0,0,0,0,0,0,0,0,0,0,0,0,0,0,0,0,NA,NA,,,,,,
Burma,MMR,NA,NA,NA,NA,NA,NA,NA,NA,NA,NA,1.132673864,1.0851942756476134,1.132673864,1.0999962230236,1.4300007533,1.640111755072,1.6000151002864,1.51001425089529,1.76001661031504,1.92001812034368,3.51003312625329,7.3000688950567,8.8000830515752,10.3000972080937,10.9001028707011,13.75012976808625,13.25012504924675,14.12013326002748,13.000122689827,12.02011344090158,12.42011721597318,12.76012042478404,12.72012004727688,13.07012335046453,15.59014713341561,18.35017318140965,NA,NA,,,,,,
Montenegro,MNE,--,--,--,--,--,--,--,--,--,--,--,--,--,--,--,--,--,--,--,--,--,--,--,--,--,--,0,0,0,0,0,0,0,0,0,0,NA,NA,,,,,,
Mongolia,MNG,NA,NA,NA,NA,NA,NA,NA,NA,NA,NA,0,0,0,0,0,0,0,0,0,0,0,0,0,0,0,0,0,0,0,0,0,0,0,0,0,0,NA,NA,,,,,,
Northern Mariana Islands,MNP,NA,NA,NA,NA,NA,NA,NA,NA,NA,NA,NA,NA,NA,NA,NA,NA,NA,NA,NA,NA,NA,NA,NA,NA,NA,NA,NA,NA,NA,NA,NA,NA,NA,NA,NA,NA,NA,NA,NA,NA,NA,NA,NA,NA
Mozambique,MOZ,NA,NA,NA,NA,NA,NA,NA,NA,NA,NA,0,0,0,0,0,0,0,0,0.06000056626074,0.06000056626074,0.06000056626074,0.06000056626074,0.06000056626074,0.08000075501432,1.16001094770764,2.21002085727059,2.58002434921182,2.64002491547256,2.94002774677626,2.68002529297972,3.12002944555848,3.82003605193378,4.89004615025031,5.28004983094512,5.6000528510024,5.7000537947703,NA,NA,,,,,,
Mauritania,MRT,NA,NA,NA,NA,NA,NA,NA,NA,NA,NA,0,0,0,0,0,0,0,0,0,0,0,0,0,0,0,0,0,0,0,0,0,0,0,0,0,0,NA,NA,,,,,,
Montserrat,MSR,NA,NA,NA,NA,NA,NA,NA,NA,NA,NA,0,0,0,0,0,0,0,0,0,0,0,0,0,0,0,0,0,0,0,0,0,0,0,0,0,0,NA,NA,,,,,,
Martinique,MTQ,NA,NA,NA,NA,NA,NA,NA,NA,NA,NA,0,0,0,0,0,0,0,0,0,0,0,0,0,0,0,0,0,0,0,0,0,0,ie,ie,ie,ie,ie,ie,ie,ie,ie,ie,ie,ie
Mauritius,MUS,,,,,,,,,,,0,0,0,0,0,0,0,0,0,0,0,0,0,0,0,0,0,0,0,0,0,0,0,0,0,0,,,,,,,,
Malawi,MWI,NA,NA,NA,NA,NA,NA,NA,NA,NA,NA,0,0,0,0,0,0,0,0,0,0,0,0,0,0,0,0,0,0,0,0,0,0,0,0,0,0,NA,NA,,,,,,
Malaysia,MYS,NA,NA,NA,NA,NA,NA,NA,NA,NA,NA,19.5001840347405,21.3002010225627,21.8002057414022,28.2002661425478,30.55028832109345,36.84034768409436,42.32039940257528,48.59045857682261,48.38045659491002,51.38048490794702,56.93053728706547,58.75055446364125,60.79057371650641,60.94057513215826,63.16059608380564,71.38067366152703,74.000698388246,75.24071009096797,76.000717263604,75.5007125447645,76.97072641815264,76.28071990615412,77.15072811693484,80.05075548620395,80.67176134700262,78.2337383379412,NA,NA,,,,,,
Namibia,NAM,--,--,--,--,--,--,--,--,--,--,0,0,0,0,0,0,0,0,0,0,0,0,0,0,0,0,0,0,0,0,0,0,0,0,0,0,NA,NA,,,,,,
New Caledonia,NCL,NA,NA,NA,NA,NA,NA,NA,NA,NA,NA,0,0,0,0,0,0,0,0,0,0,0,0,0,0,0,0,0,0,0,0,0,0,0,0,0,0,NA,NA,,,,,,
Niger,NER,NA,NA,NA,NA,NA,NA,NA,NA,NA,NA,0,0,0,0,0,0,0,0,0,0,0,0,0,0,0,0,0,0,0,0,0,0,0,0,0,0,NA,NA,,,,,,
Nigeria,NGA,NA,NA,NA,NA,NA,NA,NA,NA,NA,NA,27.6938759748,29.7893226232,32.7003086121033,33.68031786102872,33.680340514506,34.950351084516,36.83034758971757,32.28030464827812,31.75029964630825,30.7002897367453,34.86032899748994,39.3003709007847,38.1003595755699,44.000415257876,45.4004284706266,58.35055068856965,61.8005832485622,68.4006455372436,72.6386855341272,51.99049066493121,67.72063911962188,84.00479280278671,84.84680074931244,79.62675148462806,86.32581470763968,85.22380430731742,NA,NA,,,,,,
Nicaragua,NIC,NA,NA,NA,NA,NA,NA,NA,NA,NA,NA,0,0,0,0,0,0,0,0,0,0,0,0,0,0,0,0,0,0,0,0,0,0,0,0,0,0,NA,NA,,,,,,
Niue,NIU,NA,NA,NA,NA,NA,NA,NA,NA,NA,NA,0,0,0,0,0,0,0,0,0,0,0,0,0,0,0,0,0,0,0,0,0,0,0,0,0,0,NA,NA,,,,,,
Netherlands,NLD,NA,NA,NA,NA,NA,NA,NA,NA,NA,NA,76.2057191983282,86.15181306548352,86.69881822789394,88.24683283742104,83.73579026405106,85.1438035523031,96.36790948081219,85.27780481695208,81.33976765137218,75.64071386603956,72.95668853530913,78.405739961222,75.72871469655531,72.90968809173822,85.97581140445203,78.55074132968545,77.32672977796635,76.04271765998652,83.6817897544164,78.76174332103572,88.55483574422617,80.62676092230706,80.19575685466741,86.23281382993552,70.02766089234733,54.06051020092674,NA,NA,,,,,,
Netherlands Antilles,NLDA,NA,NA,NA,NA,NA,NA,NA,NA,NA,NA,0,0,0,0,0,0,0,0,0,0,0,0,0,0,0,0,0,0,0,0,0,0,0,0,0,0,NA,NA,,,,,,
North America,NOAM,NA,NA,NA,NA,NA,NA,NA,NA,NA,NA,784.4803471122492,797.2142661004585,820.4314315263107,852.0264802949938,889.5754000917578,903.4348351530679,924.8635732233416,931.8489744169932,937.6965621540363,933.4734974365266,951.264441384334,963.0333353794321,946.1560546770853,947.5038987156214,947.1452412177758,936.817793192304,946.8161522561006,981.0466241978322,1009.6936285505656,1006.6855291433758,1021.4936844424752,1063.441880785416,1081.4039524703012,1084.642521276126,1149.7713689526145,1189.3844456504046,,,,,,,,
Non-OECD,NOEC,NA,NA,NA,NA,NA,NA,NA,NA,NA,NA,1481.8024727297854,1511.1214469848396,1483.9094285109923,1490.9952070377683,1478.799026099167,1515.0206923098692,1551.893707057232,1529.7734373743895,1565.1627713644116,1609.8741933324773,1695.0309092065843,1736.506609962198,1816.8194303337914,1906.9033086277943,2006.3237667467117,2176.6240755567596,2253.0213654250797,2359.861518857513,NA,NA,NA,NA,2693.94408001424,2732.1222239635567,2747.3701141115303,2772.884625826202,,,,,,,,
Norway,NOR,NA,NA,NA,NA,NA,NA,NA,NA,NA,NA,28.2035792136,41.9655666612,42.64324260234654,41.5803725969002,45.010477176098,47.190591195832,59.45056107001655,70.37066412947124,74.29070112517292,81.7907719077654,90.27085193928333,94.57089252130304,105.79099841206141,118.27111619429533,127.75120566349224,130.8012344484132,129.5012221794305,136.7012901307193,141.25133307215876,144.8013665759192,148.75140385475126,147.16138884884165,160.66151625750814,148.94140564791027,154.61145915955018,163.2015402292128,NA,NA,,,,,,
Nepal,NPL,NA,NA,NA,NA,NA,NA,NA,NA,NA,NA,0,0,0,0,0,0,0,0,0,0,0,0,0,0,0,0,0,0,0,0,0,0,0,0,0,0,NA,NA,,,,,,
Nauru,NRU,NA,NA,NA,NA,NA,NA,NA,NA,NA,NA,0,0,0,0,0,0,0,0,0,0,0,0,0,0,0,0,0,0,0,0,0,0,0,0,0,0,NA,NA,,,,,,
New Zealand,NZL,NA,NA,NA,NA,NA,NA,NA,NA,NA,NA,4.8421807686,5.3518840074,5.618053020880622,6.0900475645688,5.028047452650012,4.732044659097028,5.377050746399983,5.733054106213707,5.026047433774654,5.761054370468719,6.107057635905653,6.476061118409204,6.034056946955086,4.672044092836288,4.183039477811257,4.151039175805529,4.000037750716,4.502042488430858,4.458042073172982,4.67004407396093,5.033047499838407,4.534042790436586,4.769045008291151,4.862045885995298,5.316050170701564,5.138048490794702,NA,NA,,,,,,
OECD - Asia And Oceania,OEAO,NA,NA,NA,NA,NA,NA,NA,NA,NA,NA,27.786816820789355,29.28034330458333,30.934291945162187,33.14330288209879,33.96532055076724,36.56434507929496,38.15036004745385,38.343361868925896,38.74036561568446,40.204379432446515,41.865395108431336,42.87040459329873,44.136416541400344,41.90839551425153,41.74639398534753,43.965414927557234,45.69643126417959,48.54145811437634,49.48646703298299,51.384484945697736,62.00158514553568,65.17061505354043,62.83059296937157,70.40466445035231,73.35969233869376,75.66971413973225,,,,,,,,
OECD,OECD,NA,NA,NA,NA,NA,NA,NA,NA,NA,NA,1039.3576571129113,1091.6948625040502,1106.6293564441582,1160.9987715850384,1207.1702312032173,1233.7253995603437,1298.3110084698712,1304.5044913869478,1315.0771237170243,1325.3241955627298,1357.4272745825988,1377.492246872682,1364.4890027319036,1367.7538648624704,1383.7803620009954,1363.4488195609827,1368.8701354285226,1405.5956309172632,1445.5977424348416,1433.1735541624664,1469.5599131078034,1491.9159245477372,1507.971978244406,1508.7875241827346,1563.269271376255,1599.1723130602559,,,,,,,,
OECD - Europe,OEEU,NA,NA,NA,NA,NA,NA,NA,NA,NA,NA,217.46109464192332,255.76907248725902,245.20942745234095,266.2471494297035,273.8392440172082,282.246003379409,322.19695156548096,318.2420034375273,321.1800311654282,333.5661480605203,346.9072739685958,353.6283373992364,356.8143674676817,361.82441475045346,377.54356310132965,363.29242860496623,351.28631529619213,344.8882549139219,351.9793218365037,336.43817516553435,349.1232948824925,325.81207488075734,328.70710220283803,316.0509827595726,300.9538402789327,295.865792260022,,,,,,,,
OECD - North America,OENA,NA,NA,NA,NA,NA,NA,NA,NA,NA,NA,784.4803471122492,797.2142661004585,820.4314315263107,852.0264802949938,889.5754000917578,903.4348351530679,924.8635732233416,931.8489744169932,937.6965621540363,933.4734974365266,951.264441384334,963.0333353794321,946.1560546770853,947.5038987156214,947.1452412177758,936.817793192304,946.8161522561006,981.0466241978322,1009.6936285505656,1006.6855291433758,1021.4936844424752,1063.441880785416,1081.4039524703012,1084.642521276126,1149.7713689526145,1189.3844456504046,,,,,,,,
Oman,OMN,NA,NA,NA,NA,NA,NA,NA,NA,NA,NA,5.2669334676,5.320169139208,6.088122019,6.430047941695,6.720154035112,7.579853497888,7.12006719627448,10.29009711371691,10.48009890687592,11.55010900519245,13.71012939057909,20.68019517120172,21.65020432575035,24.9002349982071,27.5002595361725,25.99024528527721,29.78028105408062,30.3002859616737,30.25028548978975,31.065293181498134,33.3003142747107,32.77030927274083,35.97033947331363,37.16035070415164,37.90735775409785,37.82035693301978,NA,NA,,,,,,
OPEC - Africa,OPAF,NA,NA,NA,NA,NA,NA,NA,NA,NA,NA,173.0725664192,174.08076759334742,176.65293819754046,184.36159976210976,183.751698777458,189.621497909172,193.1118225101917,201.61190273046319,201.79190442924542,198.84187658809236,215.3920327816798,217.33205109077707,218.11205845216668,230.81217831069,241.8222822195358,286.29870196974696,295.86779227889735,310.0139257843045,321.45703377966527,296.6087992722175,309.1699178189034,303.92486831827705,305.13287971899325,297.2568053878335,310.88193397620984,305.97788769383203,,,,,,,,
OPEC,OPEC,NA,NA,NA,NA,NA,NA,NA,NA,NA,NA,364.6526273403076,389.76282576543144,386.8140522929685,400.08789734363694,409.873895122496,438.60388451439,464.6743854063009,453.6942817805855,465.4943931451977,472.0144546788648,505.03476631102535,524.004945343796,538.195079264461,559.0152757569377,593.5156013568633,695.380562716597,700.3916100088064,741.9500022198703,771.6182822169309,775.2643166267085,808.4596299104629,821.1647498161745,842.3959501875374,838.4239127010765,869.684207722922,895.8354545276655,NA,NA,,,,,,
Non-OPEC,OPNO,NA,NA,NA,NA,NA,NA,NA,NA,NA,NA,2156.507502502389,2213.0534837234586,2203.724732662182,2251.90608127917,2276.095362179888,2310.142207355823,2385.5303301208023,2380.583646980752,2414.7455019362383,2463.183934216342,2547.4234174781577,2589.993911491084,2643.113353801234,2715.641897733327,2796.588527390844,2844.692332401145,2921.499890844796,3023.507147554906,NA,NA,NA,NA,3359.520108071109,3402.485835445215,3440.955177764863,3476.221484358792,NA,NA,,,,,,
OPEC - South America,OPSA,NA,NA,NA,NA,NA,NA,NA,NA,NA,NA,41.763384376476,42.326323286884,42.47639974217934,42.1637845874,44.44045905404,47.540587419808,54.54051473101266,59.15055823871285,61.35057900160665,57.07053860834053,60.5005709795795,62.37058862803923,61.98058494734442,52.5004954781475,57.4005417227746,73.3486922348793,53.000500196987,71.62267594544534,71.97867930525906,72.17068111729343,71.07567078303492,73.27469153649105,75.96871696159828,76.44072141618275,76.71772403041984,80.19675686410508,NA,NA,,,,,,
Pakistan,PAK,NA,NA,NA,NA,NA,NA,NA,NA,NA,NA,15.3760477038,15.1211960844,15.594512175319,16.5087215678,17.760043019054,18.290134387406,19.72018611102988,19.78018667729062,20.1001896973479,22.2002095164738,24.23022867496217,24.79023396006241,26.36024877721844,28.8002718051552,31.000292568049,34.4003246561576,40.02037769591358,40.02037769591358,41.12038807736048,41.81039458935899,42.83040421579157,41.67039326808393,46.1004350770019,41.8003944949822,41.17038854924443,41.2003888323748,NA,NA,,,,,,
Panama,PAN,NA,NA,NA,NA,NA,NA,NA,NA,NA,NA,0,0,0,0,0,0,0,0,0,0,0,0,0,0,0,0,0,0,0,0,0,0,0,0,0,0,NA,NA,,,,,,
Peru,PER,NA,NA,NA,NA,NA,NA,NA,NA,NA,NA,1.0194064776,1.0075348911311792,0.913169031536916,1.309937323716,1.330042284802,1.2600996737,1.25001179709875,0.97000915454863,0.94000887141826,0.92000868266468,0.82000773889678,0.9000084939111,1.75001651593825,1.84001736532936,3.43003237123897,5.54005228474166,7.08006681876732,8.17007710583743,7.67007238699793,10.85010239881715,13.9001311837381,14.47013656321513,15.81014920970499,16.2001528903998,18.39017355891681,17.32016346060028,NA,NA,,,,,,
Persian Gulf,PERG,NA,NA,NA,NA,NA,NA,NA,NA,NA,NA,164.9095557824316,192.773729272684,193.11664062164067,201.762779136675,209.591953973822,229.452257505198,245.79231968712142,227.27214490130632,239.5822610791348,256.9124246341119,277.9626232972548,291.4127502340374,308.5529119958554,328.05309603059595,355.16335188607366,406.6538378321653,427.3440330977439,451.2742589414023,484.3805713852033,524.7759526202465,574.3954209084408,609.4627518595303,641.031049788181,654.2981749978683,668.1413056436587,700.1886080929576,,,,,,,,
Philippines,PHL,NA,NA,NA,NA,NA,NA,NA,NA,NA,NA,0,0,0,0,0,0.00991089631,0.01000009437679,0.01000009437679,0.01000009437679,0.01000009437679,0.01000009437679,0.3000028313037,2.4000226504296,3.000028313037,3.000028313037,2.9000273692691,3.000028313037,3.4000320881086,3.44003246561576,3.72003510816588,3.43003237123897,3.95003727883205,3.55003350376045,4.11003878886069,3.25003067245675,3.08002906805132,NA,NA,,,,,,
Papua New Guinea,PNG,NA,NA,NA,NA,NA,NA,NA,NA,NA,NA,0,0,0.060031714792,0.08000075501432,0.050120818482,0.109869364808,0.14000132127506,0.12000113252148,0.12000113252148,0.12000113252148,0.12000113252148,0.12000113252148,0.12000113252148,0.15000141565185,0.15000141565185,0.11000103814469,0.15000141565185,0.15000141565185,0.14000132127506,0.11000103814469,0.12000113252148,0.11000103814469,0.11000103814469,0.11000103814469,4.75004482897525,9.8000924892542,NA,NA,,,,,,
Poland,POL,NA,NA,NA,NA,NA,NA,NA,NA,NA,NA,4.105942757,4.3607943764,4.204039676002516,5.166048755049714,4.889046140812631,5.066047811281814,5.015047329960185,5.101048141600579,5.118048302041122,4.974046943015346,5.224049302435096,5.462051548602698,5.579052652811141,5.626053096382054,5.965056295755235,6.081057390525999,6.016056777076864,6.061057201772419,5.774054493158546,5.884055531303236,6.097057541528863,6.266059136496614,6.336059797134144,6.242058909992318,6.096057532091184,6.148058022850492,NA,NA,,,,,,
Puerto Rico,PRI,NA,NA,NA,NA,NA,NA,NA,NA,NA,NA,0,0,0,0,0,0,0,0,0,0,0,0,0,0,0,0,0,0,0,0,0,0,0,0,0,0,NA,NA,,,,,,
North Korea,PRK,NA,NA,NA,NA,NA,NA,NA,NA,NA,NA,0,0,0,0,0,0,0,0,0,0,0,0,0,0,0,0,0,0,0,0,0,0,0,0,0,0,NA,NA,,,,,,
Portugal,PRT,NA,NA,NA,NA,NA,NA,NA,NA,NA,NA,0,0,0,0,0,0,0,0,0,0,0,0,0,0,0,0,0,0,0,0,0,0,0,0,0,0,NA,NA,,,,,,
Paraguay,PRY,NA,NA,NA,NA,NA,NA,NA,NA,NA,NA,0,0,0,0,0,0,0,0,0,0,0,0,0,0,0,0,0,0,0,0,0,0,0,0,0,0,NA,NA,,,,,,
Palestinian Territories,PSE,--,--,--,--,--,--,--,--,--,--,--,--,--,--,--,--,--,0,0,0,0,0,0,0,0,0,0,0,0,0,0,0,0,0,0,0,NA,NA,,,,,,
French Polynesia,PYF,NA,NA,NA,NA,NA,NA,NA,NA,NA,NA,0,0,0,0,0,0,0,0,0,0,0,0,0,0,0,0,0,0,0,0,0,0,0,0,0,0,NA,NA,,,,,,
Qatar,QAT,NA,NA,NA,NA,NA,NA,NA,NA,NA,NA,6.8526768772,10.130068702684,17.050139674792,18.4001736532936,18.300045283716,18.40028692068,18.95017884401705,23.71022376736909,26.2002472671898,29.3002765239947,37.15035060977485,35.05033079064895,38.1003595755699,40.05037797904395,48.47045744430113,57.6005436103104,62.000585136098,76.6007229262114,90.88785776233128,102.8009701934012,130.57123227774704,150.01741580285287,163.02653857761896,170.3216074254873,165.95656623001844,169.92760370704175,NA,NA,,,,,,
Reunion,REU,NA,NA,NA,NA,NA,NA,NA,NA,NA,NA,0,0,0,0,0,0,0,0,0,0,0,0,0,0,0,0,0,0,0,0,0,0,ie,ie,ie,ie,ie,ie,ie,ie,ie,ie,ie,ie
Romania,ROU,NA,NA,NA,NA,NA,NA,NA,NA,NA,NA,29.4778373106,25.0887260876,22.000207628938,21.4201936600302,19.890319388772,19.649909361138,18.26011853001,17.4001642156146,14.84014005515636,14.43013618570797,13.83013052310057,14.3001349588097,13.3001255211307,12.3001160834517,11.8001113646122,11.7001104208443,12.72012004727688,12.24011551719096,11.42010777829418,10.86010249319394,11.19010560762801,11.422107797169538,11.426107834920254,11.4191077688565,11.2001057020048,11.4001075895406,NA,NA,,,,,,
Russia,RUS,--,--,--,--,--,--,--,--,--,--,--,--,651.449444162552,617.705957080128,607.405704129378,594.805556897776,573.005407790067,545.3051463663587,563.9053219071881,565.005332288635,557.6052624498104,554.4052322492377,574.9054257216571,599.1056541134889,621.4058645737306,629.3559396032787,644.8060854154191,644.1060788090439,656.2146031084,583.0155546474,650.3061373226537,670.4763276806391,655.006181679745,668.006304369572,640.7060467209353,643.6060740902044,NA,NA,,,,,,
Rwanda,RWA,NA,NA,NA,NA,NA,NA,NA,NA,NA,NA,0,0,0,0,0,0,0,0,0,0,0,0,0,0,0,0,0,0,0,0,0,0,0,0,0,0,NA,NA,,,,,,
Saudi Arabia,SAU,NA,NA,NA,NA,NA,NA,NA,NA,NA,NA,49.2996299306,64.6756776344,66.10375708965819,67.3006351557967,70.200577574526,73.97068253085,77.65073283577435,47.57044895039003,49.78046980766062,48.69045952059051,53.46050453831934,57.000537947703,60.02056644949358,67.92064100715768,76.46072160493634,81.35076775518665,85.000802202715,85.73080909222067,89.05084042531495,92.04586869116355,99.47593881311853,104.94099039003426,111.22104965865837,114.12107702792748,116.72110156589288,119.83113091707457,NA,NA,,,,,,
Former Serbia and Montenegro,SCG,--,--,--,--,--,--,--,--,--,--,--,--,0.8459941090216,0.962009079047198,0.78720833548,0.9061390912,0.671006332682609,0.688006493123152,0.942008890293618,0.679006408184041,0.543005124659697,0.602005681482758,0.65000613449135,0.38000358631802,0.28000264255012,0.28000264255012,--,--,--,--,--,--,--,--,--,--,--,--,--,--,,--,--,
Sudan,SDN,NA,NA,NA,NA,NA,NA,NA,NA,NA,NA,0,0,0,0,0,0,0,0,0,0,0,0,0,0,0,0,0,0,0,0,0,0,0,0,0,0,NA,NA,,,,,,
Senegal,SEN,NA,NA,NA,NA,NA,NA,NA,NA,NA,NA,0,0,0,0.02000018875358,0.039926753706,0.050120818482,0.06000056626074,0.04000037750716,0.04000037750716,0.04000037750716,0.05000047188395,0.05000047188395,0.05000047188395,0.05000047188395,0.05000047188395,0.05000047188395,0.05000047188395,0.05000047188395,0.05000047188395,0.05000047188395,0.05000047188395,0.04000037750716,0.048000453008592,0.06000056626074,0.06000056626074,0.062000585136098,NA,NA,,,,,,
Singapore,SGP,NA,NA,NA,NA,NA,NA,NA,NA,NA,NA,0,0,0,0,0,0,0,0,0,0,0,0,0,0,0,0,0,0,0,0,0,0,0,0,0,0,NA,NA,,,,,,
Saint Helena,SHN,NA,NA,NA,NA,NA,NA,NA,NA,NA,NA,0,0,0,0,0,0,0,0,0,0,0,0,0,0,0,0,0,0,0,0,0,0,0,0,0,0,NA,NA,,,,,,
Solomon Islands,SLB,NA,NA,NA,NA,NA,NA,NA,NA,NA,NA,0,0,0,0,0,0,0,0,0,0,0,0,0,0,0,0,0,0,0,0,0,0,0,0,0,0,NA,NA,,,,,,
Sierra Leone,SLE,NA,NA,NA,NA,NA,NA,NA,NA,NA,NA,0,0,0,0,0,0,0,0,0,0,0,0,0,0,0,0,0,0,0,0,0,0,0,0,0,0,NA,NA,,,,,,
El Salvador,SLV,NA,NA,NA,NA,NA,NA,NA,NA,NA,NA,0,0,0,0,0,0,0,0,0,0,0,0,0,0,0,0,0,0,0,0,0,0,0,0,0,0,NA,NA,,,,,,
Somalia,SOM,NA,NA,NA,NA,NA,NA,NA,NA,NA,NA,0,0,0,0,0,0,0,0,0,0,0,0,0,0,0,0,0,0,0,0,0,0,0,0,0,0,NA,NA,,,,,,
Saint Pierre and Miquelon,SPM,NA,NA,NA,NA,NA,NA,NA,NA,NA,NA,0,0,0,0,0,0,0,0,0,0,0,0,0,0,0,0,0,0,0,0,0,0,0,0,0,0,NA,NA,,,,,,
Serbia,SRB,--,--,--,--,--,--,--,--,--,--,--,--,--,--,--,--,--,--,--,--,--,--,--,--,--,--,0.25000235941975,0.15000141565185,0.2000018875358,0.28000264255012,0.43000405820197,0.62000585136098,0.672006342120288,0.67000632324493,0.63000594573777,0.63000594573777,NA,NA,,,,,,
South Sudan,SSD,--,--,--,--,--,--,--,--,--,--,--,--,--,--,--,--,--,--,--,--,--,--,--,--,--,--,--,--,--,--,--,--,0,0,0,0,NA,NA,,,,,,
Sao Tome and Principe,STP,NA,NA,NA,NA,NA,NA,NA,NA,NA,NA,0,0,0,0,0,0,0,0,0,0,0,0,0,0,0,0,0,0,0,0,0,0,0,0,0,0,NA,NA,,,,,,
Former U.S.S.R.,SUN,NA,NA,NA,NA,NA,NA,NA,NA,NA,NA,844.4933161518,832.6285574264,--,--,--,--,--,--,--,--,--,--,--,--,--,--,--,--,--,--,--,--,--,--,--,--,--,--,--,--,,--,--,
Suriname,SUR,NA,NA,NA,NA,NA,NA,NA,NA,NA,NA,0,0,0,0,0,0,0,0,0,0,0,0,0,0,0,0,0,0,0,0,0,0,0,0,0,0,NA,NA,,,,,,
Slovakia,SVK,--,--,--,--,--,--,--,--,--,--,--,--,--,0.253002387732787,0.292002755802268,0.340085327666,0.314002963431206,0.289002727489231,0.26000245379654,0.213002010225627,0.173001632718467,0.2000018875358,0.186001755408294,0.204001925286516,0.171001613843109,0.148001396776492,0.199001878098121,0.144001359025776,0.113001066457727,0.115001085333085,0.114001075895406,0.13000122689827,0.164001547779356,0.137001292962023,0.106001000393974,0.099000934330221,NA,NA,,,,,,
Slovenia,SVN,--,--,--,--,--,--,--,--,--,--,--,--,0.016140602562,0.02000018875358,0.00991089631,0.00991089631,0.00991089631,0.013000122689827,0.009000084939111,0,0,0,0.006000056626074,0.005000047188395,0.005000047188395,0.004000037750716,0.004000037750716,0.003000028313037,0.003000028313037,0.003000028313037,0.007000066063753,0.002000018875358,0.002000018875358,0.003000028313037,0.003000028313037,0.003000028313037,NA,NA,,,,,,
Sweden,SWE,NA,NA,NA,NA,NA,NA,NA,NA,NA,NA,0,0,0,0,0,0,0,0,0,0,0,0,0,0,0,0,0,0,0,0,0,0,0,0,0,0,NA,NA,,,,,,
Eswatini,SWZ,NA,NA,NA,NA,NA,NA,NA,NA,NA,NA,0,0,0,0,0,0,0,0,0,0,0,0,0,0,0,0,0,0,0,0,0,0,0,0,0,0,NA,NA,,,,,,
Seychelles,SYC,NA,NA,NA,NA,NA,NA,NA,NA,NA,NA,0,0,0,0,0,0,0,0,0,0,0,0,0,0,0,0,0,0,0,0,0,0,0,0,0,0,NA,NA,,,,,,
Syria,SYR,NA,NA,NA,NA,NA,NA,NA,NA,NA,NA,3.7661405978,4.4740617628,5.440278488002713,4.65004388520735,4.75015101715,4.389960728398,5.78005454978462,6.4000604011456,7.62007191511398,7.88007436891052,7.93007484079447,7.13006729065127,9.000084939111,9.4000887141826,9.7000915454863,8.4000792765036,8.65008163592335,8.5000802202715,8.4000792765036,8.13007672833027,10.07009503742753,11.11010485261369,9.41008880855939,7.75007314201225,7.05006653563695,6.2000585136098,NA,NA,,,,,,
Turks and Caicos Islands,TCA,NA,NA,NA,NA,NA,NA,NA,NA,NA,NA,0,0,0,0,0,0,0,0,0,0,0,0,0,0,0,0,0,0,0,0,0,0,0,0,0,0,NA,NA,,,,,,
Chad,TCD,NA,NA,NA,NA,NA,NA,NA,NA,NA,NA,0,0,0,0,0,0,0,0,0,0,0,0,0,0,0,0,0,0,0,0,0.01000009437679,0.01000009437679,0.01000009437679,0.01000009437679,0.01000009437679,0.01000009437679,NA,NA,,,,,,
Togo,TGO,NA,NA,NA,NA,NA,NA,NA,NA,NA,NA,0,0,0,0,0,0,0,0,0,0,0,0,0,0,0,0,0,0,0,0,0,0,0,0,0,0,NA,NA,,,,,,
Thailand,THA,NA,NA,NA,NA,NA,NA,NA,NA,NA,NA,6.4845578714,8.070301281,8.077457837284804,9.71009163986309,10.64996600626,11.360152518988,13.24012495486996,16.17015260726943,17.43016449874497,19.18018101468322,20.19019054673901,20.27019130175333,21.58020366511282,23.61022282360119,24.36022990186044,26.2002472671898,26.47024981536313,28.25026661443175,31.01029266242579,33.23031361407317,38.55036382252545,39.7003746758563,44.65042139236735,45.75343180212729,46.10343510531494,43.468410237030774,NA,NA,,,,,,
Tajikistan,TJK,--,--,--,--,--,--,--,--,--,--,--,--,0.099958468498,0,0.033130710522,0.039077248308,0.028033678134,0.04000037750716,0.06000056626074,0.06000056626074,0.04000037750716,0.05000047188395,0.02000018875358,0.04000037750716,0.039000368069481,0.041000386944839,0.036000339756444,0.02000018875358,0.03000028313037,0.038000358631802,0.041000386944839,0.019000179315901,0.015000141565185,0.013000122689827,0.012000113252148,0.02000018875358,NA,NA,,,,,,
Turkmenistan,TKM,--,--,--,--,--,--,--,--,--,--,--,--,57.200313300466,64.800554927906,35.600222713986,32.300177411222,37.000490778356,25.5002406608145,13.2001245773628,22.3002104602417,46.5004388520735,48.2004548961278,53.5005049158265,59.1005577668289,58.57055276485903,63.000594573777,59.3005596543647,64.6006096740634,66.1006238305819,35.72033711389388,42.5004011013575,62.1005860798659,67.4006360995646,73.45069319752255,77.45073094823854,82.41277777800175,NA,NA,,,,,,
Timor-Leste,TLS,--,--,--,--,--,--,--,--,--,--,--,--,--,--,--,--,--,--,--,--,--,--,--,0,0,0,5.2000490759308,7.1000670075209,8.15007691708385,8.21007748334459,7.44007021633176,7.61007182073719,7.77007333076583,8.85008352345915,8.6000811640394,9.85009296113815,NA,NA,,,,,,
Tonga,TON,NA,NA,NA,NA,NA,NA,NA,NA,NA,NA,0,0,0,0,0,0,0,0,0,0,0,0,0,0,0,0,0,0,0,0,0,0,0,0,0,0,NA,NA,,,,,,
Trinidad and Tobago,TTO,NA,NA,NA,NA,NA,NA,NA,NA,NA,NA,8.353469747,8.4384202868,7.458181378764549,8.5800045198,9.6702031139,10.200011313786,11.08010456948332,11.71011051522109,11.69011032646751,14.16013363753464,16.35015430605165,17.39016412123781,19.2001812034368,27.21025679924559,30.37028662231123,33.26031389720354,40.13037873405827,41.8003944949822,41.5003916636785,42.9004048764291,44.62042110923698,43.36040921776144,42.7004029888933,44.88042356303352,43.54241093541902,41.945395863445654,NA,NA,,,,,,
Tunisia,TUN,NA,NA,NA,NA,NA,NA,NA,NA,NA,NA,0.3398021592,0.57000537947703,0.91000858828789,0.81977270907,0.769935059054,0.739919201658,1.19001123083801,2.12002000787948,2.38002246167602,2.38002246167602,2.35002217854565,2.65002500984935,2.5000235941975,3.000028313037,3.1000292568049,3.15002972868885,3.2000302005728,2.04001925286516,3.49003293749971,2.76002604799404,3.08002906805132,3.05002878492095,2.91002746364589,2.9000273692691,2.561024169895919,2.475023358255525,NA,NA,,,,,,
Turkiye,TUR,NA,NA,NA,NA,NA,NA,NA,NA,NA,NA,0.227002142353133,0.219002066851701,0.215002029100985,0.241002274480639,0.264002491547256,0.258002434921182,0.268002529297972,0.35000330318765,0.672006342120288,0.847007993714113,0.769007257575151,0.316002982306564,0.382003605193378,0.562005303975598,0.689006502560831,0.9000084939111,0.908008569412532,0.896008456160384,1.021009635870259,0.687006483685473,0.685006464810115,0.762007191511398,0.632005964613128,0.539005086908981,0.48000453008592,0.381003595755699,NA,NA,,,,,,
Tuvalu,TUV,,,,,,,,,,,,,,,,,,,,,,,,,,,,,,,,,,,,,,,NA,NA,NA,NA,NA,NA
Taiwan,TWN,NA,NA,NA,NA,NA,NA,NA,NA,NA,NA,2.265347728,0.9977557791452765,0.9061390912,0.829966773846,0.920014346034,0.95003020343,0.91000858828789,0.93000877704147,0.89000839953431,0.89000839953431,0.89000839953431,0.85000802202715,0.93000877704147,0.83000783327357,0.85000802202715,0.8000075501432,0.43000405820197,0.417003935512143,0.36000339756444,0.35000330318765,0.3000028313037,0.31000292568049,0.417003935512143,0.363003425877477,0.361003407002119,0.356003359813724,NA,NA,,,,,,
Tanzania,TZA,NA,NA,NA,NA,NA,NA,NA,NA,NA,NA,0,0,0,0,0,0,0,0,0,0,0,0,0,0,0.13025749436,0.41625764502,0.5097032388,0.54000509634666,0.56916861666,0.668006304369572,0.79000745576641,0.51000481321629,0.59000556823061,0.66000622886814,0.56000528510024,1.11001047582369,NA,NA,,,,,,
Uganda,UGA,NA,NA,NA,NA,NA,NA,NA,NA,NA,NA,0,0,0,0,0,0,0,0,0,0,0,0,0,0,0,0,0,0,0,0,0,0,0,0,0,0,NA,NA,,,,,,
Ukraine,UKR,--,--,--,--,--,--,--,--,--,--,--,--,20.900098138528,19.20023783713,18.200086815218,17.440062652474,18.200086815218,18.1001708219899,18.1001708219899,17.9001689344541,18.000169878222,18.2001717657578,18.4001736532936,19.5001840347405,19.2001812034368,19.4001830909726,19.5001840347405,19.5001840347405,19.8001868660442,20.26019120737654,19.8001868660442,19.8001868660442,19.8001868660442,20.4001925286516,20.1001896973479,19.000179315901,NA,NA,,,,,,
Uruguay,URY,NA,NA,NA,NA,NA,NA,NA,NA,NA,NA,0,0,0,0,0,0,0,0,0,0,0,0,0,0,0,0,0,0,0,0,0,0,0,0,0,0,NA,NA,,,,,,
United States,USA,619.2807135532472,611.2885950857097,574.0463067542364,528.3653432843436,573.8839945895252,555.1998879153734,541.7214087359326,570.30695389332,594.632682549283,596.761259908205,609.4527856037852,615.8944605842784,626.715508595909,643.5185287644831,667.7312244409022,672.3446726246533,682.8192889086412,685.6266506716698,682.6661552816363,674.5840541441233,684.5279240344636,693.784794322112,677.9415233783254,682.9734021852709,678.7457081730453,664.22322055651,666.4375061574133,698.3969566661759,725.9379505808363,737.849042661535,759.3469789213306,806.4362059437656,836.5451474689987,835.985540262128,889.3013628176967,932.0390104169029,922.890712809023,942.7276441249185,,,,,,
U.S. Pacific Islands,USIQ,NA,NA,NA,NA,NA,NA,NA,NA,NA,NA,0,0,0,0,0,0,0,0,0,0,0,0,0,0,0,0,0,0,0,0,0,0,0,0,0,0,NA,NA,,,,,,
Uzbekistan,UZB,--,--,--,--,--,--,--,--,--,--,--,--,42.800347298968,45.000566279788,47.200502092142,48.000453008592,48.000453008592,49.2004643338068,54.8005171848092,55.6005247349524,56.4005322850956,63.1005955175449,57.7005445540783,57.4815424872266,59.86056493946494,59.69056333505951,62.74059211998046,65.18961523285633,67.6006379871004,61.40857954899203,60.31056918642049,63.29059731070391,62.91059372438589,61.88058400357652,61.74058268230146,57.7005445540783,NA,NA,,,,,,
Saint Vincent/Grenadines,VCT,NA,NA,NA,NA,NA,NA,NA,NA,NA,NA,0,0,0,0,0,0,0,0,0,0,0,0,0,0,0,0,0,0,0,0,0,0,0,0,0,0,NA,NA,,,,,,
Venezuela,VEN,NA,NA,NA,NA,NA,NA,NA,NA,NA,NA,41.763384376476,42.326323286884,42.47639974217934,42.1637845874,44.44045905404,47.540587419808,54.54051473101266,59.15055823871285,61.35057900160665,57.07053860834053,60.5005709795795,62.37058862803923,61.98058494734442,52.5004954781475,57.4005417227746,73.3486922348793,53.000500196987,71.62267594544534,71.97867930525906,72.17068111729343,71.07567078303492,73.27469153649105,75.96871696159828,76.44072141618275,76.71772403041984,80.19675686410508,NA,NA,,,,,,
British Virgin Islands,VGB,NA,NA,NA,NA,NA,NA,NA,NA,NA,NA,0,0,0,0,0,0,0,0,0,0,0,0,0,0,0,0,0,0,0,0,0,0,0,0,0,0,NA,NA,,,,,,
U.S. Virgin Islands,VIR,NA,NA,NA,NA,NA,NA,NA,NA,NA,NA,0,0,0,0,0,0,0,0,0,0,0,0,0,0,0,0,0,0,0,0,0,0,0,0,0,0,NA,NA,,,,,,
Vietnam,VNM,NA,NA,NA,NA,NA,NA,NA,NA,NA,NA,0.039926753706,0.069942611102,0.2099977343856,1.029883710842,1.029883710842,0.989956957136,1.15001085333085,0.5000047188395,1.1000103814469,1.35001274086665,1.55001462840245,1.65001557217035,2.61002463234219,3.2000302005728,3.5000330318765,4.8000453008592,7.000066063753,6.82006436497078,7.9000745576641,8.01007559580879,9.35008824229865,8.54008059777866,9.32008795916828,9.68009135673272,10.19009616994901,10.34009758560086,NA,NA,,,,,,
Vanuatu,VUT,NA,NA,NA,NA,NA,NA,NA,NA,NA,NA,0,0,0,0,0,0,0,0,0,0,0,0,0,0,0,0,0,0,0,0,0,0,0,0,0,0,NA,NA,,,,,,
Wake Island,WAK,NA,NA,NA,NA,NA,NA,NA,NA,NA,NA,0,0,0,0,0,0,0,0,0,0,0,0,0,0,0,0,0,0,0,0,0,0,0,0,0,0,NA,NA,,,,,,
World,WORL,NA,NA,NA,NA,NA,NA,NA,NA,NA,NA,2521.1601298426967,2602.81630948889,2590.5387849551503,2651.993978622807,2685.969257302384,2748.7460918702127,2850.2047155271034,2834.277928761337,2880.239895081436,2935.198388895207,3052.458183789183,3113.99885683488,3181.308433065695,3274.657173490265,3390.104128747707,3540.072895117742,3621.8915008536023,3765.4571497747766,NA,NA,NA,NA,4201.916058258646,4240.909748146291,4310.639385487785,4372.056938886458,,,,,,,,
Australia and New Zealand,WP11,NA,NA,NA,NA,NA,NA,NA,NA,NA,NA,25.5417956332,26.9293211166,28.607269983683153,30.745280250544546,31.58029804190282,34.15432233448857,35.804337906658915,35.90133882211378,36.317342748188246,37.764356404509755,39.22937023070949,40.267380027020295,41.232389134380526,38.93936749378258,38.62636453978905,40.16137902662632,41.663393202020174,44.253417645608785,45.36042809311944,47.13244481668663,57.93454676249519,61.2005775859548,59.0435572288812,66.88063119197152,68.25664417821783,72.65468568513006,,,,,,,,
IEO - Africa,WP12,NA,NA,NA,NA,NA,NA,NA,NA,NA,NA,187.457524492,193.07553058210232,196.75141095685095,207.12661143749784,207.3718282498422,215.9818769438848,222.33305953469278,232.66219577039615,233.67220530245194,233.2822016217571,254.5824026443198,262.7324795614037,265.9525099507301,280.61264830710417,295.8330482160403,352.981264211341,375.6748914395408,393.348642639563,409.0170233800215,386.7476499657272,399.30576848410004,394.48872302280034,395.6707341781369,385.028633742357,390.4706851022061,382.73061205457066,,,,,,,,
Brazil,WP13,NA,NA,NA,NA,NA,NA,NA,NA,NA,NA,7.1358453432,6.592728225412,6.9756406175870636,7.362380116,7.759948642264,7.94995468295,9.16008644913964,9.86009305551494,10.79010183255641,11.9001123083801,13.29012542675391,14.000132127506,15.53014656715487,15.79014902095141,16.97016015741263,17.7001670469183,17.71016714129509,18.15017129387385,21.59020375948961,21.13119942759495,22.93021640597947,24.07022716493353,25.826243737497855,28.16926584997975,31.893300995896347,35.06033088502574,,,,,,,,
Canada,WP14,NA,NA,NA,NA,NA,NA,NA,NA,NA,NA,138.631352236552,144.988484298252,158.038586222328,171.0065976081106,183.468813479924,192.511798441634,197.33886240326083,199.96188715829285,205.63194066993276,210.82198965148677,217.46205231767533,221.62209157841997,220.47208072508914,215.45203334794056,218.002057414022,219.0120669460778,220.43408036645732,215.9260378214004,208.65596920947408,196.16985137061408,189.59078928012394,188.85178230567914,178.68768638110978,182.8157253398487,192.9588210662268,191.18680434265963,,,,,,,,
China,WP15,NA,NA,NA,NA,NA,NA,NA,NA,NA,NA,14.3849580728,14.8946613116,15.1001425089529,15.810144962178,16.67012759342,17.030034713706,20.1571902352956,22.69021414093651,23.265219567601935,25.183237669070255,27.25025717675275,30.31028605605049,32.64030804584256,34.3003237123897,40.77038477417283,49.92047112893568,58.51855227409972,69.27065374802433,76.04071764111116,84.24279504895432,94.41089101127439,102.75196973095493,103.79697959332948,112.87106523082873,123.45916515697398,129.11421852704873,,,,,,,,
India,WP16,NA,NA,NA,NA,NA,NA,NA,NA,NA,NA,18.2360492104,18.9439703754,18.645175823940722,18.059918424548,19.410065670436,21.170240855092,22.95021659473305,23.58022254047082,24.81023414881599,24.56023178939624,22.1002085727059,21.9002066851701,31.53029757001887,31.87030077882973,32.13030323262627,33.7003180497823,31.7002991744243,32.3003048370317,33.12031257592848,41.7003935512143,53.33050331142107,48.57045838806903,42.75040346077725,35.97033947331363,33.592317030512966,32.093302883432145,,,,,,,,
Japan,WP17,NA,NA,NA,NA,NA,NA,NA,NA,NA,NA,2.245021187589355,2.351022187983329,2.327021961479033,2.398022631554242,2.385022508864415,2.41002274480639,2.346022140794934,2.442023046812118,2.423022867496217,2.44002302793676,2.636024877721844,2.603024566278437,2.904027407019816,2.969028020468951,3.12002944555848,3.312031257592848,3.595033928456005,3.934037127829186,3.909036891887211,3.751035400733929,3.526033277256154,3.517033192317043,3.351031625662329,3.061028888735419,4.781045121543299,2.827026680318533,,,,,,,,
Mexico,WP18,NA,NA,NA,NA,NA,NA,NA,NA,NA,NA,36.396209271912,36.3313212179281,35.67733670807368,37.50135392240018,38.37536217093162,38.57836408678046,44.70542191143969,46.26043658703054,49.39846620246724,48.06745364091649,49.274465032195046,47.62644947890006,47.742450573670816,49.07846318240996,50.39747563070856,53.58250568971618,59.944565732229975,66.72362971025592,75.09970876025523,72.6666351112268,72.5559162410208,68.1538925359712,66.1711186201926,65.8412556741492,67.511185068691,66.158630890842,,,,,,,,
IEO - Middle East,WP19,NA,NA,NA,NA,NA,NA,NA,NA,NA,NA,174.102591714275,202.7279220411354,213.406722288702,223.3129527859685,232.982235602354,255.082118531324,273.6025821489744,259.18244605764323,273.2825791289171,293.1327664668453,318.8030087320652,339.22320144947037,359.62339397812195,382.8036127435212,413.9639068215988,463.5843751192308,485.3945809550098,522.2849291109882,556.7012539181486,596.6316307646711,653.8561708264142,687.4524878946778,717.0717674292921,736.3049489441723,753.1741081483794,766.390232876745,,,,,,,,
Western Europe,WP21,NA,NA,NA,NA,NA,NA,NA,NA,NA,NA,247.31704680517313,281.1784741114422,269.1946347012003,289.8953527901439,295.6596396702362,304.86606678042097,342.34709925944287,337.3221835084426,337.6701867927549,349.60629944089146,362.46742081888107,369.75848962899863,371.7347922175611,376.045861022961,391.3882693826793,377.0846287594383,366.8171493590544,359.64539418575094,NA,NA,NA,NA,343.1889414161534,330.19711626497974,314.74297041508845,309.8642784395896,NA,NA,,,,,,
Other Americas,WP22,NA,NA,NA,NA,NA,NA,NA,NA,NA,NA,89.77008719628108,92.4247958570955,93.28827131734408,94.56820964167191,99.34157155322724,107.429251448376,121.02914222341401,132.40424957701265,137.11829406623144,139.43831596164674,147.48930414351435,153.35366881394123,156.63247823309945,160.52751499285915,174.18664390211663,198.01039930399222,192.50088561455988,218.2539768673649,220.62758941662196,226.41474714176275,227.9485309139428,228.7319228123447,232.67554903147922,235.49906185794052,235.27280596726894,235.34995963699103,,,,,,,,
Other Asia-Pacific,WP23,NA,NA,NA,NA,NA,NA,NA,NA,NA,NA,123.33376334332888,131.24991026606068,136.20280549984886,149.18929557057365,162.80100551326746,174.05161006365637,187.44176899855177,195.2118423293176,193.35182477523466,204.56193057161624,211.3019941815727,216.18204023744622,233.73220586871267,245.75231930961425,249.27235253024432,266.29251315954093,282.8326692587516,285.47969424028787,294.91878332254,301.3028435726827,320.6730263805249,316.84299023421437,328.30969845230436,330.73872137642667,336.08777185857167,343.18060270780063,,,,,,,,
Eastern Europe and Eurasia,WP24,NA,NA,NA,NA,NA,NA,NA,NA,NA,NA,847.1550997322,835.2337073136,138.15881360669866,143.7933726370044,113.026410035434,110.380200720664,115.1642290219966,105.86699912932501,105.93699978996254,114.85008390799547,144.4383631500417,146.22938005292482,148.7344036943107,158.43649525867235,165.29155995396192,170.6596106154228,173.42363670116754,193.0292217306394,206.53194916384388,173.42303669550492,182.63672365050417,206.64395022086393,213.38501384025807,223.07710531024293,228.10915280064364,229.61316699491286,NA,NA,,,,,,
Russia,WP25,,,,,,,,,,,,,651.449444162552,617.705957080128,607.405704129378,594.805556897776,573.005407790067,545.3051463663587,563.9053219071881,565.005332288635,557.6052624498104,554.4052322492377,574.9054257216571,599.1056541134889,621.4058645737306,629.3559396032787,644.8060854154191,644.1060788090439,656.2146031084,583.0155546474,650.3061373226537,670.4763276806391,655.006181679745,668.006304369572,640.7060467209353,643.6060740902044,,,,,,,,
South Korea and other OECD Asia,WP26,NA,NA,NA,NA,NA,NA,NA,NA,NA,NA,0,0,0,0,0,0,0,0,0,0,0,0,0,0,0,0.492004643338068,0.438004133703402,0.354003340938366,0.217002047976343,0.501004728277179,0.541005105784339,0.453004275268587,0.436004114828044,0.463004369645377,0.322003038932638,0.188001774283652,,,,,,,,
United States,WP27,619.2807135532472,611.2885950857097,574.0463067542364,528.3653432843436,573.8839945895252,555.1998879153734,541.7214087359326,570.30695389332,594.632682549283,596.761259908205,609.4527856037852,615.8944605842784,626.715508595909,643.5185287644831,667.7312244409022,672.3446726246533,682.8192889086412,685.6266506716698,682.6661552816363,674.5840541441233,684.5279240344636,693.784794322112,677.9415233783254,682.9734021852709,678.7457081730453,664.22322055651,666.4375061574133,698.3969566661759,725.9379505808363,737.849042661535,759.3469789213306,806.4362059437656,836.5451474689987,835.985540262128,889.3013628176967,932.0390104169029,,,,,,,,
Samoa,WSM,NA,NA,NA,NA,NA,NA,NA,NA,NA,NA,0,0,0,0,0,0,0,0,0,0,0,0,0,0,0,0,0,0,0,0,0,0,0,0,0,0,NA,NA,,,,,,
Kosovo,XKS,--,--,--,--,--,--,--,--,--,--,--,--,--,--,--,--,--,--,--,--,--,--,--,--,--,--,--,--,NA,NA,NA,NA,0,0,0,0,NA,NA,,,,,,
Yemen,YEM,NA,NA,NA,NA,NA,NA,NA,NA,NA,NA,0,0,8.59008106966261,10.240079651725,11.609907106,13.34997732957,14.62013797886698,14.91014071579389,15.3001443964887,16.5001557217035,18.9001783721331,19.7001859222763,20.1001896973479,20.1001896973479,20.1001896973479,20.6001944161874,18.3001727095257,29.2002755802268,30.00028313037,29.64027973280556,32.64030804584256,29.6002793552984,28.2002661425478,31.45029681500455,31.1002935118169,12.6001189147554,NA,NA,,,,,,
Former Yugoslavia,YUG,NA,NA,NA,NA,NA,NA,NA,NA,NA,NA,2.6617835804,2.6051498872,--,--,--,--,--,--,--,--,--,--,--,--,--,--,--,--,--,--,--,--,--,--,--,--,--,--,--,--,,--,--,
South Africa,ZAF,NA,NA,NA,NA,NA,NA,NA,NA,NA,NA,0,0,1.26001189147554,1.7950615396672,1.9600071711122,1.960092121652,1.8408738485176395,1.8000169878222,1.61001519466319,1.56001472277924,1.82001717657578,2.27002142353133,2.47002331106713,2.45002312231355,2.03001915848837,1.86001755408294,2.9000273692691,1.53001443964887,1.36001283524344,1.06001000393974,0.97000915454863,1.28001208022912,1.1000103814469,1.18001113646122,1.000009437679,1.17001104208443,NA,NA,,,,,,
Zambia,ZMB,NA,NA,NA,NA,NA,NA,NA,NA,NA,NA,0,0,0,0,0,0,0,0,0,0,0,0,0,0,0,0,0,0,0,0,0,0,0,0,0,0,NA,NA,,,,,,
Zimbabwe,ZWE,NA,NA,NA,NA,NA,NA,NA,NA,NA,NA,0,0,0,0,0,0,0,0,0,0,0,0,0,0,0,0,0,0,0,0,0,0,0,0,0,0,NA,NA,,,,,,
