Country,Code,1980,1981,1982,1983,1984,1985,1986,1987,1988,1989,1990,1991,1992,1993,1994,1995,1996,1997,1998,1999,2000,2001,2002,2003,2004,2005,2006,2007,2008,2009,2010,2011,2012,2013,2014,2015,2016,2017,2018,2019,2020,2021,2022,2023
Aruba,ABW,--,--,--,--,--,--,0,0,0,0,0,0,0,0,0,0,0,0,0,0,0,0,0,0,0,0,0,0,0,0,0,0,0,0,0,0,0,0,0,0,0,0,0,0
Afghanistan,AFG,0,0,0,0,0,0,0,0,0,0,0,0.0004265,0.000446972,0.0003412,0.000436736,0.00040944,0.00037532,0.0003412,0.0003412,0.0003412,0.00032414,0.00032414,0.0003412,0.0003412,0.0003412,0.00035826,0.001473984,0.002077908,0.002565824,0.00394086,0.006370204,0.009321584,0.010478252,0.0123350624,0.0126612496,0.0128936068,0.01478249,0.0157337556,0.017012232,0.016759744,0.0175782828,0.0194484,0.02006531264806,0.021227270687924
Africa,AFRC,-3.412e-18,0,3.0708e-05,0.000948536,0.000174012,0,0.00039238,0.0006824,0.000914416,0.000334376,0.001665056,0.000798408,-0.000504976,0.000174012,0.000429912,-0.00155246,-0.006049476,-0.005380724,0.012030712,0.008407168,0.0446258892,0.010793862,0.0056731324,0.0045761744,0.0047037832,0.0052599392,0.0122224664,0.0149370536,0.0150926408,0.0178700088,0.0135231208,0.0211567884,0.0277627616,0.0320373152,0.0338477224,0.0265508192,0.0227873832,0.0177103272,0.0126970756,-0.0062105224,-0.003940027472,-0.003701924464,0.009108416959368,0.013874220642936
Angola,AGO,0,0,0,0,0,0,0,0,0,0,0,0,0,0,0,0,0,0,0,0,0,0,0,0,0,0,0,0,0,0,0,0,0,0,0,0,0,0,0,0,0,0,0,0
Albania,ALB,-0.001706,-0.0017913,-0.0018766,-0.0019619,-0.0020472,-0.001989196,-0.0021325,-0.002159796,-0.001883424,-0.001470572,0.00069946,-0.002210976,-0.001555872,-0.000201308,6.824e-06,0.000259312,-0.00061416,-0.000436736,0.001293148,0.001221496,0.003678136,0.005906172,0.007308504,0.003125392,0.001627524,0.001265852,0.002084732,0.009683256,0.008304808,0.005042936,-0.00658516,0.0118567,0.01102076,0.007926076,0.010464604,0.004773388,0.00609042,0.0099446152,-0.003116862,0.008209272,0.007765712,-0.001869776,0.003142452,-0.000948536
United Arab Emirates,ARE,0,0,0,0,0,0,0,0,0,0,0,0,0,0,0,0,0,0,0,0,0,0,0,0,0,0,0,0,0,0,0,-6.824e-05,-0.000116008,-5.4592e-05,-9.5536e-05,-5.118e-05,0.00216662,-0.000351436,-9.8948e-05,-4.0944e-05,-9.8948e-05,0.000719932,-0.000371908,-0.000381916481016
Argentina,ARG,7.5064e-05,5.8004e-05,0.00015354,-2.0472e-05,-1.706e-05,-2.0472e-05,-2.0472e-05,0.000590276,0.001037248,0.001852716,0.002852432,0.003708844,0.011089,0.006745524,0.004056868,0.00726756,0.0116008,0.017019056,0.0269548,0.01849304,0.004169464,0.00598806,0.02019904,0.01717942,0.011832816,0.013228324,0.008045496,0.025927788,0.018707996,0.021004272,0.0293432,0.032987216,0.025972144,0.027493896,0.033649144,0.030581756,0.032489064,0.035696344,0.032625544,0.036464044,0.016080756,0.008523176,0.043939736,0.038767946823128
Armenia,ARM,--,--,--,--,--,--,--,--,--,--,--,--,0.000931476,-5.8004e-05,6.824e-05,5.118e-05,0,-0.000423088,-0.001320444,-0.000832528,-0.001579756,-0.001265852,-0.001207848,-0.000941712,-0.002565824,-0.00266136,-0.0010546492,0.0003265284,-8.1888e-05,-0.000139892,-0.002654536,-0.004531136,-0.005452376,-0.00397498,-0.003780496,-0.004265,-0.003255048,-0.003824852,-0.004855276,-0.003268696,-0.003456356,-0.002139324,-0.004937164,-0.003773519248172
American Samoa,ASM,0,0,0,0,0,0,0,0,0,0,0,0,0,0,0,0,0,0,0,0,0,0,0,0,0,0,0,0,0,0,0,0,0,0,0,0,0,0,0,0,0,0,0,0
Asia & Oceania,ASOC,0.001081604,0.001456924,0.00283196,0.00252488,0.001494456,0.0011089,-0.000274658077336,-0.0003437757188,-0.000464688984012,-0.001827325079964,-0.000243711305576,-0.00033103805746,-0.000540727645696,0.000425776611644,0.000925932666904,0.00065608894204,0.00056004511702,-0.000429818934288,0.000173338362016,-0.001246522914228,0.0028128528,0.0020042088,-0.0003995452,0.001359682,0.0063930644,0.0033601376,0.0108767736,0.0085938044,0.006902476,0.0189403532,0.0252068324,0.0287389348,0.0363818148,0.0402025724,0.0324897464,0.0430648992,0.0260144528,0.02924937,0.0291531516,0.033649144,0.0464431204,0.076439036,0.070477212809428,0.085313618482788
Antarctica,ATA,0,0,0,0,0,0,0,0,0,0,0,0,0,0,0,0,0,0,0,0,0,0,0,0,0,0,0,0,0,0,0,0,0,0,0,0,0,0,0,0,0,0,0,0
Antigua and Barbuda,ATG,0,0,0,0,0,0,0,0,0,0,0,0,0,0,0,0,0,0,0,0,0,0,0,0,0,0,0,0,0,0,0,0,0,0,0,0,0,0,0,0,0,0,0,0
Australia,AUS,0,0,0,0,0,0,0,0,0,0,0,0,0,0,0,0,0,0,0,0,0,0,0,0,0,0,0,0,0,0,0,0,0,0,0,0,0,0,0,0,0,0,0,0
Austria,AUT,-0.013552464,-0.015623548,-0.014804668,-0.011931764,-0.004517488,-0.005865228,-0.004995168,-0.019137908,-0.009249932,-0.007963608,-0.00156952,0.00261018,0.001804948,-0.002504408,-0.00266136,-0.00839352,0.003248224,-0.00261018,-0.000552744,-0.006479388,-0.004667616,0.00073358,0.002384988,0.019151556,0.010512372,0.008949676,0.02164914,0.020526592,0.016589144,0.00266136,0.0083136792,0.0279760116,0.009563836,0.024806946,0.0316452764,0.0343301792,0.0244275316,0.0223346108,0.0305264816,0.010674442,0.0074920696,0.0257373984,0.0297295107344,-0.0002755677916
Azerbaijan,AZE,--,--,--,--,--,--,--,--,--,--,--,--,-0.001862952,0.00020472,0.00098948,0.0013648,0.00066534,0.004490192,-0.000348024,0.002538528,0.001685528,0.002306512,0.0049474,0.00533978,0.00465738,0.004101224,0.003026444,-0.000812056,-0.002033552,-0.00092124,-0.001235144,-0.002309924,-0.001839068,-0.001255616,-0.00124538,-0.000535684,-0.003350584,-0.0040091,-0.0044826856,-0.004619848,-0.003459768,-0.005189652,-0.00975832,-0.010352008
Burundi,BDI,0.000133068,0.000139892,0.000126244,0.000122832,0.00011942,0.000143304,8.8712e-05,4.0944e-05,4.0944e-05,4.4356e-05,5.4592e-05,7.8476e-05,7.8476e-05,0.00011942,0.000146716,9.8948e-05,0.00011942,0.00011942,9.8948e-05,0.00011942,0.00010236,0.00011942,0.00011942,0.000177424,0.000214956,0.000242252,0.0002559,0.000262724,0.000259312,0.000313904,0.0003391528,0.0003551892,0.0003558716,0.000351436,0.000310492,0.000327552,0.000436736,0.0003217516,0.0003418824,0.0003412,0.000303668,0.000344612,0.000344612,0.0003412
Belgium,BEL,-0.00899062,0.001016776,0.001078192,-0.001085016,0.00105772,-0.000156952,-0.000726756,-0.007226616,-0.0072505,-0.008704012,-0.012706288,-0.006301964,0.000436736,0.007612172,0.01375036,0.013900488,0.014299692,0.01115724,0.00475974,0.002907024,0.014760312,0.031069672,0.025890256,0.02187092,0.026535124,0.021509248,0.034655684,0.023129948,0.036156964,-0.00626102,0.001880012,0.008656244,0.033901632,0.03289168,0.060061436,0.071648588,0.021096396,0.0205456992,0.05912143,-0.0063278952,-0.0011358548,-0.0268742768,-0.0256843305404,0.0011855611572
Benin,BEN,0.000399204,0.000464032,0.000566392,0.000620984,0.00054592,0.000569804,0.00056298,0.000576628,0.00058004,0.00063122,0.000644868,0.000692636,0.000812056,0.00081888,0.000825704,0.00087006,0.00092124,0.00092124,0.00087006,0.0010236,0.001276088,0.001555872,0.001818596,0.001750356,0.001972136,0.00203014,0.002009668,0.001975548,0.002258744,0.002954792,0.00319022,0.00342906,0.003664488,0.00370202,0.003664488,0.003575776,0.003715668,0.0037917556,0.0044123984,0.003722492,0.002197328,0.002361104,0.002838784,0.00287593477724
Burkina Faso,BFA,0,0,0,0,0,0,0,0,0,0,0,0,0,0,0,0,0,0,0,0,0,0.0002275804,0.000377026,0.0002361104,0.0003282344,0.0004275236,0.0004752916,0.000423088,0.0004630084,0.0004933752,0.0016896224,0.0017568388,0.0018138192,0.0018138192,0.0016664208,0.001511516,0.0021485364,0.0022021048,0.0028572088,0.003691784,0.004865512,0.005199888,0.005090704,0.005379167275
Bangladesh,BGD,0,0,0,0,0,0,0,0,0,0,0,0,0,0,0,0,0,0,0,0,0,0,0,0,0,0,0,0,0,0,0,0,0,0,0.00772818,0.01153256,0.013040664,0.015886272,0.016319596,0.023153832,0.022771688,0.027647436,0.026313344,0.03209532873654
Bulgaria,BGR,0.013074784,0.011607624,0.009031564,0.008055732,0.008168328,0.01533694,0.013501284,0.014924088,0.014934324,0.016118288,0.01289736,0.007243676,0.008755192,0.00044356,-0.00010236,-0.000412852,-0.001531988,-0.01206142,-0.012440152,-0.006574924,-0.01576344,-0.0236281,-0.02147854,-0.018728468,-0.020059148,-0.025866372,-0.026419116,-0.0152687,-0.018233728,-0.017309076,-0.028817752,-0.036375332,-0.028346896,-0.021089572,-0.03226046,-0.0360819,-0.021741264,-0.018701172,-0.026637484,-0.01982372,-0.0116291196,-0.029950536,-0.04160934,-0.011372196
Bahrain,BHR,0,0,0,0,0,0,0,0,0,0,0,0,0,0,0,0,0,0,0,0,0,0,0,0,0,0,1.0236e-05,4.4356e-05,-0.00064828,0.000573216,0.000590276,0.00040944,-0.00052886,5.8004e-05,1.0236e-05,-2.7296e-05,-5.8004e-05,0.000146716,0.00069946,0.000279784,-0.000760876,6.1416e-05,8.53e-05,4.4305556992e-05
The Bahamas,BHS,0,0,0,0,0,0,0,0,0,0,0,0,0,0,0,0,0,0,0,0,0,0,0,0,0,0,0,0,0,0,0,0,0,0,0,0,0,0,0,0,0,0,0,0
Bosnia and Herzegovina,BIH,--,--,--,--,--,--,--,--,--,--,--,--,0.0003412,0.0019619,0.0006824,-0.000928064,-0.005718512,-0.007837364,-0.007765712,-0.011972708,-0.003630368,-0.003715668,-0.003800968,-0.003183396,-0.00663634,-0.004698324,-0.007192496,-0.002050612,-0.00561274,-0.01020188,-0.013064548,-0.005080468,-0.000150128,-0.01260734,-0.009676432,-0.00728462,-0.012818884,-0.006281492,-0.015715672,-0.01276088,-0.013822012,-0.01622406,-0.010331536,-0.011956361595916
Belarus,BLR,--,--,--,--,--,--,--,--,--,--,--,--,0.02199034,0.02048906,0.0134774,0.024440156,0.029148716,0.026654544,0.027729324,0.024399212,0.024603932,0.028220652,0.02236566,0.023307372,0.011095824,0.013770832,0.01487632,0.014821728,0.00627808,0.015255052,0.0092124,0.01905602,0.025934612,0.02173444,0.011321016,0.008946264,0.010307652,0.00882002,-0.003381292,-0.007980668,-0.001706,-0.0010236,-0.0023884,-0.001887953934976
Belize,BLZ,0,0,0,0,0,0,0,0,0,0,0,0,0,0,0,0,0,0,0,0,0,0.000542508,0.000617572,0.000644868,0.000805232,0.000866648,0.00071652,0.0007677,0.000846176,0.000736992,0.00054592,0.000583452,0.000812056,0.000798408,0.000794996,0.00087006,0.000829116,0.00078476,0.00080182,0.0013091844,0.0009222636,0.0009683256,0.0009683256,0.0009683256
Bermuda,BMU,0,0,0,0,0,0,0,0,0,0,0,0,0,0,0,0,0,0,0,0,0,0,0,0,0,0,0,0,0,0,0,0,0,0,0,0,0,0,0,0,0,0,0,0
Bolivia,BOL,6.824e-06,1.0236e-05,1.0236e-05,1.0236e-05,1.0236e-05,6.824e-06,6.824e-06,6.824e-06,6.824e-06,2.0472e-05,2.0472e-05,3.412e-05,7.5064e-05,4.4356e-05,5.4592e-05,4.0944e-05,-1.0236e-05,2.3884e-05,2.0472e-05,3.412e-05,5.4592e-05,3.412e-05,3.0708e-05,3.0708e-05,1.706e-05,0,0,0,0,0,0,0,0,0,0,0,0,0,0,0,0,0,0,0
Brazil,BRA,-0.000184248,-0.001016776,-0.000655104,0.011358548,0.010659088,0.00820586,0.04295708,0.0593844952,0.061332406,0.074712564,0.083228916,0.09239696,0.083737304,0.096214988,0.11297132,0.12098952,0.13717946,0.13808364,0.134446448,0.13612174,0.146692116,0.129157848,0.124752956,0.130317928,0.12755762,0.133211304,0.140451568,0.132494784,0.144027344,0.136425408,0.118222388,0.122443032,0.13735006,0.137619608,0.1152403,0.117451276,0.13919254,0.12404326,0.119348348,0.085153284,0.084337816,0.0788270948,0.044042096,0.051548496
Barbados,BRB,0,0,0,0,0,0,0,0,0,0,0,0,0,0,0,0,0,0,0,0,0,0,0,0,0,0,0,0,0,0,0,0,0,0,0,0,0,0,0,0,0,0,0,0
Brunei,BRN,0,0,0,0,0,0,0,0,0,0,0,0,0,0,0,0,0,0,0,0,0,0,0,0,0,0,0,0,0,0,0,0,0,0,0,0,0,0,0,0,0,0,0,0
Bhutan,BTN,1.706e-05,2.0472e-05,2.3884e-05,1.3648e-05,3.0708e-05,7.1652e-05,-0.00083594,-0.00356554,-0.004729032,-0.004711972,-0.004749504,-0.00475974,-0.004920104,-0.004834804,-0.004954224,-0.005019052,-0.005042936,-0.00445266,-0.00458914,-0.004653968,-0.004701736,-0.004722208,-0.005244244,-0.006233724,-0.005469436,-0.005786752,-0.008499292,-0.018257612,-0.020175156,-0.018223492,-0.018588576,-0.017854996,-0.016503844,-0.01857834,-0.017019056,-0.019093552,-0.019366512,-0.019137908,-0.015173164,-0.0206432824,-0.0176799604,0.0028479964,0.0028479964,0.0028479964
Botswana,BWA,0,3.412e-05,0.000279784,0.00054592,0.000634632,0.000760876,0.00081888,0.000245664,0.000245664,0.00022178,0.000286608,0.000361672,0.00027296,0.000542508,0.00105772,0.00116008,0.00233722,0.002552176,0.002350868,0.0029002,0.003302816,0.003831676,0.004237704,0.005479672,0.00653398,0.006475976,0.0069946,0.008168328,0.00882002,0.009379588,0.01018482,0.010710268,0.011164064,0.009618428,0.005745808,0.005008816,0.005708276,0.004159228,0.002432756,0.00346318,0.00697754,0.00566392,0.006127952,0.0065545835326
Central African Republic,CAF,0,0,0,0,0,0,0,0,0,0,0,0,0,0,0,0,0,0,0,0,0,0,0,0,0,0,0,0,0,0,0,0,0,0,0,0,0,0,0,0,0,0,0,0
Canada,CAN,-0.0889862612278876,-0.11289280556407828,-0.09981707098729047,-0.12028516683168086,-0.1350327204414473,-0.1395141251230615,-0.1178534204945896,-0.15151987485243126,-0.1021324570523124,-0.03270959168997551,-0.003245177084,-0.06185031348,-0.083212466748,-0.091005536164,-0.149721487496,-0.130093142028,-0.137494646912,-0.121257365412,-0.094917854784,-0.102217746896,-0.122253666,-0.076073952,-0.0726940248,-0.0195852212,-0.0359126648,-0.0813809768,-0.065210144,-0.1056034472,-0.1097217312,-0.1147049572,-0.085361416,-0.12514363,-0.1595273776,-0.177028208,-0.1556312148,-0.2031136304,-0.2176862824,-0.2123540088,-0.1644730716,-0.1606297948,-0.19665915,-0.1613476796,-0.174382932604736,-0.0944238258448
Switzerland,CHE,-0.027913572,-0.036549344,-0.036941724,-0.031547352,-0.01601934,-0.029677576,-0.029295432,-0.03226046,-0.032826852,-0.008584592,-0.007874896,-0.009529716,-0.01487632,-0.024562988,-0.04019336,-0.02453228,-0.003237988,-0.023044648,-0.020304812,-0.034911584,-0.02412284,-0.035634928,-0.015381296,-0.010618144,-0.002398636,0.0216662,0.009222636,-0.007035544,-0.00387262,-0.007359684,0.00177424,0.008826844,-0.0075064,-0.008175152,-0.018735292,-0.00353142,0.013385276,0.0189366,-0.005414844,-0.02135912,-0.01897072,0.008233156,0.010709829558,-0.021816328
Chile,CHL,0,0,0,0,0,0,0,0,0,0,0,0,0,0,0,0,0,0,0,0.00040944,0.00406028,0.004729032,0.006185956,0.0066534,0.006493036,0.007342624,0.00779642,0.0055537124,0.003937448,0.004599376,0.003268696,0.002497584,0,0,0,0,-6.824e-06,-0.000133068,0,0,0,0,0,0
China,CHN,0.001050896,0.000808644,0.00112596,0.00146716,0.00262724,0.00365084,0.00399204,0.00429912,0.00501564,0.00515212,0.00627808,0.0097242,0.01610464,0.01383566,-0.007721356,-0.01798124,-0.025849312,-0.027166344,-0.024078484,-0.031677008,-0.029868648,-0.0293432,-0.028674448,-0.025125968,-0.020731312,-0.021096396,-0.023481384,-0.03519478,-0.043680424,-0.03882856,-0.046109768,-0.04348594,-0.036777948,-0.038320172,-0.038924096,-0.042458928,-0.043407464,-0.044516364,-0.051923816,-0.057311364,-0.058147304,-0.048580056,-0.0441854,-0.045657600404296
Ivory Coast,CIV,0,0,0,0,0,0,0,0,0,0,0,0,0,0,0,0.000116008,-0.001351152,-0.003108332,-0.002023316,-0.004404892,-0.004224056,-0.003944272,-0.00533978,-0.004527724,-0.004807508,-0.004769976,-0.00363378,-0.002634064,-0.002043788,-0.001651408,-0.001180552,-0.002023316,-0.002016492,-0.00279784,-0.002992324,-0.002896788,-0.00412852,-0.006339496,-0.003596248,-0.00370202,-0.003835088,-0.001869776,-0.002582884,-0.00255289391892
Cameroon,CMR,0,0,0,0,0,0,0,0,0,0,0,0,0,0,0,0,0,0,0,0,0,0,0,0,0,0,0,0,0,0,0,0,0.003835088,0.002521468,0.002429344,6.1416e-05,0.00018766,0.00020472,0.000167188,0.0001818596,0.0001982372,0,0,0.00020472
Congo-Kinshasa,COD,-0.000330964,-0.000433324,-0.000330964,-0.000344612,-0.000436736,-0.000501564,-0.000627808,-0.000638044,-0.000371908,-0.00104066,-0.000194484,-0.000402616,-0.004189936,-0.004647144,-0.003487064,-0.004872336,-0.004046632,-0.001426216,-0.001190788,-0.002419108,-0.004343476,-0.00406028,-0.004483368,-0.004531136,-0.004756328,-0.005677568,-0.004466308,-0.004524312,-0.002016492,-0.002668184,-0.00257606,-0.000433324,0.001972136,0.001972136,0.003647428,0.003613308,0.002432756,0.002480524,0.002487348,0.003142452,0.003886268,0.004824568,0.0045209,0.00481369225
Congo-Brazzaville,COG,2.3884e-05,6.4828e-05,8.8712e-05,0.000194484,0.00027296,0.000286608,0.000440148,0.000504976,0.000508388,0.000208132,4.7768e-05,0.0002559,0.000368496,0.00037532,0.000382144,0.00039238,0.00040944,0.00040944,0.000429912,0.0006824,0.000893944,0.001013364,0.001241968,0.001224908,0.001378448,0.001426216,0.001402332,0.001531988,0.001487632,0.00150128,0.000958772,9.2124e-05,8.53e-05,0.000126244,-1.3648e-05,-6.824e-05,-3.412e-06,0,6.824e-06,-7.1652e-05,6.824e-06,-1.3648e-05,-1.095374832e-05,-1.40490806e-06
Cook Islands,COK,0,0,0,0,0,0,0,0,0,0,0,0,0,0,0,0,0,0,0,0,0,0,0,0,0,0,0,0,0,0,0,0,0,0,0,0,0,0,0,0,0,0,0,0
Colombia,COL,8.53e-05,0.000225192,0.000129656,0.000133068,0.00010236,1.706e-05,1.706e-05,0,0,0.000771112,0.0007677,0.0006824,0.00116008,0.001030424,0.0010236,0.00109184,0.000549332,0.0003412,7.1652e-05,4.4356e-05,0.00013648,-0.00058004,-0.00208132,-0.003797556,-0.005575208,-0.005943704,-0.006114304,-0.0028568676,-0.004763152,-0.003603072,-0.002688656,-0.00523742,-0.002417402,-0.004599376,-0.002736424,-0.00141598,0.001136196,0.000235428,0.0003613308,0.0010638616,0.0035846472,0.00039238,0.0014699704644,-0.003021952102
Comoros,COM,0,0,0,0,0,0,0,0,0,0,0,0,0,0,0,0,0,0,0,0,0,0,0,0,0,0,0,0,0,0,0,0,0,0,0,0,0,0,0,0,0,0,0,0
Cabo Verde,CPV,0,0,0,0,0,0,0,0,0,0,0,0,0,0,0,0,0,0,0,0,0,0,0,0,0,0,0,0,0,0,0,0,0,0,0,0,0,0,0,0,0,0,0,0
Costa Rica,CRI,0,0,-0.000365084,-0.00165482,-0.001504692,-0.000201308,0.000262724,0.00058004,0.000668752,0.000487916,0.000556156,6.824e-05,-0.000163776,6.4828e-05,-2.0472e-05,-0.000446972,0.000446972,-0.000429912,3.0708e-05,-0.000433324,-0.0016207,-0.000856412,-0.001429628,-0.000269548,-0.000812056,3.7532e-05,0.0003033268,0.0005582032,-0.00023884,5.8004e-05,9.8948e-05,-0.000126244,5.8004e-05,0.000160364,0.000696048,-0.0003630368,0.000600512,-0.000689224,-0.000825704,5.8004e-05,-0.001726472,-0.0034212124,-0.0024557815408,-0.00245664
Central & South America,CSAM,0,-0.000481092,0.000429912,-0.000777936,-0.00032414,-0.0091271,-0.000433324,-0.0016323008,-0.000530566,0.004841628,-0.000470856,-0.00066534,-1.706e-05,0,0,-0.000133068,0.009164632,-0.000412852,0.000552744,-9.5536e-05,-0.005162356,0.002026728,0.001880012,-0.003374468,0.00220927,0.0056748384,0.0082795592,0.008388402,0.0077865252,0.0119495064,0.001743532,0.001856128,0.001223202,0.0009273816,0.002671596,0.0018694348,0.0033116872,0.0054397516,0.0014958208,-0.0015664492,0.0047061716,0.0083450696,0.00924629880004,0.003399447060928
Former Czechoslovakia,CSK,0.00573216,0.0071652,0.00617572,0.00808644,0.00934888,0.012075068,0.00496446,0.0116861,0.010396364,0.009669608,0.015480244,0.011385844,-0.005773104,--,--,--,--,--,--,--,--,--,--,--,--,--,--,--,--,--,--,--,--,--,--,--,--,--,--,--,--,--,--,--
Cuba,CUB,0,0,0,0,0,0,0,0,0,0,0,0,0,0,0,0,0,0,0,0,0,0,0,0,0,0,0,0,0,0,0,0,0,0,0,0,0,0,0,0,0,0,0,0
Cayman Islands,CYM,0,0,0,0,0,0,0,0,0,0,0,0,0,0,0,0,0,0,0,0,0,0,0,0,0,0,0,0,0,0,0,0,0,0,0,0,0,0,0,0,0,0,0,0
Cyprus,CYP,0,0,0,0,0,0,0,0,0,0,0,0,0,0,0,0,0,0,0,0,0,0,0,0,0,0,0,0,0,0,0,0,0,0,0,0,0,0,0,0,0,0,0,0
Czechia,CZE,--,--,--,--,--,--,--,--,--,--,--,--,--,-0.007178848,-0.00121126,0.001487632,-1.0236e-05,-0.004053456,-0.008338928,-0.01119136,-0.034178004,-0.032547068,-0.038852444,-0.055318756,-0.053626404,-0.043107208,-0.043096972,-0.055114036,-0.039132228,-0.046553328,-0.051002576,-0.058154128,-0.05841344,-0.057618444,-0.0556156,-0.04270118,-0.037443288,-0.0444819028,-0.0474510252,-0.0446855992,-0.0346413536,-0.0377885824,-0.0461603891144,-0.031334352782
East,DDR,0.00499858,0.00585158,0.003916976,0.004619848,0.000958772,0.000552744,0.003408588,0.012921244,0.005701452,0.003026444,0.003412,--,--,--,--,--,--,--,--,--,--,--,--,--,--,--,--,--,--,--,--,--,--,--,--,--,--,--,--,--,--,--,--,--
Germany,DEU,--,--,--,--,--,--,--,--,--,--,--,-0.0019619,-0.018725056,0.00296844,0.00808644,0.016459488,-0.017967592,-0.007987492,-0.002176856,0.00354848,0.010430484,0.012477684,0.034113176,-0.011164064,-0.008942852,-0.015579192,-0.057925524,-0.05648566,-0.0685812,-0.041875476,-0.05102646,-0.01284618,-0.070089304,-0.109842516,-0.11561562,-0.164738184,-0.1723913,-0.178990108,-0.166287232,-0.1114628748,-0.064926948,-0.0633779,-0.092197061156,0.030833361998
West,DEUW,0.019646296,0.026951388,0.023174304,0.03546774,0.013804952,0.00853,0.017957356,0.012951952,0.001286324,0.00058004,-0.003746376,--,--,--,--,--,--,--,--,--,--,--,--,--,--,--,--,--,--,--,--,--,--,--,--,--,--,--,--,--,--,--,--,--
Djibouti,DJI,0,0,0,0,0,0,0,0,0,0,0,0,0,0,0,0,0,0,0,0,0,0,0,0,0,0,0,0,0,0,0,0,0,0,0.00117714,0.0010723916,0.001533694,0.0017339784,0.001794712,0.001753768,0.001712824,0.001746944,0.001746944,0.001746944
Dominica,DMA,0,0,0,0,0,0,0,0,0,0,0,0,0,0,0,0,0,0,0,0,0,0,0,0,0,0,0,0,0,0,0,0,0,0,0,0,0,0,0,0,0,0,0,0
Denmark,DNK,-0.004203584,0.018888832,0.006919536,0.014354284,0.016664208,0.00156952,0.000279784,0.008236568,0.014361108,0.032274108,0.023365376,-0.006728464,0.012781352,0.00404322,-0.01644584,-0.002709128,-0.052541388,-0.024757472,-0.01473984,-0.007891956,0.00226898,-0.0019619,-0.007066252,-0.02915554,-0.009799264,0.004671028,-0.02366222,-0.0032414,0.00496446,0.001139608,-0.00387262,0.00450384,0.017790168,0.003691784,0.00974126,0.020170038,0.0172548252,0.0155679324,0.0178253116,0.0198267908,0.0234834312,0.0166123456,0.0047953623036,0.0106906957444
Dominican Republic,DOM,0,0,0,0,0,0,0,0,0,0,0,0,0,0,0,0,0,0,0,0,0,0,0,0,0,0,0,0,0,0,0,0,0,0,0,0,0,0,0,0,0,0,0,0
Algeria,DZA,3.0708e-05,5.8004e-05,-8.8712e-05,-6.1416e-05,0.000242252,-0.000126244,-5.8004e-05,-0.0001706,3.0708e-05,-0.000201308,-0.000334376,-0.002255332,-0.003193632,-0.004090988,-0.003835088,-0.000941712,-0.000467444,-3.412e-06,0.000129656,-0.00020472,-0.000235428,-0.000156952,-7.5064e-05,3.7532e-05,4.7768e-05,0.000286608,0.000279784,2.0472e-05,-0.000167188,-0.000109184,-0.000228604,-0.000484504,-0.000167188,-0.000303668,-0.000651692,-0.000105772,-0.000853,-0.001170316,-0.000310492,-0.000484504,-0.0002094968,-0.0039238,-0.008775664,-0.0077698064
Ecuador,ECU,4.4356e-05,3.412e-05,0,0,0,0,0,0,0,0,0,0,0,0,0,0,0,0,0,8.53e-05,6.824e-05,7.5064e-05,0.000191072,0.003592836,0.005483084,0.005824284,0.0053527456,0.00280637,0.001576344,0.003749788,0.002944556,0.004370772,0.000771112,0.002159796,0.00269548,0.001589992,-0.00109184,-0.000658516,-0.0005114588,-0.0062139344,-0.0037197624,-0.0005466024,0.000934888,0.000934888
Egypt,EGY,0,0,0,0,0,0,0,0,0,0,0,0,0,0,0,0,0,0,0,0,-0.000501564,-0.000702872,-0.00266136,-0.003132216,-0.002384988,-0.002654536,-0.001190788,-0.001920956,-0.003057152,-0.00319022,-0.004923516,-0.005380724,-0.001354564,-0.001361388,-0.002316748,-0.002364516,-0.000914416,-0.001173728,-0.001948252,-0.00269548,-0.004848452,-0.005005404,-0.00533978,-0.005451628980132
Eritrea,ERI,--,--,--,--,--,--,--,--,--,--,--,--,--,--,0,0,0,0,0,0,0,0,0,0,0,0,0,0,0,0,0,0,0,0,0,0,0,0,0,0,0,0,0,0
Western Sahara,ESH,0,0,0,0,0,0,0,0,0,0,0,0,0,0,0,0,0,0,0,0,0,0,0,0,0,0,0,0,0,0,0,0,0,0,0,0,0,0,0,0,0,0,0,0
Spain,ESP,-0.004715384,-0.004940576,-0.0103213,-0.000348024,0.00789878,-0.0036679,-0.004285472,-0.005227184,-0.004510664,-0.00620984,-0.00143304,-0.002309924,0.002187092,0.004323004,0.0063975,0.015313056,0.00361672,-0.010485076,0.011611036,0.01949958,0.015152692,0.0117714,0.018182548,0.004309356,-0.010331536,-0.004582316,-0.01119136,-0.019622412,-0.037665068,-0.027650848,-0.028432196,-0.020782492,-0.038210988,-0.023034412,-0.011621272,-0.000453796,0.026159804,0.031284628,0.037880024,0.0234141676,0.0111899952,0.0029083888,-0.0678063900744,-0.0476470773552
Estonia,EST,--,--,--,--,--,--,--,--,--,--,--,--,-0.011232304,-0.0046915,-0.0037532,-0.00259312,-0.00293432,-0.003220928,-0.001323856,-0.002060848,-0.003026444,-0.002698892,-0.00235428,-0.006469152,-0.006121128,-0.005486496,-0.002559,-0.00825704,-0.003210692,0.000279784,-0.011102648,-0.012153544,-0.00764288,-0.012242256,-0.009396648,-0.0031561,-0.006950244,-0.009328408,-0.006472564,0.007359684,0.012433328,0.008970148,0.0034458405572,0.01127666
Ethiopia,ETH,0,0,0,0,0,0,0,0,0,0,0,0,0,0,0,0,0,0,0,0,0,0,0,0,0,0,0,0,0,0,0,-0.001132784,-0.001920956,-0.002190504,-0.002596532,-0.0023884,-0.004445836,-0.004885984,-0.003412,-0.00390674,-0.005585444,-0.00568098,-0.005971,-0.006012516612076
European Union,EU27,0.090148452,0.114486248,0.116004588,0.143737324,0.12080186,0.12153544,0.104362844,0.109102112,0.143020804,0.14540238,0.138957112,0.04526018,0.007294856,0.02204152,0.0233722,0.015821444,-0.059423392,-0.030933192,-0.02125676,-0.002466876,0.030465748,-0.011065116,0.024133076,-0.007257324,-0.040271836,0.02509526,0.001549048,0.036058016,0.041124836,0.058973008,0.0167164116,0.0032970156,0.0231524672,-0.0062108636,-0.017140182,-0.0227751,0.0022065404,-0.0156126296,0.0301999532,0.0100459516,0.0476376616,0.0249840288,0.0505418167904,-0.0091108779872
Eurasia,EURA,-0.063118588,-0.069973296,-0.072058028,-0.07815186,-0.081209012,-0.098262188,-0.098381608,-0.115554204,-0.128219548,-0.125909624,-0.113271576,-0.065974432,-0.022560144,-0.021693496,-0.05213536,-0.03137334,-0.029469444,-0.022444136,-0.018789884,-0.020570948,-0.022607912,-0.024317324,-0.021696908,-0.034031288,-0.038988924,-0.054226916,-0.0703660172,-0.0604036596,-0.072614184,-0.0594100852,-0.08586298,-0.103185704,-0.088548224,-0.078172332,-0.067874916,-0.05805518,-0.083211856,-0.0828048044,-0.1048773736,-0.103619028,-0.0577852908,-0.08707424,-0.093526332,-0.089838668146952
Europe,EURO,0.062142756,0.068516372,0.069226068,0.07562698,0.079714556,0.097460368,0.098627272,0.116461796,0.12936598,0.128277552,0.113701488,0.065810656,0.022556732,0.030141608,0.03997158,0.021383004,0.017612744,0.014999152,0.016909872,0.008328692,0.015053744,0.029520624,0.0336211656,0.0310195156,0.0177171512,0.0254941228,0.038279228,0.031924378,0.0461544652,0.0283909108,0.0364732564,0.0476833824,0.03110891,0.0315391632,0.0176854196,0.0143460952,0.0297379684,0.0182801312,0.041136778,0.0619898984,0.0168999772,0.0451001572,0.0184488859904,-0.015676587004316
Finland,FIN,0.004131932,0.007656528,0.007895368,0.016302536,0.01779358,0.016015928,0.019526876,0.019096964,0.02519762,0.030257616,0.03664488,0.02487348,0.028640328,0.025876608,0.0224339,0.023955652,0.012491332,0.02611886,0.031752072,0.037955088,0.04053456,0.033980108,0.0406881,0.016555024,0.01661644,0.05805518,0.038900212,0.042844484,0.043578064,0.04123402,0.035829412,0.047263024,0.059518928,0.05361958,0.061303404,0.055741844,0.064660812,0.0696901,0.068021632,0.068383304,0.051534848,0.060624416,0.0441136057196,0.0060068696736
Fiji,FJI,0,0,0,0,0,0,0,0,0,0,0,0,0,0,0,0,0,0,0,0,0,0,0,0,0,0,0,0,0,0,0,0,0,0,0,0,0,0,0,0,0,0,0,0
Falkland Islands,FLK,0,0,0,0,0,0,0,0,0,0,0,0,0,0,0,0,0,0,0,0,0,0,0,0,0,0,0,0,0,0,0,0,0,0,0,0,0,0,0,0,0,0,0,0
France,FRA,0.01107194,-0.015893096,-0.012518628,-0.045133936,-0.083829428,-0.078946856,-0.086074524,-0.100452692,-0.125251108,-0.142857028,-0.155034456,-0.180470916,-0.184514136,-0.20959916,-0.2153825,-0.238297492,-0.234783132,-0.223124328,-0.196401544,-0.215443916,-0.237062348,-0.233247732,-0.262840008,-0.226604568,-0.211223272,-0.205839136,-0.216119492,-0.193845956,-0.163735056,-0.088486808,-0.104792756,-0.192481156,-0.151905652,-0.165348932,-0.22925228,-0.218582956,-0.141601412,-0.1369194656,-0.2148423804,-0.196759804,-0.1536737504,-0.1531721864,0.0543401797284,-0.1743551731596
Faroe Islands,FRO,0,0,0,0,0,0,0,0,0,0,0,0,0,0,0,0,0,0,0,0,0,0,0,0,0,0,0,0,0,0,0,0,0,0,0,0,0,0,0,0,0,0,0,0
Gabon,GAB,0,0,0,0,0,0,0,0,0,0,0,0,0,0,0,0,0,0,0,0,0,0,0,0,0,0,0,0,0,0,0,0,0,0.000627808,0.001323856,0.001149844,0.001187376,0.001555872,0.001743532,0.00180836,0.001852716,0.001801536,0.001856248058044,0.001992741398964
United Kingdom,GBR,1.0236e-05,0,0,0,0,0,0.01451806,0.03969862,0.04377596,0.043096972,0.040067116,0.05599092,0.056871216,0.057034992,0.0576628,0.055878324,0.05687804,0.056550488,0.042540816,0.048600528,0.048361688,0.035481388,0.0287112976,0.0073709436,0.0255545152,0.0283909108,0.025648004,0.017791874,0.0376074052,0.0097613908,0.0090875208,0.0212291228,0.0404796268,0.0492382308,0.0700135576,0.0720123072,0.06054594,0.0503607788,0.0651951312,0.072233746,0.0611085788,0.0838580888,-0.0182280210888,0.081080625264
Georgia,GEO,--,--,--,--,--,--,--,--,--,--,--,--,0.003306228,0.002425932,0.0032414,0.00262724,0.000934888,0.000641456,-0.000259312,0.000191072,0.000859824,0.000931476,0.001525164,0.003111744,0.004370772,0.004592552,0.002101792,-0.000675576,-0.000399204,-0.00165482,-0.00429912,-0.001545636,0.000296844,0.000116008,0.000849588,0.000133068,-0.00027296,0.0027681556,0.00313904,0.004718796,0.0049688956,0.00551038,0.001917544,-0.002316748
Ghana,GHA,-0.00150128,-0.001610464,-0.001777652,-0.0007677,-0.000853,-0.00092124,-0.0009383,-0.000958772,-0.000962184,-0.00095536,-0.000651692,-0.000723344,-0.000962184,-0.000969008,-0.00105772,-0.0007677,-0.000965596,-0.001218084,0.001706,-7.5064e-05,0.000709696,0.000504976,0.001480808,0.001163492,0.000726756,0.000600512,-0.0004265,0.000644868,-0.000897356,-0.001890248,-0.00317316,-0.00208132,-0.001839068,-0.001716236,-0.001607052,-0.001241968,0.001903896,0.000177424,-0.0020472,-0.004445836,-0.005947116,-0.005752632,-0.0073922314092,-0.006658690486836
Gibraltar,GIB,0,0,0,0,0,0,0,0,0,-3.412e-06,-3.412e-06,-3.412e-06,-3.412e-06,-1.706e-05,0,0,0,0,0,0,0,0,0,0,0,0,0,0,0,0,0,0,0,0,0,0,0,0,0,0,0,0,0,0
Guinea,GIN,0,0,0,0,0,0,0,0,0,0,0,0,0,0,0,0,0,0,0,0,0,0,0,0,0,0,0,0,0,0,0,0,0,0,0,0,0,0,0,0,0,0,0,0
Guadeloupe,GLP,0,0,0,0,0,0,0,0,0,0,0,0,0,0,0,0,0,0,0,0,0,0,0,0,0,0,0,0,0,0,0,,,,,,,,,,,,,
The,GMB,0,0,0,0,0,0,0,0,0,0,0,0,0,0,0,0,0,0,0,0,0,0,0,0,0,0,0,0,0,0,0,0,0,0,0,0,0,0,0,0,0,0,0,0
Guinea-Bissau,GNB,0,0,0,0,0,0,0,0,0,0,0,0,0,0,0,0,0,0,0,0,0,0,0,0,0,0,0,0,0,0,0,0,0,0,0,0,0,0,0,0,0,0,0,0
Equatorial Guinea,GNQ,0,0,0,0,0,0,0,0,0,0,0,0,0,0,0,0,0,0,0,0,0,0,0,0,0,0,0,0,0,0,0,0,0,0,0,0,0,0,0,0,0,0,0,0
Greece,GRC,0.002101792,0.001054308,0.002463464,0.006424796,0.008738132,0.002521468,0.004391244,0.00209838,0.001050896,0.001334092,0.002425932,0.002197328,0.00206426,0.002760308,0.00133068,0.002753484,0.004592552,0.007851012,0.00549332,0.000559568,-3.7532e-05,0.00853,0.009881152,0.007141316,0.00962184,0.01289736,0.014337224,0.01485926,0.019151556,0.014903616,0.019468872,0.011027584,0.00609042,0.006438444,0.030090428,0.032782496,0.030011952,0.021280644,0.021420536,0.033928928,0.030243968,0.012569808,0.011765316404,0.0167584071784
Grenada,GRD,0,0,0,0,0,0,0,0,0,0,0,0,0,0,0,0,0,0,0,0,0,0,0,0,0,0,0,0,0,0,0,0,0,0,0,0,0,0,0,0,0,0,0,0
Greenland,GRL,0,0,0,0,0,0,0,0,0,0,0,0,0,0,0,0,0,0,0,0,0,0,0,0,0,0,0,0,0,0,0,0,0,0,0,0,0,0,0,0,0,0,0,0
Guatemala,GTM,0,0,0,0,0,0,0,0,0,0,0,0,0,0,0,0.00011942,-6.824e-06,-0.00023884,-0.000129656,-0.00075064,-0.002402048,-0.00105772,-0.00131362,-0.001354564,-0.001443276,-0.001064544,-0.00027296,-0.0004224056,-0.000242252,-0.000194484,0.000760876,0.001136196,0.00010236,-0.001095252,-0.001702588,-0.001712824,-0.002006256,-0.003299404,-0.0057127116,-0.003579188,-0.000242252,8.53e-05,0.001286324,0.00160044125
French Guiana,GUF,0,0,0,0,0,0,0,0,0,0,0,0,0,0,0,0,0,0,0,0,0,0,0,0,0,0,0,0,0,0,0,,,,,,,,,,,,,
Guam,GUM,0,0,0,0,0,0,0,0,0,0,0,0,0,0,0,0,0,0,0,0,0,0,0,0,0,0,0,0,0,0,0,0,0,0,0,0,0,0,0,0,0,0,0,0
Guyana,GUY,0,0,0,0,0,0,0,0,0,0,0,0,6.824e-05,4.0944e-05,5.118e-05,6.824e-05,5.118e-05,4.7768e-05,0,0,0,0,0,0,0,0,0,0,0,0,0,0,0,0,0,0,0,0,0,0,0,0,0,0
Hawaiian Trade Zone,HITZ,0,0,0,0,0,0,0,--,--,--,--,--,--,--,--,--,--,--,--,--,--,--,--,--,--,--,--,--,--,--,--,--,--,--,--,--,--,--,--,--,--,--,--,--
Hong Kong,HKG,-0.001050896,-0.000808644,-0.000928064,-0.001255616,-0.00252488,-0.0035826,-0.004121696,-0.004647144,-0.00491328,-0.00603924,-0.006131364,-0.01044072,-0.016933756,-0.01417686,0.00680694,0.014985504,0.024119428,0.024965604,0.02187092,0.028548204,0.030786476,0.0299403,0.027319884,0.025211268,0.023031,0.022188236,0.021731028,0.023624688,0.026427646,0.02681832,0.028790456,0.028602796,0.034021052,0.030909308,0.030919544,0.03601366,0.035539392,0.03833382,0.041090716,0.042247384,0.0433324,0.04283766,0.042130651482272,0.03955553719996
Honduras,HND,-1.3648e-05,-1.3648e-05,-1.3648e-05,-1.3648e-05,0,0,2.7296e-05,2.3884e-05,1.0236e-05,1.0236e-05,1.0236e-05,0,-1.0236e-05,5.4592e-05,5.8004e-05,-8.53e-05,-0.00052886,0.000388968,0.000150128,0.000491328,0.000941712,0.001050896,0.00141598,0.001129372,0.00128803,0.00018766,6.4828e-05,4.0944e-05,-4.0944e-05,-0.000174012,3.0708e-05,0.000146716,0.0002559,0.000365084,0.001078192,0.0005107764,0.0010154112,0.0014367932,0.0012429916,0.000842764,0.00097242,0.000685812,0.000655104,0.00071857158442
Croatia,HRV,--,--,--,--,--,--,--,--,--,--,--,--,0.0098948,0.007926076,0.0124538,0.011989768,0.005940292,0.013470576,0.016282064,0.00820586,0.011672452,0.008605064,0.01035542,0.011297132,0.010222352,0.015043508,0.01707706,0.020120564,0.020512944,0.017070236,0.013538816,0.02441286,0.025354572,0.013201028,0.013487636,0.023164068,0.018871772,0.0237267068,0.0183818088,0.0209251136,0.015828268,0.0135139084,0.016015928,0.005380724
Haiti,HTI,0,0,0,0,0,0,0,0,0,0,0,0,0,0,0,0,0,0,0,0,0,0,0,0,0,0,0,0,0,0,0,0,0,0,0,0,0,0,0,0,0,0,0,0
Hungary,HUN,0.025204444,0.027241408,0.029824292,0.030967312,0.035037828,0.036876896,0.035880592,0.036211556,0.038528304,0.037818608,0.03845324,0.025119144,0.011358548,0.008509528,0.0071652,0.00820586,0.00747228,0.007332388,0.00252488,0.003626956,0.01173728,0.010819452,0.014521472,0.023675868,0.025480816,0.021246524,0.024590284,0.013600232,0.013317036,0.018810356,0.01772534,0.022665916,0.027183404,0.040524324,0.04568668,0.046696632,0.043369932,0.043939736,0.048955376,0.042936608,0.039841924,0.043516648,0.0414557054876,0.0378733716236
Indonesia,IDN,0,0,0,0,0,0,0,0,0,0,0,0,0,0,0,0,0,0,0,0,0,0,0,0,0,0,0,0,0,4.4356e-06,7.5064e-06,8.53e-06,1.0236e-05,1.0236e-05,3.0708e-05,4.33324e-05,0.0023634924,0.003819734,0.0051040108,0.0057427372,0.005298836,0.0033188524,0.002719364,0.002825811906964
India,IND,-0.000126244,-0.000303668,-0.000245664,-0.00029002,-0.00035826,-0.000310492,0.000351436,0.00291726,0.003405176,0.002855844,0.00308786,0.00453796,0.004363948,0.004568668,0.00487916,0.0055445,0.00518624,0.004278648,0.00416264,0.003968156,0.004442424,0.004387832,0.00458914,0.00576628,0.00578334,0.005302248,0.009352292,0.01685528,0.019922668,0.018087012,0.018929776,0.017462616,0.015835092,0.013467164,0.0019619,0.000320728,-0.003729316,-0.005431904,-0.013091844,-0.01071368,-0.000368496,-8.8712e-05,-0.00590777564,-0.005752860054668
Ireland,IRL,0,0,0,0,0,0,0,0,0,0,0,0,0,0,0,-5.118e-05,-0.00046062,-4.0944e-05,0.000269548,0.000822292,0.000334376,-0.000853,0.001716236,0.003978392,0.005370488,0.006974128,0.006066536,0.00453796,0.0015354,0.002606768,0.0016046636,0.0016722212,0.001410862,0.0076503864,0.007332388,0.0022976408,-0.0024283204,-0.002315042,-9.45124e-05,0.0021993752,-0.0005182828,0.0054168912,0.0007171327952,0.0117673605332
Iran,IRN,0,0,0,0,0,0,0,0,0,0,0,0,0,-0.000658516,-0.000672164,-0.000535684,-0.001310208,-0.001781064,-0.002105204,-0.002722776,-0.002309924,-0.001037248,0.000607336,0.00194484,0.001136196,-0.0023031,-0.000798408,-0.002313336,-0.007475692,-0.013934608,-0.012597104,-0.017100944,-0.024334384,-0.026883148,-0.020089856,-0.009123688,-0.008417404,-0.01473984,-0.012648284,-0.023419968,-0.023187952,-0.023187952,-0.022010812,-0.008827441840404
Iraq,IRQ,0,0,0,0,0,0,0,0,0,0,0,0,0,0,0,0,0,0,0,0,0,0,0,0,0.004497016,0.004234292,0.009171456,0.007492752,0.010143876,0.01905602,0.0229356346,0.024679316728,0.03470821174,0.031535457768,0.030219459604,0.03129116198,0.027774543236,0.019229987644,0.015961827328,0.022354362868,0.025403452312,0.017387558824,0.012058987244,0.010692266288
Iceland,ISL,0,0,0,0,0,0,0,0,0,0,0,0,0,0,0,0,0,0,0,0,0,0,0,0,0,0,0,0,0,0,0,0,0,0,0,0,0,0,0,0,0,0,0,0
Israel,ISR,-0.00056298,-0.000617572,-0.000685812,-0.000661928,-0.000678988,-0.000794996,-0.001013364,-0.001218084,-0.0012795,-0.00129656,-0.00133068,-0.00122832,-0.0011942,-0.00109184,-0.00112596,-0.003118568,-0.003333524,-0.003985216,-0.003586012,-0.00429912,-0.004971284,-0.004773388,-0.004732444,-0.00501564,-0.004978108,-0.005687804,-0.006291728,-0.007100372,-0.012508392,-0.012907596,-0.013531992,-0.014405464,-0.015128808,-0.0159511,-0.016527728,-0.017732164,-0.018946836,-0.019274388,-0.020004556,-0.021533132,-0.021301116,-0.022256476,-0.023597392,-0.02364516
Italy,ITA,0.020755196,0.032864384,0.024399212,0.037811784,0.07127668,0.080758628,0.075452968,0.078974152,0.106645472,0.115083348,0.11721926,0.119720256,0.120283236,0.134541984,0.12832532,0.12783058,0.12755762,0.13253914,0.138977584,0.14333812,0.151311964,0.165062324,0.172636964,0.173902816,0.15570662,0.16771686,0.15348882,0.157917596,0.13659942,0.153400108,0.15067392,0.156037584,0.147067436,0.143774856,0.149158992,0.158241736,0.126336124,0.1288395084,0.1497827056,0.1301377744,0.1098674236,0.1460134692,0.1466574180072,0.1748714752936
Jamaica,JAM,0,0,0,0,0,0,0,0,0,0,0,0,0,0,0,0,0,0,0,0,0,0,0,0,0,0,0,0,0,0,0,0,0,0,0,0,0,0,0,0,0,0,0,0
Jordan,JOR,0,0,0,0,0,-7.5064e-05,-0.000730168,-0.0003412,0,0,0,0.00054592,0.00054592,0.00047768,0.00049474,0.002060848,0.001003128,0.001525164,0.001375036,0.002193916,0.00143304,0.00090418,0.001098664,0.003306228,0.002688656,0.002514644,0.001566108,0.000109184,0.000764288,0.000832528,0.002088144,0.005636624,0.00232016,0.001098664,0.001265852,0.001890248,0.000982656,-1.94484e-05,0.0003217516,0.0004821156,0.000649986,0.000757464,0.000242252,0.000751127991064
Japan,JPN,0,0,0,0,0,0,0,0,0,0,0,0,0,0,0,0,0,0,0,0,0,0,0,0,0,0,0,0,0,0,0,0,0,0,0,0,0,0,0,0,0,0,0,0
Kazakhstan,KAZ,--,--,--,--,--,--,--,--,--,--,--,--,0.044946276,0.05118,0.0208132,0.018766,0.017479676,0.011938588,0.013194204,0.01018482,0.010294004,0.006134776,0.001327268,-0.005012228,-0.007400628,-0.00044356,0.0007677,0.0002559,0.000975832,-0.002282628,0.003947684,0.002698892,0.004500428,-0.002896788,-0.003985216,1.3648e-05,-0.004275236,-0.014889968,-0.011877172,-0.001651408,-0.002572648,-0.001938016,0.004950812,0.004950812
Kenya,KEN,0.00107478,0.000661928,0.000723344,0.000610748,0.00073358,0.00073358,0.00080182,0.000600512,0.00037532,0.000382144,0.00037532,0.00037532,0.000382144,0.000931476,0.000900768,0.00058004,0.0005118,0.000491328,0.000498152,0.0003412,0.000675576,0.000586864,0.000757464,0.000644868,0.000552744,1.22832e-05,-0.000122832,-0.00011942,-5.4592e-05,4.0944e-05,3.412e-06,-1.0236e-05,2.0472e-05,1.706e-05,0.000433324,4.0944e-05,0.000160364,0.000743816,0.00032414,0.000668752,0.0004101224,0.00092124,0.001016776,0.000962184
Kyrgyzstan,KGZ,--,--,--,--,--,--,--,--,--,--,--,--,-0.007185672,-0.003490476,-0.0083594,-0.002432756,-0.00696048,-0.005517204,-0.002040376,-0.002596532,-0.009662784,-0.006288316,-0.002309924,-0.005486496,-0.011355136,-0.009157808,-0.008570944,-0.0081035,-0.002613592,-0.004090988,-0.005841344,-0.009123688,-0.005674156,-0.000501564,0.000730168,0.00185954,0.000446972,-0.00414558,-0.00257606,-6.824e-06,0.000174012,0.00387262,0.008014788,0.011945377105476
Cambodia,KHM,0,0,0,0,0,0,0,0,0,0,0,0,0,0,0,0,0,0,0,0,0,6.824e-06,2.3884e-05,4.4356e-05,6.1416e-05,9.8948e-05,0.000184248,0.000351436,0.000941712,0.0024737,0.005278364,0.006230312,0.00718226,0.007775948,0.006151836,0.005278364,0.005397784,0.0049204452,0.005346604,0.010450956,0.01303384,0.01154962,0.016374188,0.01738605925
Kiribati,KIR,0,0,0,0,0,0,0,0,0,0,0,0,0,0,0,0,0,0,0,0,0,0,0,0,0,0,0,0,0,0,0,0,0,0,0,0,0,0,0,0,0,0,0,0
Saint Kitts and Nevis,KNA,0,0,0,0,0,0,0,0,0,0,0,0,0,0,0,0,0,0,0,0,0,0,0,0,0,0,0,0,0,0,0,0,0,0,0,0,0,0,0,0,0,0,0,
South Korea,KOR,0,0,0,0,0,0,0,0,0,0,0,0,0,0,0,0,0,0,0,0,0,0,0,0,0,0,0,0,0,0,0,0,0,0,0,0,0,0,0,0,0,0,0,0
Kuwait,KWT,0,0,0,0,0,0,0,0,0,0,0,0,0,0,0,0,0,0,0,0,0,0,0,0,0,0,0,0,0,0,0,0,0,0,0,0,0,0,0,0,0,0,0,0
Laos,LAO,-0.002480524,-0.002494172,-0.002521468,-0.002306512,-0.002347456,-0.002033552,-0.001934604,-0.000917828,-0.000866648,-0.001214672,-0.001729884,-0.002170032,-0.002036964,-0.00189366,-0.002088144,-0.002258744,-0.00249076,-0.00233967664,-0.00453219372,-0.00626501204,-0.008915556,-0.0091369948,-0.008651126,-0.0069188536,-0.0073873212,-0.00740404,-0.006332672,-0.003234576,-0.00501564,-0.002545352,-0.018547632,-0.03331818,-0.030824008,-0.038289464,-0.035406324,-0.032410588,-0.064104656,-0.083256212,-0.091830568,-0.077687828,-0.10021044,-0.113865264,-0.133381904,-0.126397216494632
Lebanon,LBN,0.000791584,0.000774524,0.00112596,0.000992892,0.000678988,0.001119136,0.001272676,0.001064544,0.00121126,0.00129656,0.00133068,0.00040944,0.00037532,0.00030708,0.0003412,0.00105772,0.00233722,0.002074496,0.003596248,0.004265,0.004766564,0.004309356,0.001815184,0,0.000736992,0.00155246,0.003169748,0.003316464,0.001914132,0.00394086,0.00424794,0.00286608,0.001102076,0.001781064,0.000464032,0.000914416,0.000235428,0.001822008,3.7532e-05,0.0003063976,0,0.002719364,0,0
Liberia,LBR,0,0,0,0,0,0,0,0,0,0,0,0,0,0,0,0,0,0,0,0,0,0,0,0,0,0,0,0,0,0,0,0,0,0,0,0,0,0,0,0,0,0,0,0
Libya,LBY,0,0,0,0,0,0,0,0,0,0,0,0,0,0,0,0,0,0,0,0,0,0,0,0,0,0.000160364,0.000112596,-9.2124e-05,-0.000163776,-9.8948e-05,-0.000279784,-0.00022178,0.000160364,0.000214956,0.000300256,0,0.001282912,0.001030424,0.00158658,0.0026490768,0.0042950256,0.002675008,0.002453228,0.0027296
Saint Lucia,LCA,0,0,0,0,0,0,0,0,0,0,0,0,0,0,0,0,0,0,0,0,0,0,0,0,0,0,0,0,0,0,0,0,0,0,0,0,0,0,0,0,0,0,0,
Sri Lanka,LKA,0,0,0,0,0,0,0,0,0,0,0,0,0,0,0,0,0,0,0,0,0,0,0,0,0,0,0,0,0,0,0,0,0,0,0,0,0,0,0,0,0,0,0,0
Lesotho,LSO,0,0,0,0,0,0,0,0,0,0,0.000655104,0.000702872,0.000822292,0.000958772,0.00105772,0.001105488,0.00114302,0.001085016,0.000713108,0.00018766,-2.0472e-06,5.73216e-05,-6.58516e-05,-7.8476e-06,6.44868e-05,-3.17316e-05,9.82656e-05,0.000141598,0.0001576344,0.0004172876,0.000667046,0.0007533696,0.000986068,0.0009649136,0.0009147572,0.0008741544,0.00126244,0.0013173732,0.0013436456,0.0018452096,0.0015074216,0.0014562416,0.001465929315484,0.001549019898768
Lithuania,LTU,--,--,--,--,--,--,--,--,--,--,--,--,-0.018093836,-0.009294288,0.0040944,-0.00590276,-0.015354,-0.0103213,-0.020526592,-0.00917828,-0.004558432,-0.013525168,-0.022130232,-0.02569236,-0.02454934,-0.010119992,-0.001460336,-0.004681264,-0.003265284,-0.010003984,0.02043788,0.022993468,0.022584028,0.023699752,0.026009676,0.024593696,0.0282343,0.0296066064,0.03286609,0.0318803632,0.026983802,0.0308571044,0.029234016,0.0236442442192
Luxembourg,LUX,0.009696904,0.009986924,0.010754624,0.01127666,0.011781636,0.012017064,0.011877172,0.012156956,0.012900772,0.013057724,0.013415984,0.014152976,0.013508108,0.013822012,0.01530282,0.017070236,0.0167188,0.017694632,0.018472568,0.018960484,0.019523464,0.019264152,0.011730456,0.012638048,0.011512088,0.011126532,0.012136484,0.01351152,0.014828552,0.011662216,0.0138643208,0.0152922428,0.0140243436,0.016868928,0.0166976456,0.0191051528,0.0214911644,0.0210796772,0.0210223556,0.0200584656,0.0186462388,0.0195214168,0.0187892927004,0.0177505707164
Latvia,LVA,--,--,--,--,--,--,--,--,--,--,--,--,0.013811776,0.008536824,0.0063122,0.007707708,0.011010524,0.006220076,0.005172592,0.006168896,0.006093832,0.006424796,0.008011376,0.008983796,0.007154964,0.007328976,0.008557296,0.010236,0.00859824,0.005643448,0.002978676,0.00424794,0.005769692,0.00462326,0.007905604,0.006213252,0.003524596,-0.0002190504,0.0031011668,0.0038149572,0.0055468884,0.0060518644,0.007883501064,0.0027446431668
Macau,MAC,0,0,0,0,8.53e-05,0.000160364,0.000143304,0.00013648,0.000133068,0.000177424,0.000303668,0.0003412,0.000388968,0.0003412,0.00047768,0.001183964,0.000593688,0.000576628,0.000552744,0.000593688,0.0003412,0.000655104,0.000644868,0.000610748,0.000515212,0.001163492,0.00329258,0.005742396,0.007885132,0.0075975004,0.009507538,0.0107982976,0.0131542836,0.0138479432,0.0139851056,0.013833954,0.0146913896,0.013482518,0.016756332,0.0169784532,0.0165570712,0.0177161276,0.016630088,0.018175724
Morocco,MAR,0,0,0,0,0,0,0,0,6.1416e-05,0,0.000351436,0.002060848,0.003179984,0.0044356,0.0039238,0.000829116,0.000853,0.000423088,0.00240546,0.0061416,0.007943136,0.005257892,0.004681264,0.004834804,0.00523742,0.002777368,0.006916124,0.011965884,0.014538532,0.015773676,0.01344328,0.015719084,0.016520904,0.0184248,0.02050612,0.016967876,0.017585448,0.020120564,0.011512088,-0.003162924,0.000791584,-0.000556156,0.004766564,0.006308788
Moldova,MDA,--,--,--,--,--,--,--,--,--,--,--,--,-0.000293432,-0.0071652,0.00211544,0.006390676,0.00515212,0.006663636,0.006824,0.00493034,0.00609042,0.007257324,0.007649704,0.011778224,0.010021044,0.010717092,0.011982944,0.010000572,0.010092696,0.004995168,8.53e-05,0.002272392,0.002886552,0.004967872,0.002494172,6.1416e-05,1.3648e-05,0.003869208,0.003261872,0.002197328,0.000569804,0.000549332,0.002872904,0.00399204
Madagascar,MDG,0,0,0,0,0,0,0,0,0,0,0,0,0,0,0,0,0,0,0,0,0,0,0,0,0,0,0,0,0,0,0,0,0,0,0,0,0,0,0,0,0,0,0,0
Maldives,MDV,0,0,0,0,0,0,0,0,0,0,0,0,0,0,0,0,0,0,0,0,0,0,0,0,0,0,0,0,0,0,0,0,0,0,0,0,0,0,0,0,0,0,0,0
Mexico,MEX,0.001804948,0.000958772,-0.000208132,-0.000262724,-0.00029002,-0.000351436,-0.004660792,-0.006564688,-0.00624396,-0.004507252,-0.004671028,-0.004780212,-0.0035826,-0.003773672,-0.00283196,-0.00266136,0.000337788,0.004984932,0.004889396,0.001787888,0.002982088,0.000191072,0.000689224,-0.002954792,-0.004346888,-0.005704864,-0.002647712,-0.004005688,-0.003756612,-0.003081036,-0.003244812,-0.002378164,0.003620132,-0.00010236,-0.001804948,-0.00228604,0.000900768,0.001183964,0.004254764,0.002808076,0.01368212,-0.003261872,-0.000934888,-0.0035416556588
Middle East,MIDE,0,0,0,0,0,0,-0.0006824,-0.000566392,-6.824e-05,0,0,0,0,-0.000658516,-0.000672164,-0.000535684,-0.001303384,0.001351152,0.005022464,0.002415696,0.006639752,0.006510096,0.006660224,0.00728462,0.01107194,0.007806656,0.01472278,0.013808364,0.005230596,0.010904752,0.0167121466,0.016562168728,0.01458969494,0.005769057368,0.011443223604,0.02456406278,0.019729388436,0.003870528444,0.002484768528,-0.000396170732,0.000610495512,-0.002344037176,-0.012115032756,0.0008880444814
North Macedonia,MKD,--,--,--,--,--,--,--,--,--,--,--,--,0.000822292,0.002060848,0.00061416,0,-8.8712e-05,0,-6.824e-06,-0.000351436,0.000382144,0.001470572,0.002698892,0.003251636,0.004012512,0.005455788,0.00612454,0.008499292,0.009324996,0.004906456,0.00484504,0.009130512,0.009106628,0.008287748,0.01009952,0.008574356,0.006929772,0.006765996,0.0065496752,0.006237136,0.007936312,0.008451524,0.004817744,0.000515212
Mali,MLI,0,0,0,0,0,0,0,0,0,0,0,0,0,0,0,0,0,0,0,0,0,0,-0.0006759172,-0.0014132504,-0.001235144,-0.001366506,-0.001224908,-0.000897356,-0.001136196,-0.0008383284,-0.001357976,0.000876884,-0.001549048,-0.000334376,-0.00087006,0.000457208,-0.00121126,-0.000863236,-0.000457208,0.000163776,0.000515212,0.000535684,0.000928064,0.000745077645004
Malta,MLT,0,0,0,0,0,0,0,0,0,0,0,0,0,0,0,0,0,0,0,0,0,0,0,0,0,0,0,0,0,0,0,0,0,0,0,0.003596248,0.005210124,0.0029390968,0.0021181696,0.0021710556,0.0014180272,0.0017445556,0.002180268,0.00211544
Burma,MMR,0,0,0,0,0,0,0,0,0,0,0,0,0,0,0,0,0,0,0,0,0,0,0,0,0,0,0,0,0,0,0,0,0,0,0,0,-0.008123972,-0.004752916,-0.004882572,-0.004346888,-0.004224056,-0.004493604,-0.000692636,-0.0006824
Montenegro,MNE,--,--,--,--,--,--,--,--,--,--,--,--,--,--,--,--,--,--,--,--,--,--,--,--,--,--,0.006366792,0.008826844,0.006059712,0.00359966,6.824e-06,0.005329544,0.004135344,-0.00117714,0.000890532,0.001784476,0.001037248,0.0038224636,-0.000668752,0.0008635772,0.000269548,-0.000583452,0.000481092,-0.002958204
Mongolia,MNG,0.00100654,0.001576344,0.002640888,0.002367928,0.001422804,0.000522036,0.000296844,0.00023884,0.0002559,0.000539096,0.00054592,0.000286608,0.000395792,0.0001706,0.0003412,0.001299972,0.00134774,0.00114302,0.000999716,0.000487916,0.000532272,0.000607336,0.000515212,0.000559568,0.000556156,0.000559568,0.000754052,0.000675576,0.000620984,0.000472562,0.0008219508,0.000858118,0.00117714,0.00401763,0.0044908744,0.0046601096,0.0048119436,0.0052827996,0.0055912444,0.0057959644,0.0056055748,0.006138188,0.007107196,0.00750490725
Mozambique,MOZ,-3.4120000000003414e-05,0.000334376,-0.000931476,0.000539096,-0.000760876,0.000440148,0.00104066,0.00112596,0.0011089,0.0011089,0.0011089,0.001306796,0.0011089,0.00266136,0.00240546,0.0020472,0.0022178,0.000692636,-0.00107478,-0.0185954,-0.022150704,-0.01900484,-0.021754912,-0.00777936,-0.00387262,-0.008233156,-0.010188232,-0.012893948,-0.01025306,-0.01487632,-0.012085304,-0.010007396,-0.004210408,-0.002231448,-0.006830824,-0.0112596,-0.011355136,-0.005872052,-0.004814332,-0.00851294,-0.011638332,-0.010109756,-0.010887692,-0.010904773345472
Mauritania,MRT,0,0,0,0,0,0,0,0,0,0,0,0,0,0,0,0,0,0,0,0,6.824e-06,6.824e-06,1.39892e-05,0.0002634064,0.000235428,0.000455502,0.0004265,0.0002804664,0.0003541656,0.000370202,0.00039238,0.000433324,0.000470856,0.000593688,0.000624396,0.000624396,0.0007547344,0.00063122,0.00067387,0.000668752,0.000743816,0.000641456,0.001289736,0.001289736
Montserrat,MSR,0,0,0,0,0,0,0,0,0,0,0,0,0,0,0,0,0,0,0,0,0,0,0,0,0,0,0,0,0,0,0,0,0,0,0,0,0,0,0,0,0,0,0,0
Martinique,MTQ,0,0,0,0,0,0,0,0,0,0,0,0,0,0,0,0,0,0,0,0,0,0,0,0,0,0,0,0,0,0,0,,,,,,,,,,,,,
Mauritius,MUS,0,0,0,0,0,0,0,0,0,0,0,0,0,0,0,0,0,0,0,0,0,0,0,0,0,0,0,0,0,0,0,0,0,0,0,0,0,0,0,0,0,0,0,0
Malawi,MWI,-6.824e-06,-6.824e-06,-3.412e-06,-3.412e-06,-6.824e-06,-3.412e-06,-3.412e-06,-3.412e-06,0,0,0,0,0,0,0,0,0,0,0,0,-1.12596e-05,-2.0472e-05,-2.2178e-05,-2.28604e-05,-2.559e-05,-3.412e-05,-3.71908e-05,-5.76628e-05,-6.78988e-05,-5.56156e-05,-7.06284e-05,-6.51692e-05,-7.19932e-05,-8.12056e-05,-8.05232e-05,-7.47228e-05,-8.32528e-05,-6.96048e-05,-6.58516e-05,-6.78988e-05,-6.44868e-05,-6.824e-05,-6.824e-05,-6.8029834448e-05
Malaysia,MYS,0.000276372,0.000276372,0.00022178,0.000146716,0.000269548,0.000160364,-0.0002559,-9.8948e-05,-0.000116008,-0.000522036,9.5536e-05,-7.8476e-05,-5.4592e-05,8.1888e-05,0.000174012,0.000378732,-4.0944e-05,2.0472e-05,-8.53e-05,-0.000252488,-8.1888e-05,-0.000300256,-9.5536e-05,-0.000689224,-0.001784476,-0.007612172,-0.00791584,-0.007717944,-0.001627524,-0.000293432,-0.000515212,0.00122832,0.000317316,0.000641456,3.7532e-05,3.412e-05,-0.002255332,-0.0038098392,-0.005082174,-0.0056584608,-0.005302248,-0.003214104,-0.004701641787856,-0.00388395433986
Namibia,NAM,--,--,--,--,--,--,--,--,--,--,0.001999432,0.0022178,0.001890248,0.003244812,0.00267842,0.002743248,0.00365084,0.00431618,0.001975548,0.002500996,0.00233722,0.003401764,0.003029856,0.003384704,0.005264716,0.005704864,0.006523744,0.00684106,0.0071652,0.00702872,0.00813762,0.008202448,0.008284336,0.009615016,0.009560424,0.00883708,0.010147288,0.009591132,0.010996876,0.010379304,0.007479104,0.008335516,0.009376176,0.009376176
New Caledonia,NCL,0,0,0,0,0,0,0,0,0,0,0,0,0,0,0,0,0,0,0,0,0,0,0,0,0,0,0,0,0,0,0,0,0,0,0,0,0,0,0,0,0,0,0,0
Niger,NER,0.000300256,0.00040944,0.000457208,0.000481092,0.000440148,0.000440148,0.000535684,0.000607336,0.000620984,0.00063122,0.000638044,0.000641456,0.00064828,0.000658516,0.000672164,0.00064828,0.0006824,0.000668752,0.00073358,0.0005118,0.000696048,0.00075064,0.000719932,0.00080182,0.001003128,0.001153256,0.00121126,0.001528576,0.00156952,0.001818596,0.001873188,0.002071084,0.002173444,0.002043788,0.002480524,0.002668184,0.002657948,0.00288314,0.003384704,0.0036051192,0.0037798136,0.003828264,0.003968156,0.0041400355
Nigeria,NGA,-0.000300256,-0.00035826,-0.000406028,-0.000436736,-0.00046062,-0.0004265,-0.0003412,-0.0003412,-0.0003412,-0.0003412,-0.0003412,-0.0003412,-0.0003412,-0.0003412,-0.0003412,0,0,0,-6.4828e-05,-6.4828e-05,-7.5064e-05,-8.53e-05,-0.00010236,-0.00013648,-6.824e-05,0,0,0,0,0,0,0,0,0,0,0,-0.006626104,-0.008400344,-0.010246236,-0.007939724,-0.010267581472,-0.010429706064,-0.008301396,-0.007905604
Nicaragua,NIC,-3.0708e-05,1.3648e-05,0.000344612,0.00112596,0.00090418,0.000638044,0.00064828,0.00064828,0.00064828,0.0006824,0.0006824,0.000197896,0.00011942,-0.000163776,-4.4356e-05,0,3.412e-05,0.000552744,0.000146716,0.000197896,0.000385556,5.8004e-05,3.0708e-05,-3.0708e-05,3.412e-06,5.8004e-05,0.0001511516,0.000218368,9.5536e-05,0,-0.000112596,-0.000105772,5.8004e-05,0.0001221496,-9.2124e-05,4.0944e-05,0.000638044,0.001112312,0.000685812,0.0014814904,0.0036532284,0.00342906,0.003623544,0.003838649275
Niue,NIU,0,0,0,0,0,0,0,0,0,0,0,0,0,0,0,0,0,0,0,0,0,0,0,0,0,0,0,0,0,0,0,0,0,0,0,0,0,0,0,0,0,0,0,0
Netherlands,NLD,-0.001047484,-0.00040944,0.009771968,0.015845328,0.011887408,0.017489912,0.007427924,0.012361676,0.019949964,0.016793864,0.028005696,0.031240272,0.029609336,0.035153836,0.03623544,0.038944568,0.03611602,0.0431618,0.04031278,0.062907044,0.06453798,0.058969596,0.055895384,0.057976704,0.055332404,0.062415716,0.073218108,0.059962488,0.054083612,0.016688092,0.0094683,0.031011668,0.0583786376,0.062224644,0.050248524,0.0298485172,0.0167675916,0.0119631544,0.0271932988,0.0029182836,-0.009074214,0.000863236,-0.014556961918,-0.0193103190896
Netherlands Antilles,NLDA,0,0,0,0,0,0,0,0,0,0,0,0,0,0,0,0,0,0,0,0,0,0,0,0,0,0,0,0,0,0,0,0,0,0,0,0,0,0,0,0,0,0,0,0
North America,NOAM,-0.015782766227887594,0.0014721054359217115,5.8301270954e-07,-8.69831680858e-07,4.755585527164e-07,-0.0002106471230614824,-3.31094945896044e-05,1.636714756874e-05,2.23589476876012e-05,0.000232732310024488,-2.8306084e-05,0.00033492452,-6.1961748e-05,0.000131150836,0.000383634504,0.001101209972,-1.3081912e-05,-6.9298412e-05,-0.001804780784,-0.001505831896,-0.004072584,-0.000726913,-0.0004094538,-0.0006354942,-0.0016623328,-0.0025421238,-0.005008902,-0.0029769352,-0.0014923342,-0.0015984842,2.7316e-05,-0.000420843,0.0053487194,0.020341808,0.0241232872,0.0220803486,0.0101201486,-0.0190262878,-0.0085340596,-0.0246021278,-0.021541034,-0.0304784066,-0.034702541604736,-0.0334644805036
Non-OECD,NOEC,-0.052602804,-0.054789896,-0.05155532,-0.06129658,-0.068843924,-0.078694368,-0.070572094077336,-0.0851606365188,-0.095726022984012,-0.082620073079964,-0.067272451305576,-0.05825656205746,0.012851372354304,-0.003535555388356,-0.035046783333096,-0.01838287105796,-0.02455227488298,-0.029257806934288,0.001193526362016,-0.012693782914228,0.036247382,-0.0068141052,-0.0081526328,-0.0235847676,-0.0254814984,-0.0532080928,-0.0392598368,0.0115554204,-0.016512374,0.0042090432,-0.0530833842,-0.014351916072,0.03273368734,-0.001006833432,0.006845212404,0.03039005278,-0.015978556364,0.009720402444,-0.065443033472,-0.046389930732,0.02362458564,0.00409620836,-0.002533885110764,0.010001089027184
Norway,NOR,-0.001576344,-0.017841348,-0.020683544,-0.045775392,-0.02821724,-0.001856128,0.006933184,-0.001149844,-0.019202736,-0.050675024,-0.0544214,-0.009464888,-0.029834528,-0.026552184,-0.00040944,-0.02274098,0.03060564,0.013027016,0.012399208,-0.004848452,-0.06501566,0.012184252,-0.033133932,0.026866088,0.03908446,-0.041087304,0.002913848,-0.03423942,-0.047300556,-0.030649996,0.025757188,-0.0104919,-0.06078478,-0.017080472,-0.05317602,-0.04996874,-0.055994332,-0.05174298,-0.0346290704,0.000150128,-0.0698511464,-0.0599959256,-0.0427628215332,-0.060550133348
Nepal,NPL,0.000116008,0.000139892,0.0001706,0.000184248,0.000191072,0.000242252,0.000109184,3.412e-05,0.000177424,0.0003412,0.000109184,-0.00010236,0.000208132,0.000133068,0.000109184,-1.0236e-05,-9.8948e-05,-6.824e-06,0.000464032,0.00052886,0.000344612,0.00032414,-0.000122832,-0.000191072,0.00044356,0.000576628,0.000859824,0.00124538,0.00105772,0.001924368,0.002262156,0.002531704,0.002681832,0.004490192,0.004664204,0.0060563,0.007410864,0.008799548,0.009478536,0.005534264,0.009444416,0.0035826,0.001661644,0.002545717275072
Nauru,NRU,0,0,0,0,0,0,0,0,0,0,0,0,0,0,0,0,0,0,0,0,0,0,0,0,0,0,0,0,0,0,0,0,0,0,0,0,0,0,0,0,0,0,0,0
New Zealand,NZL,0,0,0,0,0,0,0,0,0,0,0,0,0,0,0,0,0,0,0,0,0,0,0,0,0,0,0,0,0,0,0,0,0,0,0,0,0,0,0,0,0,0,0,0
OECD - Asia And Oceania,OEAO,0,0,0,0,0,0,0,0,0,0,0,0,0,0,0,0,0,0,0,0,0,0,0,0,0,0,0,0,0,0,0,0,0,0,0,0,0,0,0,0,0,0,0,0
OECD,OECD,0.036925809772112406,0.05578090943592171,0.05201652301270954,0.06146631016831914,0.06869427155855272,0.06966370087693852,0.0697866465054104,0.08422452714756874,0.0967457349476876,0.08856941231002449,0.068624545916,0.05822974052,-0.013979509748,0.012056090836,0.023950318504,0.007928621972,0.015054310088,0.016871281588,0.012900939216,0.008426500104,0.001042004,0.032625387,0.0334812598,0.0297835094,0.0269254504,0.044034747,0.0482657248,0.0027159868,0.023572559,0.0228379186,0.0609066084,0.0267427714,-0.0048668086,0.0536517992,0.0475408668,0.044030427,0.044467729,-0.0370013862,0.0389991948,0.005634675,-0.0382311732,0.0021894462,-0.030529206690736,-0.045505494014
OECD - Europe,OEEU,0.053186256,0.054701184,0.05293718,0.06365086,0.070775116,0.070853592,0.070553336,0.084846204,0.097334124,0.088374212,0.068659676,0.058372496,-0.013719652,0.011921528,0.023689516,0.009301112,0.017404612,0.021014508,0.018189372,0.01421098,0.007509812,0.034833108,0.0359481496,0.0328483476,0.0334601192,0.0508282228,0.057580912,0.009538246,0.0386378292,0.0362896908,0.0737322964,0.0444351584,0.007272678,0.0537001032,0.0419856836,0.0414612592,0.0515645324,0.0018861536,0.0680021836,0.0506480692,0.0027528016,0.0579531612,0.0287565379904,0.0170827385916
OECD - North America,OENA,-0.015782766227887594,0.0014721054359217115,5.8301270954e-07,-8.69831680858e-07,4.755585527164e-07,-0.0002106471230614824,-3.31094945896044e-05,1.636714756874e-05,2.23589476876012e-05,0.000232732310024488,-2.8306084e-05,0.00033492452,-6.1961748e-05,0.000131150836,0.000383634504,0.001101209972,-1.3081912e-05,-6.9298412e-05,-0.001804780784,-0.001505831896,-0.004072584,-0.000726913,-0.0004094538,-0.0006354942,-0.0016623328,-0.0025421238,-0.005008902,-0.0029769352,-0.0014923342,-0.0015984842,2.7316e-05,-0.000420843,0.0053487194,0.020341808,0.0241232872,0.0220803486,0.0101201486,-0.0190262878,-0.0085340596,-0.0246021278,-0.021541034,-0.0304784066,-0.034702541604736,-0.0334644805036
Oman,OMN,0,0,0,0,0,0,0,0,0,0,0,0,0,0,0,0,0,0,0,0,0,0,0,0,0,0,0,0,0,0,0,0,0,0,0,0,0,0,0,0,0,0,0,
OPEC - Africa,OPAF,-0.000245664,-0.000235428,-0.000406028,-0.000303668,5.4592e-05,-0.000266136,4.0944e-05,-6.824e-06,0.000197896,-0.000334376,-0.000627808,-0.002340632,-0.003166336,-0.004056868,-0.003794144,-0.000549332,-5.8004e-05,0.000406028,0.00049474,0.000412852,0.000583452,0.000771112,0.001064544,0.00112596,0.001357976,0.001873188,0.001794712,0.001460336,0.001156668,0.001293148,0.000450384,-0.00061416,7.8476e-05,0.00066534,0.000958772,0.000975832,-0.005012228,-0.006984364,-0.007219792,-0.0040384432,-0.004322512672,-0.009890610064,-0.012778537690276,-0.010954473909096
OPEC,OPEC,-0.000348024,-0.00049474,-0.000535684,-0.000436736,-4.7768e-05,-0.000283196,2.3884e-05,-6.824e-06,0.000197896,-0.000334376,-0.000627808,-0.003023032,-0.004394656,-0.005738984,-0.005558148,-0.001542224,-0.0018766,-0.001375036,-0.001368212,-0.002419108,-0.001880012,-0.000365084,0.0021325,0.00165482,0.008297984,0.001811772,0.008294572,0.004797272,0.002231448,0.005141884,0.0092057466,0.004992076728,0.00900663934,0.004645485768,0.007869836004,0.01959584958,0.010280536836,-0.006594757956,-0.007611680672,-0.007076184332,-0.00568620036,-0.01512119924,-0.023252398446276,-0.011668893942516
Non-OPEC,OPNO,-0.015328970227887598,0.0014857534359217115,0.00099688701270954,0.000606466168319142,-0.0001018844414472836,-0.008747471123061483,-0.0008093315719256044,-0.00092928537123126,0.0008218159636756012,0.006283715230060488,0.001979902610424,0.00299621046254,0.003266518606304,0.014259519447644,-0.005538316829096,-0.00891202508596,-0.00762136479498,-0.011011489346288,0.015462677578016,-0.001848174810228,0.039169398,0.0261763658,0.023196127,0.0045439218,-0.006854032,-0.0109851178,0.000711316,0.0094741352,0.004828737,0.0219050778,-0.0013825224,0.0073987786,0.0188602394,0.04799948,0.0465162432,0.0548246302,0.0182086358,-0.0206862258,-0.018832158,-0.0336790714,-0.0089203872,0.0214068538,-0.009810693355224,-0.0238355110443
OPEC - South America,OPSA,-0.00010236,-0.000259312,-0.000129656,-0.000133068,-0.00010236,-1.706e-05,-1.706e-05,0,0,0,0,-0.0006824,-0.00122832,-0.0010236,-0.00109184,-0.000457208,-0.000508388,0,0.000242252,-0.000109184,-0.00015354,-9.8948e-05,0.00046062,-0.00141598,0.001306796,-0.001992608,-0.001873188,-0.00184248,-0.001593404,-0.001272676,-0.001576344,-0.001668468,-0.001146432,-0.000453796,-0.00295138,-0.003323288,-0.003777084,-0.003630368,-0.003490476,-0.00296844,-0.002224624,0,0,-0.0020472
Pakistan,PAK,0,0,0,0,0,0,0,0,0,0,0,0,0,0,0,0,0,0,0,0,0,0,0,0.000249076,0.000371908,0.000498152,0.000583452,0.000678988,0.000774524,0.000849588,0.000917828,0.000934888,0.0012795,0.001429628,0.001511516,0.001579756,0.001692352,0.001897072,0.001661644,0.001753768,0.001699176,0.001699176,0.001579756,0.001642025
Panama,PAN,0,0,0,0,0,7.5064e-05,7.8476e-05,0.00040944,0.000242252,0.000245664,0.000388968,0.000474268,0.000498152,0.00030708,0.000112596,0.000501564,0.000167188,-0.000180836,0.000109184,-0.0001706,0.000399204,-0.0002559,-4.7768e-05,-0.000603924,-0.000440148,-0.000174012,-0.000167188,-0.0003964744,0.000252488,-0.0001050896,0.000109184,0.000218368,-0.00013648,1.3648e-05,0.00032414,-0.0004159228,-0.001255616,-0.0010624968,-0.0010672736,-0.0011931764,-0.0015357412,-0.001497868,-0.00109931272356,-0.000583109220244
Peru,PER,0,0,0,0,0,0,0,0,0,0,0,0,0,0,0,0,0,6.824e-06,3.412e-06,0,0,0,0,0,0,-2.7296e-06,0,0,0,-0.000214956,-0.000382144,2.0472e-05,1.0236e-05,0,-4.4356e-05,-0.000185954,-5.4592e-05,5.66392e-05,7.23344e-05,0.0002050612,0.000126244,0.000146716,0.000146716,0.000162740376112
Persian Gulf,PERG,0,0,0,0,0,0,0,0,0,0,0,0,0,-0.000658516,-0.000672164,-0.000535684,-0.001310208,-0.001781064,-0.002105204,-0.002722776,-0.002309924,-0.001037248,0.000607336,0.00194484,0.005633212,0.001931192,0.008383284,0.005223772,0.002019904,0.005694628,0.0109219826,0.007684144728,0.00954573534,0.004491945768,0.009872680004,0.02191600958,0.019011844836,0.004166690044,0.003798047328,0.000210482868,0.000100060312,-0.005169173176,-0.010388560756,0.001377085523572
Philippines,PHL,0,0,0,0,0,0,0,0,0,0,0,0,0,0,0,0,0,0,0,0,0,0,0,0,0,0,0,0,0,0,0,0,0,0,0,0,0,0,0,0,0,0,0,
Papua New Guinea,PNG,0,0,0,0,0,0,0,0,0,0,0,0,0,0,0,0,0,0,0,0,0,0,0,0,0,0,0,0,0,0,0,0,0,0,0,0,0,0,0,0,0,0,0,
Poland,POL,-0.00080182,-0.000146716,-0.00574922,-0.010590848,-0.015684964,-0.007206144,0.000126244,0.005865228,0.015272112,0.006110892,-0.00354848,-0.008925792,-0.014555592,-0.008226332,-0.0088712,-0.009406884,-0.0106625,-0.007444984,-0.011853288,-0.01683822,-0.021744676,-0.022959348,-0.024116016,-0.034669332,-0.031707716,-0.038166632,-0.037484232,-0.018247376,-0.002282628,-0.007475692,-0.004619848,-0.017885704,-0.00969008,-0.015425652,0.007390392,-0.001139608,0.006820588,0.007803244,0.019429634,0.0362453348,0.045267004,0.0030288324,-0.005722978308,0.0127508999
Puerto Rico,PRI,0,0,0,0,0,0,0,0,0,0,0,0,0,0,0,0,0,0,0,0,0,0,0,0,0,0,0,0,0,0,0,0,0,0,0,0,0,0,0,0,0,0,0,
North Korea,PRK,0,0,0,0,0,0,0,0,0,0,0,0,0,0,0,0,0,0,0,0,0,0,0,0,0,0,0,0,0,0,0,0,0,0,0,0,0,0,0,0,0,0,0,0
Portugal,PRT,0.006237136,0.01093546,0.010130228,0.004490192,0.002425932,0.007663352,0.00643162,0.010317888,0.00815468,0.00397498,0.000126244,0.00032414,0.004575492,0.0005971,0.00322434,0.003272108,0.00377026,0.009973276,0.0009383,-0.002944556,0.003176572,0.000815468,0.006479388,0.009533128,0.022113172,0.023283488,0.018564692,0.025549056,0.032178572,0.016295712,0.008949676,0.009597956,0.02693774,0.009471712,0.003081036,0.007731592,-0.01735002,-0.009157808,-0.0090653428,0.0115980704,0.0049685544,0.016217236,0.0315699203328,0.0349156896596
Paraguay,PRY,6.824e-06,0.000348024,0.00088712,0.000689224,0.000668752,-0.008693776,-0.033942576,-0.053220376,-0.05738984,-0.070021064,-0.084621012,-0.091451836,-0.083993204,-0.095938616,-0.111818064,-0.129069136,-0.13944844,-0.155836276,-0.154266756,-0.157074832,-0.161585496,-0.133535444,-0.142543124,-0.15415416,-0.15355706,-0.14941148,-0.1559775328,-0.153925556,-0.1579445508,-0.153683304,-0.148005736,-0.15736144,-0.162626156,-0.161605968,-0.1412568,-0.140325324,-0.16519198,-0.14888262,-0.14400346,-0.108324176,-0.09555306,-0.074105228,-0.08173446,-0.082575964753632
Palestinian Territories,PSE,--,--,--,--,--,--,--,--,--,--,--,--,--,--,--,--,--,0.003517772,0.005742396,0.005196476,0.007721356,0.007107196,0.007871484,0.00789878,0.008864376,0.009765144,0.010563552,0.010877456,0.013183968,0.013589996,0.014190508,0.015770264,0.0167505316,0.0161534316,0.0168392436,0.0184694972,0.0186748996,0.0190283828,0.0201847096,0.0213219292,0.0222431692,0.022785336,0.0228604,0.023628953
French Polynesia,PYF,0,0,0,0,0,0,0,0,0,0,0,0,0,0,0,0,0,0,0,0,0,0,0,0,0,0,0,0,0,0,0,0,0,0,0,0,0,0,0,0,0,0,0,0
Qatar,QAT,0,0,0,0,0,0,0,0,0,0,0,0,0,0,0,0,0,0,0,0,0,0,0,0,0,0,0,0,0,0,0,0,0,0,0,0,0,0,0,0,0,0,0,
Reunion,REU,0,0,0,0,0,0,0,0,0,0,0,0,0,0,0,0,0,0,0,0,0,0,0,0,0,0,0,0,0,0,0,,,,,,,,,,,,,
Romania,ROU,-0.001016776,-0.00069946,0.002460052,0.002282628,0.006673872,0.011119708,0.01511516,0.0175718,0.0237987,0.026651132,0.032673312,0.017506972,0.014098384,0.006387264,0.00262724,0.001173728,0.002753484,0.000754052,0.001589992,-0.00249076,-0.00228604,-0.004698324,-0.009737848,-0.007110608,-0.003978392,-0.009905036,-0.014579476,-0.00713108,-0.014494176,-0.00783054,-0.007758888,-0.006503272,0.000863236,-0.006878592,-0.024313912,-0.022955936,-0.017118004,-0.0098722808,-0.008680128,0.0051807808,0.0095273276,0.007499576,0.004176288,-0.010297416
Russia,RUS,--,--,--,--,--,--,--,--,--,--,--,--,-0.057328424,-0.063869228,-0.0696048,-0.066882024,-0.0663634,-0.0672164,-0.061416,-0.048351452,-0.04795566,-0.054117732,-0.044161516,-0.045649148,-0.026002852,-0.042243972,-0.053950544,-0.043666776,-0.060163796,-0.0506924252,-0.059529164,-0.076950836,-0.056236584,-0.046662512,-0.027459776,-0.039777096,-0.049474,-0.036153552,-0.042998024,-0.062886572,-0.036638056,-0.072808668,-0.055943152,-0.053935099892492
Rwanda,RWA,0.000163776,0.000184248,9.2124e-05,3.0708e-05,3.412e-05,5.8004e-05,6.4828e-05,5.4592e-05,5.8004e-05,6.4828e-05,3.0708e-05,5.8004e-05,3.0708e-05,3.0708e-05,3.7532e-05,3.0708e-05,5.8004e-05,5.8004e-05,0.000235428,0.000201308,0.000317316,0.000412852,0.000436736,0.000402616,0.000388968,0.000296844,0.000211544,0.000266136,0.000283196,0.000201308,0.000262724,0.000249076,0.000300256,0.000320728,0.00029002,0.00027296,0.0002511232,0.000225192,0.0003063976,0.0001016776,7.71112e-05,7.5064e-05,7.5064e-05,7.9588438244e-05
Saudi Arabia,SAU,0,0,0,0,0,0,0,0,0,0,0,0,0,0,0,0,0,0,0,0,0,0,0,0,0,0,0,0,0,0,-6.824e-06,-0.000235428,-0.0001832244,-0.000163776,-0.0001716236,-0.0001729884,-0.0024539104,-0.0001187376,-0.000116008,0.001037248,-0.001255616,-0.000150128,-0.000150128,-0.000150128
Former Serbia and Montenegro,SCG,--,--,--,--,--,--,--,--,--,--,--,--,0.0039238,-0.0003412,0,0,-0.000532272,9.5536e-05,-0.000232016,0.006080184,0.013491048,0.0107478,0.012327556,0.00951948,-0.000931476,-0.006629516,--,--,--,--,--,--,--,--,--,--,--,--,--,--,--,--,--,--
Sudan,SDN,0,0,0,0,0,0,0,0,0,0,0,0,0,0,0,0,0,0,0,0,0,0,0,0,0,0,0,0,0,0,0,0,0.000249076,0.00109184,0.001511516,0.000440148,0.001497868,0.003040092,0.002743248,0.000706284,0.002480524,0.003183396,0.003009384,0.003009384
Senegal,SEN,0,0,0,0,0,0,0,0,0,0,0,0,0,0,0,0,0,0,0,0,0,0,0,0,0,0,0,0,0,0.000815468,0.000863236,0.000876884,0.00098948,0.001050896,0.001085016,0.001136196,0.00122832,0.0011365372,0.0010979816,0.0011013936,0.001212966,0.00107478,0.001658232,0.001658232
Singapore,SGP,-0.000313904,-0.000252488,-0.000177424,-0.000109184,-0.000249076,-0.0001706,0,0,0,0,0,0,0,-0.000177424,-0.000310492,0,0,0,0,0,0,0,0,0,0,0,0,0,0,0,0,0,0,0,0,0,0,0,0,0,0,0,0,0
Saint Helena,SHN,0,0,0,0,0,0,0,0,0,0,0,0,0,0,0,0,0,0,0,0,0,0,0,0,0,0,0,0,0,0,0,0,0,0,0,0,0,0,0,0,0,0,0,
Solomon Islands,SLB,0,0,0,0,0,0,0,0,0,0,0,0,0,0,0,0,0,0,0,0,0,0,0,0,0,0,0,0,0,0,0,0,0,0,0,0,0,0,0,0,0,0,0,0
Sierra Leone,SLE,0,0,0,0,0,0,0,0,0,0,0,0,0,0,0,0,0,0,0,0,0,0,0,0,0,0,0,0,0,0,0,0,0,0,0,0,0,0,0,0,0,0,0,0
El Salvador,SLV,0,0,0,0,0,0,0.000300256,2.7296e-05,4.7768e-05,1.3648e-05,6.824e-06,1.706e-05,0.000177424,0.000269548,0.000310492,-0.000109184,7.5064e-05,0.000300256,0.000129656,0.000859824,0.002374752,0.001054308,0.001310208,0.0011089,0.001303384,0.000969008,6.824e-06,0.000105772,-2.0472e-05,0.000440148,0.00029002,0.000388968,0.00029002,0.000655104,0.001299972,0.003067388,0.003371056,0.00540802,0.006001708,0.004408304,0.002193916,0.004377596,0.002116293,0.002081646228144
Somalia,SOM,0,0,0,0,0,0,0,0,0,0,0,0,0,0,0,0,0,0,0,0,0,0,0,0,0,0,0,0,0,0,0,0,0,0,0,0,0,0,0,0,0,0,0,0
Saint Pierre and Miquelon,SPM,0,0,0,0,0,0,0,0,0,0,0,0,0,0,0,0,0,0,0,0,0,0,0,0,0,0,0,0,0,0,0,0,0,0,0,0,0,0,0,0,0,0,0,
Serbia,SRB,--,--,--,--,--,--,--,--,--,--,--,--,--,--,--,--,--,--,--,--,--,--,--,--,--,--,-0.00276372,-0.000293432,0.000249076,-0.0048621,-0.001013364,-0.000948536,0.001327268,-0.008656244,0.005332956,-0.003132216,-0.006557864,0.0028145588,0.000397498,0.000259312,-0.0020632364,0.002221212,0.008949676,-0.006673872
South Sudan,SSD,--,--,--,--,--,--,--,--,--,--,--,--,--,--,--,--,--,--,--,--,--,--,--,--,--,--,--,--,--,--,--,--,0,0,0,0,0,0,0,0,0,0,0,0
Sao Tome and Principe,STP,0,0,0,0,0,0,0,0,0,0,0,0,0,0,0,0,0,0,0,0,0,0,0,0,0,0,0,0,0,0,0,0,0,0,0,0,0,0,0,0,0,0,0,
Former U.S.S.R.,SUN,-0.063118588,-0.069973296,-0.072058028,-0.07815186,-0.081209012,-0.098262188,-0.098381608,-0.115554204,-0.128219548,-0.125909624,-0.113271576,-0.065974432,--,--,--,--,--,--,--,--,--,--,--,--,--,--,--,--,--,--,--,--,--,--,--,--,--,--,--,--,--,--,--,--
Suriname,SUR,0,0,0,0,0,0,0,0,0,0,0,0,0,0,0,0,0,0,0,0,0,0,0,0,0,0,0,0,0,0,0,0,0,0,0,0,0,0,0,0,0,0,0,0
Slovakia,SVK,--,--,--,--,--,--,--,--,--,--,--,--,--,0.006882004,0.00781348,0.00489622,0.012017064,0.013927784,0.0116008,0.00063122,-0.009198752,-0.012549336,-0.014183684,-0.00769406,-0.006353144,-0.01114018,-0.007953372,0.0058857,0.001777652,0.004476544,0.003551892,0.002480524,0.001340916,0.000310492,0.003760024,0.008147856,0.009045212,0.010331536,0.012562984,0.0058004,0.001088428,0.002640888,0.0046876130496,-0.011624661822
Slovenia,SVN,--,--,--,--,--,--,--,--,--,--,--,--,-0.006284904,-0.004841628,-0.0047768,-0.005636624,-0.0057151,-0.005786752,-0.006172308,-0.00457208,-0.004507252,-0.006046064,-0.003869208,0.000559568,-0.002579472,-0.0011089,0.000150128,0.000781348,-0.005455788,-0.010437308,-0.00723344,-0.004681264,-0.003545068,-0.00440148,-0.009359116,-0.000163776,-0.004012512,-0.0017595684,-0.0017135064,-0.001086722,-0.0068345772,-0.0009226048,0.0049334650508,-0.005137741832
Sweden,SWE,0.00182542,-0.009021328,0.011402904,0.016841632,0.001317032,-0.005148708,-0.015896508,-0.01422804,-0.008895084,-0.001613876,-0.007124256,-0.004415128,-0.0073358,-0.002006256,0.0010236,-0.005735572,0.02093262,-0.009239696,-0.036487928,-0.0259312,0.015961336,-0.02487348,0.018274672,0.04377596,-0.007178848,-0.025221504,0.02060848,0.004490192,-0.006690932,0.01598522,0.007090136,-0.024678996,-0.066783076,-0.034126824,-0.053305676,-0.0771112,-0.04003982,-0.064800704,-0.058764876,-0.089261332,-0.085289764,-0.087238016,-0.1122110960332,-0.0983223470192
Eswatini,SWZ,0,0,0,0,0,0,0.0003412,0.0006824,0.000853,0.0010236,0.00139892,0.001218084,0.001934604,0.00180836,0.001968724,0.002108616,0.001948252,0.002074496,0.00209838,0.0020472,0.00211544,0.002180268,0.002726188,0.0027296,0.002378164,0.002947968,0.003193632,0.003353996,0.003135628,0.003101508,0.002750072,0.002773956,0.002804664,0.00293432,0.003336936,0.003674724,0.003630368,0.00348024,0.003214104,0.003562128,0.003118568,0.003077624,0.003152688,0.003167143272376
Seychelles,SYC,0,0,0,0,0,0,0,0,0,0,0,0,0,0,0,0,0,0,0,0,0,0,0,0,0,0,0,0,0,0,0,0,0,0,0,0,0,0,0,0,0,0,0,0
Syria,SYR,-0.000228604,-0.000156952,-0.000440148,-0.000330964,0,-0.000249076,-0.000211544,-7.1652e-05,0,0,0,0.00027296,0.00027296,0.00030708,0.00029002,0,0,0,0,-0.0022178,0,0,0,-0.000849588,-0.001873188,-0.00226898,-0.002668184,0.00138186,-0.000143304,-0.000245664,-0.001204436,-0.00098948,0,-0.001804948,-0.000470856,-0.000893944,-0.000228604,-0.001852716,-0.001852716,-0.001183964,-0.001081604,-0.001180552,-0.001231732,-0.001223962033236
Turks and Caicos Islands,TCA,0,0,0,0,0,0,0,0,0,0,0,0,0,0,0,0,0,0,0,0,0,0,0,0,0,0,0,0,0,0,0,0,0,0,0,0,0,0,0,0,0,0,0,0
Chad,TCD,0,0,0,0,0,0,0,0,0,0,0,0,0,0,0,0,0,0,0,0,0,0,0,0,0,0,0,0,0,0,0,0,0,0,0,0,0,0,0,0,0,0,0,0
Togo,TGO,0.000607336,0.000685812,0.000702872,0.000743816,0.0006824,0.00073358,0.00078476,0.000880296,0.00088712,0.000979244,0.000975832,0.00073358,0.000975832,0.00105772,0.00107478,0.00105772,0.0011942,0.0011942,0.001453512,0.0013648,0.001286324,0.001439864,0.001453512,0.001562696,0.001668468,0.001743532,0.00172306,0.001753768,0.002272392,0.0024737,0.002408872,0.002910436,0.003272108,0.002248508,0.005012228,0.001941428,0.00254194,0.002531704,0.003016208,0.002855844,0.00278078,0.002733012,0.003841912,0.0037532
Thailand,THA,0.002586296,0.002494172,0.002521468,0.002306512,0.002347456,0.002398636,0.001980673922664,0.0012598642812,0.001173071015988,0.001594910920036,0.001946792694424,0.00190382194254,0.001496236354304,0.002036240611644,0.002775236666904,0.00212324894204,0.00246052911702,0.002210113705712,0.005067204082016,0.007133929125772,0.0096095568,0.0092611916,0.0089544528,0.0077360276,0.0106618176,0.0132071696,0.0155785096,0.0127735044,0.00621837,0.0039394952,0.0202676212,0.0322062092,0.0293964272,0.0385296688,0.0347798808,0.0414479524,0.0627436092,0.0795726168,0.0872659944,0.0773319564,0.091895396,0.1070934676,0.113994365706952,0.114468838413304
Tajikistan,TJK,--,--,--,--,--,--,--,--,--,--,--,--,0.002743248,-0.003998864,-0.00293432,0.002258744,0.00109184,0.003412,0.0020472,-0.000969008,0.004548196,0.004602788,0.002681832,2.7296e-05,0.001214672,0.000853,0.002077908,0.000348024,0.002988912,0.000194484,0.000498152,-8.53e-05,-0.002255332,-0.003220928,-0.004411716,-0.004561844,-0.0045209,-0.004473132,-0.008141032,-0.009874328,-0.005087292,-0.008270688,-0.008686952,-0.008142739644584
Turkmenistan,TKM,--,--,--,--,--,--,--,--,--,--,--,--,-0.0100654,-0.010744388,-0.0088712,-0.00689224,-0.0075064,-0.005971,-0.005118,-0.0020472,-0.0027296,-0.00334376,-0.003603072,-0.00363378,-0.004002276,-0.00429912,-0.00457208,-0.00498152,-0.005036112,-0.005350016,-0.00822292,-0.0087006,-0.00928064,-0.0097242,-0.01095252,-0.010921812,-0.010921812,-0.010921812,-0.010921812,-0.010921812,-0.010921812,-0.010921812,-0.030708,-0.030708
Timor-Leste,TLS,--,--,--,--,--,--,--,--,--,--,--,--,--,--,--,--,--,--,--,--,--,--,--,0,0,0,0,0,0,0,0,0,0,0,0,0,0,0,0,0,0,0,0,0
Tonga,TON,0,0,0,0,0,0,0,0,0,0,0,0,0,0,0,0,0,0,0,0,0,0,0,0,0,0,0,0,0,0,0,0,0,0,0,0,0,0,0,0,0,0,0,0
Trinidad and Tobago,TTO,0,0,0,0,0,0,0,0,0,0,0,0,0,0,0,0,0,0,0,0,0,0,0,0,0,0,0,0,0,0,0,0,0,0,0,0,0,0,0,0,0,0,0,0
Tunisia,TUN,0,-5.8004e-05,8.8712e-05,5.8004e-05,-0.000249076,9.8948e-05,2.7296e-05,-1.3648e-05,-0.000116008,-0.00013648,-2.3884e-05,5.8004e-05,-1.3648e-05,-3.412e-05,4.4356e-05,0.00027296,0.00056298,0.00056298,-6.4828e-05,-5.8004e-05,3.412e-06,3.412e-05,-0.000201308,-6.824e-05,-9.5536e-05,-1.0236e-05,2.3884e-05,-2.7296e-05,-2.3884e-05,0.000139892,6.4828e-05,-0.00010236,-0.000143304,-0.000191072,-0.000303668,-0.000330964,-0.000412852,-0.000112596,-0.000348024,-0.000542508,-0.0020472,0.003510948,0.008775664,0.008516352
Turkiye,TUR,0.004575492,0.005513792,0.006049476,0.00757464,0.009052036,0.007308504,0.002651124,0.001951664,0.001299972,0.001903896,-0.002497584,0.000866648,-0.0004265,-0.001282912,-0.001764004,-0.002374752,-0.0002559,0.007578052,0.010242824,0.00697754,0.011443848,0.014146152,0.010758036,0.00194484,-0.002323572,-0.003964744,-0.005674156,-0.005315896,-0.001136196,-0.002504408,-0.002640888,0.003108332,0.009802676,0.021161224,0.017936884,0.013446692,0.016643736,-0.0019632648,-0.00216662,-0.0019694064,-0.0020270692,-0.0063186828,0.009258878264,0.0133060046628
Taiwan,TWN,0,0,0,0,0,0,0,0,0,0,0,0,0,0,0,0,0,0,0,0,0,0,0,0,0,0,0,0,0,0,0,0,0,0,0,0,0,0,0,0,0,0,0,0
Tanzania,TZA,0,0,0,0,0,0,0,0,0,0,0,0,0,0,0,0,0,0.000150128,0.000146716,0.00011942,0.00018766,0.000180836,0.000174012,0.000167188,0.000156952,0.0001706,0.000208132,0.00020472,0.000177424,0.00022178,0.000194484,0.00018766,0.000208132,0.00020472,0.000201308,0.000242252,0.000348024,0.000361672,0.000402616,0.000385556,0.000388968,0.000491328,0.000518624,0.00053802975
Uganda,UGA,-0.000986068,-0.000610748,-0.000726756,-0.000743816,-0.000736992,-0.00073358,-0.000788172,-0.000600512,-0.00037532,-0.000382144,-0.00037532,-0.000382144,-0.000382144,-0.000388968,-0.000388968,-0.00039238,-0.00039238,-0.00039238,-0.000610748,-0.000610748,-0.000559568,-0.00054592,-0.000893944,-0.000730168,-0.000651692,-0.000208132,-1.3648e-05,-2.0472e-05,-7.64288e-05,-0.000184248,-0.000146716,-0.0001706,-0.000218368,-0.00020472,-0.0004595964,-0.000249076,-0.00039238,-0.0010010808,-0.0006759172,-0.000951948,-0.000685812,-0.001269264,-0.001388684,-0.00128652967536
Ukraine,UKR,--,--,--,--,--,--,--,--,--,--,--,--,-0.017680984,-0.005278364,-0.001706,-0.006660224,-0.006824,-0.000249076,-0.001706,-0.01212966,-0.013132788,-0.010437308,-0.01062838,-0.016851868,-0.018172312,-0.028500436,-0.035611044,-0.031291452,-0.02296276,-0.014565828,-0.01383566,-0.02146148,-0.039142464,-0.03374468,-0.028776808,-0.0046062,-0.012805236,-0.017660512,-0.020700604,-0.01380154,-0.0082543104,-0.006957068,-0.006820588,-0.009622489532204
Uruguay,URY,0.000112596,0.00011942,6.824e-05,-0.012272964,-0.011044644,-0.009137336,-0.010751212,-0.01008246,-0.007134492,-0.003934036,-0.004363948,-0.006110892,-0.011546208,-0.007646292,-0.00566392,-4.4356e-05,-0.000436736,-0.000491328,-0.007356272,0.001706,0.001317032,-0.004278648,-0.005899348,-0.00240546,0.007946548,0.002538528,0.009795852,-0.000641456,0.003186808,0.004183112,-0.001105488,0.001562696,0.001869776,-0.000706284,-0.004323004,-0.004500428,-0.00257606,-0.004978108,-0.004032984,-0.010273532,-0.002163208,-0.00951948,-0.004647144,-0.006537392
United States,USA,0.071398547,0.113406139,0.100025786,0.120547021,0.135323216,0.139654914,0.122481103,0.15810093,0.108398776,0.037449576,0.007887899,0.06696545,0.086733105,0.094910359,0.152937082,0.133855712,0.137143777,0.116203135,0.088223678,0.098924027,0.115198994,0.075155967,0.071595347,0.021904519,0.03859722,0.084543717,0.062848954,0.1066322,0.111986009,0.116187509,0.088633544,0.127100951,0.161255965,0.197472376,0.18155945,0.227480019,0.226905663,0.192143757,0.151684248,0.133219591,0.161435996,0.134131145,0.140615279,0.064501001
U.S. Pacific Islands,USIQ,0,0,0,0,0,0,0,0,0,0,0,0,0,0,0,0,0,0,0,0,,,,,,,,,,,,,,,,,,,,,,,0,0
Uzbekistan,UZB,--,--,--,--,--,--,--,--,--,--,--,--,-0.002060848,-0.001388684,-0.0013648,-0.004404892,0.003712256,0.003132216,0.003623544,0.00411146,0.004370772,0.001682116,-0.000283196,-2.0472e-05,-0.000849588,-0.00095536,-0.001439864,0.003374468,0.0003412,-0.000156952,-0.003988628,-0.002504408,-0.00228604,-0.003009384,-0.002657948,-0.00440148,-0.005104352,-0.00218368,-0.001344328,0.004476544,0.00859824,0.012242256,0.007960196,0.010011661
Saint Vincent/Grenadines,VCT,0,0,0,0,0,0,0,0,0,0,0,0,0,0,0,0,0,0,0,0,0,0,0,0,0,0,0,0,0,0,0,0,0,0,0,0,0,0,0,0,0,0,0,
Venezuela,VEN,-0.00010236,-0.000259312,-0.000129656,-0.000133068,-0.00010236,-1.706e-05,-1.706e-05,0,0,0,0,-0.0006824,-0.00122832,-0.0010236,-0.00109184,-0.000457208,-0.000508388,0,0.000242252,-0.000109184,-0.00015354,-9.8948e-05,0.00046062,-0.00141598,0.001306796,-0.001992608,-0.001873188,-0.00184248,-0.001593404,-0.001272676,-0.001576344,-0.001668468,-0.001146432,-0.000453796,-0.00295138,-0.003323288,-0.003777084,-0.003630368,-0.003490476,-0.00296844,-0.002224624,0,0,-0.0020472
British Virgin Islands,VGB,0,0,0,0,0,0,0,0,0,0,0,0,0,0,0,0,0,0,0,0,0,0,0,0,0,0,0,0,0,0,0,0,0,0,0,0,0,0,0,0,0,0,0,0
U.S. Virgin Islands,VIR,0,0,0,0,0,0,0,0,0,0,0,0,0,0,0,0,0,0,0,0,0,0,0,0,0,0,0,0,0,0,0,0,0,0,0,0,0,0,0,0,0,0,0,0
Vietnam,VNM,0,0,0,0,0,0,0,0,0,0,0,0,0,0,0,0,0,0,0,0,0,0,0,0,0,0.001306796,0.003295992,0.00897356,0.01098664,0.012723348,0.01581462,0.013214676,0.004954224,0.007936312,0.004916692,0.003333524,0.004527724,0.002425932,0.00551038,0.004261588,0.005158944,0.002801252,0.007922664,0.00741243365648
Vanuatu,VUT,0,0,0,0,0,0,0,0,0,0,0,0,0,0,0,0,0,0,0,0,0,0,0,0,0,0,0,0,0,0,0,0,0,0,0,0,0,0,0,0,0,0,0,0
Wake Island,WAK,0,0,0,0,0,0,0,0,0,0,0,0,0,0,0,0,0,0,0,0,0,0,0,0,0,0,0,0,0,0,0,0,0,0,0,0,0,0,0,0,0,0,0,0
World,WORL,-0.015676994227887597,0.0009910134359217115,0.00046120301270954,0.000169730168319142,-0.0001496524414472836,-0.009030667123061482,-0.0007854475719256044,-0.00093610937123126,0.0010197119636756013,0.005949339230060488,0.001352094610424,-2.682153746e-05,-0.001128137393696,0.008520535447644,-0.011096464829096,-0.01045424908596,-0.00949796479498,-0.012386525346288,0.014094465578016,-0.004267282810228,0.037289386,0.0258112818,0.025328627,0.0061987418,0.001443952,-0.0091733458,0.009005888,0.0142714072,0.007060185,0.0270469618,0.0078232242,0.012390855328,0.02786687874,0.052644965768,0.054386079204,0.07442047978,0.028489172636,-0.027280983756,-0.026443838672,-0.040755255732,-0.01460658756,0.00628565456,-0.0330630918015,-0.035504404986816
Australia and New Zealand,WP11,0,0,0,0,0,0,0,0,0,0,0,0,0,0,0,0,0,0,0,0,0,0,0,0,0,0,0,0,0,0,0,0,0,0,0,0,0,0,0,0,0,0,0,0
IEO - Africa,WP12,-3.412e-18,0,3.0708e-05,0.000948536,0.000174012,0,0.00039238,0.0006824,0.000914416,0.000334376,0.001665056,0.000798408,-0.000504976,0.000174012,0.000429912,-0.00155246,-0.006049476,-0.005380724,0.012030712,0.008407168,0.0446258892,0.010793862,0.0056731324,0.0045761744,0.0047037832,0.0052599392,0.0122224664,0.0149370536,0.0150926408,0.0178700088,0.0135231208,0.0211567884,0.0277627616,0.0320373152,0.0338477224,0.0265508192,0.0227873832,0.0177103272,0.0126970756,-0.0062105224,-0.003940027472,-0.003701924464,0.009108416959368,0.013874220642936
Brazil,WP13,-0.000184248,-0.001016776,-0.000655104,0.011358548,0.010659088,0.00820586,0.04295708,0.0593844952,0.061332406,0.074712564,0.083228916,0.09239696,0.083737304,0.096214988,0.11297132,0.12098952,0.13717946,0.13808364,0.134446448,0.13612174,0.146692116,0.129157848,0.124752956,0.130317928,0.12755762,0.133211304,0.140451568,0.132494784,0.144027344,0.136425408,0.118222388,0.122443032,0.13735006,0.137619608,0.1152403,0.117451276,0.13919254,0.12404326,0.119348348,0.085153284,0.084337816,0.0788270948,0.044042096,0.051548496
Canada,WP14,-0.0889862612278876,-0.11289280556407828,-0.09981707098729047,-0.12028516683168086,-0.1350327204414473,-0.1395141251230615,-0.1178534204945896,-0.15151987485243126,-0.1021324570523124,-0.03270959168997551,-0.003245177084,-0.06185031348,-0.083212466748,-0.091005536164,-0.149721487496,-0.130093142028,-0.137494646912,-0.121257365412,-0.094917854784,-0.102217746896,-0.122253666,-0.076073952,-0.0726940248,-0.0195852212,-0.0359126648,-0.0813809768,-0.065210144,-0.1056034472,-0.1097217312,-0.1147049572,-0.085361416,-0.12514363,-0.1595273776,-0.177028208,-0.1556312148,-0.2031136304,-0.2176862824,-0.2123540088,-0.1644730716,-0.1606297948,-0.19665915,-0.1613476796,-0.174382932604736,-0.0944238258448
China,WP15,0.001050896,0.000808644,0.00112596,0.00146716,0.00262724,0.00365084,0.00399204,0.00429912,0.00501564,0.00515212,0.00627808,0.0097242,0.01610464,0.01383566,-0.007721356,-0.01798124,-0.025849312,-0.027166344,-0.024078484,-0.031677008,-0.029868648,-0.0293432,-0.028674448,-0.025125968,-0.020731312,-0.021096396,-0.023481384,-0.03519478,-0.043680424,-0.03882856,-0.046109768,-0.04348594,-0.036777948,-0.038320172,-0.038924096,-0.042458928,-0.043407464,-0.044516364,-0.051923816,-0.057311364,-0.058147304,-0.048580056,-0.0441854,-0.045657600404296
India,WP16,-0.000126244,-0.000303668,-0.000245664,-0.00029002,-0.00035826,-0.000310492,0.000351436,0.00291726,0.003405176,0.002855844,0.00308786,0.00453796,0.004363948,0.004568668,0.00487916,0.0055445,0.00518624,0.004278648,0.00416264,0.003968156,0.004442424,0.004387832,0.00458914,0.00576628,0.00578334,0.005302248,0.009352292,0.01685528,0.019922668,0.018087012,0.018929776,0.017462616,0.015835092,0.013467164,0.0019619,0.000320728,-0.003729316,-0.005431904,-0.013091844,-0.01071368,-0.000368496,-8.8712e-05,-0.00590777564,-0.005752860054668
Japan,WP17,0,0,0,0,0,0,0,0,0,0,0,0,0,0,0,0,0,0,0,0,0,0,0,0,0,0,0,0,0,0,0,0,0,0,0,0,0,0,0,0,0,0,0,0
Mexico,WP18,0.001804948,0.000958772,-0.000208132,-0.000262724,-0.00029002,-0.000351436,-0.004660792,-0.006564688,-0.00624396,-0.004507252,-0.004671028,-0.004780212,-0.0035826,-0.003773672,-0.00283196,-0.00266136,0.000337788,0.004984932,0.004889396,0.001787888,0.002982088,0.000191072,0.000689224,-0.002954792,-0.004346888,-0.005704864,-0.002647712,-0.004005688,-0.003756612,-0.003081036,-0.003244812,-0.002378164,0.003620132,-0.00010236,-0.001804948,-0.00228604,0.000900768,0.001183964,0.004254764,0.002808076,0.01368212,-0.003261872,-0.000934888,-0.0035416556588
IEO - Middle East,WP19,0,0,0,0,0,0,-0.0006824,-0.000566392,-6.824e-05,0,0,0,0,-0.000658516,-0.000672164,-0.000535684,-0.001303384,0.001351152,0.005022464,0.002415696,0.006639752,0.006510096,0.006660224,0.00728462,0.01107194,0.007806656,0.01472278,0.013808364,0.005230596,0.010904752,0.0167121466,0.016562168728,0.01458969494,0.005769057368,0.011443223604,0.02456406278,0.019729388436,0.003870528444,0.002484768528,-0.000396170732,0.000610495512,-0.002344037176,-0.012115032756,0.0008880444814
Western Europe,WP21,0.063538264,0.063818048,0.062552196,0.07202732,0.083570116,0.095321044,0.09703728,0.115182296,0.134183724,0.129669648,0.114926396,0.080908756,0.018632932,0.030482808,0.03997158,0.021383004,0.018145016,0.014903616,0.017141888,0.002248508,0.001562696,0.018772824,0.0212936096,0.0215000356,0.0186486272,0.0321236388,0.038279228,0.031924378,0.0461544652,0.0283909108,0.0364732564,0.0476833824,0.03110891,0.0315391632,0.0176854196,0.0143460952,0.0297379684,0.0182801312,0.041136778,0.0619898984,0.0168999772,0.0451001572,0.0184488859904,-0.015676587004316
Other Americas,WP22,0.000184248,0.000535684,0.001085016,-0.012136484,-0.010983228,-0.01733296,-0.043390404,-0.061016796,-0.061862972,-0.069870936,-0.083699772,-0.0930623,-0.083754364,-0.096214988,-0.11297132,-0.121122588,-0.128014828,-0.138496492,-0.133893704,-0.136217276,-0.151854472,-0.12713112,-0.122872944,-0.133692396,-0.12534835,-0.1275364656,-0.1321720088,-0.124106382,-0.1362408188,-0.1244759016,-0.116478856,-0.120586904,-0.136126858,-0.1366922264,-0.112568704,-0.1155818412,-0.1358808528,-0.1186035084,-0.1178525272,-0.0867197332,-0.0796316444,-0.0704820252,-0.03479579719996,-0.048149048939072
Other Asia-Pacific,WP23,0.000156952,0.000951948,0.001951664,0.00134774,-0.000774524,-0.002231448,-0.004618134077336,-0.0075601557188,-0.008885504984012,-0.009835289079964,-0.009609651305576,-0.01459319805746,-0.021009315645696,-0.017978551388356,0.003768128666904,0.01309282894204,0.02122311711702,0.022457877065712,0.020089182362016,0.026462329085772,0.0282390768,0.0269595768,0.0236857628,0.02071937,0.0213410364,0.0191542856,0.0250058656,0.0269333044,0.030660232,0.0396819012,0.0523868244,0.0547622588,0.0573246708,0.0650555804,0.0694519424,0.0852030992,0.0731512328,0.079197638,0.0941688116,0.101674188,0.1049589204,0.125107804,0.120570388449428,0.136724078941752
Eastern Europe and Eurasia,WP24,-0.064514096,-0.065274972,-0.065384156,-0.0745522,-0.085064572,-0.096122864,-0.096791616,-0.114274704,-0.133037292,-0.12730172,-0.114496484,-0.081072532,0.03869208,0.041834532,0.01746944,0.035508684,0.036361684,0.0448678,0.0423941,0.033860688,0.038838796,0.040548208,0.034792164,0.02113734,-0.013917548,-0.01861246,-0.0164154732,-0.0167368836,-0.012450388,-0.00871766,-0.026333816,-0.026234868,-0.03231164,-0.03150982,-0.04041514,-0.018278084,-0.033737856,-0.0466512524,-0.0618793496,-0.040732456,-0.0211472348,-0.014265572,-0.03758318,-0.03590356825446
Russia,WP25,,,,,,,,,,,,,-0.057328424,-0.063869228,-0.0696048,-0.066882024,-0.0663634,-0.0672164,-0.061416,-0.048351452,-0.04795566,-0.054117732,-0.044161516,-0.045649148,-0.026002852,-0.042243972,-0.053950544,-0.043666776,-0.060163796,-0.0506924252,-0.059529164,-0.076950836,-0.056236584,-0.046662512,-0.027459776,-0.039777096,-0.049474,-0.036153552,-0.042998024,-0.062886572,-0.036638056,-0.072808668,-0.055943152,-0.053935099892492
South Korea and other OECD Asia,WP26,0,0,0,0,0,0,0,0,0,0,0,0,0,0,0,0,0,0,0,0,0,0,0,0,0,0,0,0,0,0,0,0,0,0,0,0,0,0,0,0,0,0,0,0
United States,WP27,0.071398547,0.113406139,0.100025786,0.120547021,0.135323216,0.139654914,0.122481103,0.15810093,0.108398776,0.037449576,0.007887899,0.06696545,0.086733105,0.094910359,0.152937082,0.133855712,0.137143777,0.116203135,0.088223678,0.098924027,0.115198994,0.075155967,0.071595347,0.021904519,0.03859722,0.084543717,0.062848954,0.1066322,0.111986009,0.116187509,0.088633544,0.127100951,0.161255965,0.197472376,0.18155945,0.227480019,0.226905663,0.192143757,0.151684248,0.133219591,0.161435996,0.134131145,0.140615279,0.064501001
Samoa,WSM,0,0,0,0,0,0,0,0,0,0,0,0,0,0,0,0,0,0,0,0,0,0,0,0,0,0,0,0,0,0,0,0,0,0,0,0,0,0,0,0,0,0,0,
Kosovo,XKS,--,--,--,--,--,--,--,--,--,--,--,--,--,--,--,--,--,--,--,--,--,--,--,--,--,--,--,--,0.001405744,0.001685528,0.001589992,0.001426216,0.000525448,-0.001166904,0.001675292,0.000446972,-0.001729884,0.0012354852,0.0005063408,8.0182e-05,-0.0010836512,0.002344044,0.001869776,0.003435884
Yemen,YEM,0,0,0,0,0,0,0,0,0,0,0,0,0,0,0,0,0,0,0,0,0,0,0,0,0,0,0,0,0,0,0,0,0,0,0,0,0,0,0,0,0,0,0,0
Former Yugoslavia,YUG,-0.001395508,0.004698324,0.006673872,0.00359966,-0.00385556,0.002139324,0.001589992,0.0012795,-0.004817744,-0.001392096,-0.001224908,-0.0150981,--,--,--,--,--,--,--,--,--,--,--,--,--,--,--,--,--,--,--,--,--,--,--,--,--,--,--,--,--,--,--,--
South Africa,ZAF,0,0,0,0,0,0,0,0,0,0,-0.00457208,-0.005547912,-0.005001992,-0.008492468,-0.008782488,-0.009727612,-0.018837652,-0.022560144,-0.008407168,0.007414276,0.042080196,0.007520048,0.007690648,-0.007059428,-0.011723632,-0.007994316,-0.01011658,-0.010740976,-0.012269552,-0.005994884,-0.0084447,-0.010488488,-0.017158948,-0.015357412,-0.009072508,-0.0052886,-0.020451528,-0.022631796,-0.016032988,-0.017650276,-0.013027016,-0.012174016,-0.005148708,-0.006113300882236
Zambia,ZMB,-0.009345468,-0.010191644,-0.010863808,-0.01085016,-0.010427072,-0.01050896,-0.01050896,-0.00504976,-0.00504976,-0.00504976,-0.00504976,-0.00504976,-0.00504976,-0.00504976,-0.00504976,-0.00504976,-0.00433324,-0.00399204,-0.003756612,-0.0052886,-0.00458914,-0.003640604,-0.002692068,-0.001743532,-0.000788172,-0.000829116,-0.001726472,-0.000484504,0.000573216,-0.001975548,-0.00192778,0.000310492,-0.002787604,-0.00344612,-0.004241116,-0.001334092,0.004746092,-0.00105772,-0.003661076,-0.002654536,-0.00412852,-0.007281208,-0.01036019925664,-0.00962184
Zimbabwe,ZWE,0.009771968,0.010232588,0.012034124,0.010208704,0.010399776,0.0089565,0.008151268,0.00313904,0.002760308,0.003145864,0.00464032,0.004739268,0.00612454,0.006544216,0.006196192,0.006138188,0.007735004,0.0116008,0.013378452,0.014572652,0.01738414,0.013873192,0.01368212,0.01086722,0.00696048,0.010157524,0.013303388,0.009986924,0.00380438,0.004357124,0.002494172,0.002050612,0.001869776,0.001794712,-0.000337788,-0.000344612,0.006315612,0.007567816,0.003466592,0.003780496,0.006762584,0.005950528,0.006513508,0.00648970994828
