Country,Code,1980,1981,1982,1983,1984,1985,1986,1987,1988,1989,1990,1991,1992,1993,1994,1995,1996,1997,1998,1999,2000,2001,2002,2003,2004,2005,2006,2007,2008,2009,2010,2011,2012,2013,2014,2015,2016,2017,2018,2019,2020
Aruba,ABW,--,--,--,--,--,--,0,0,0,0,0,0,0,0,0,0,0.272,0.235,0.357,1.101,1.012,0.97,0.235,1.088,1.94,1.652,1.364,1.561,1.757,0.983,0.571,3.207,0.004,0,3.128,3.892,0,0,0,,
Afghanistan,AFG,0,0,0,0,0,0,0,0,0,0,0,0,0,0,0,0,2.848,0.003,1.714,0.86,0.006,0.082,2.024,3.966,0.597,0,0,0,0.004,0,0,0,0,0,0,0,0,0,0,,
Africa,AFRC,5428.078,3964.097,3458.547,3394.148,3629.964,3837.154,3732.62,3428.169,3631.883,4059.778,4398.62,4668.889,4677.71,4622.432,4620.097,4762.329,5140.181,5292.298,5304.335,5129.289,5483.568,5309.026,5321.166,5965.808,6772.468,7137.222,7310.43,7869.01,7564.578,7556.83,7732.425,6593.673,7243.301,6418.21,6155.89,6238.78,5991.441,6322.316,6445.246,,
Angola,AGO,332.8,328.3,345.3,359.9,366.4,363.4,352.3,342.4,422.208,417.802,439,459.9,508.4,464.7,500.6,566.7,621.8,660.7,698.083,732.2,748.6,693.9,849.3,823,940.9,1113.971,1262.84,1591.176,1634.82,1770.41,1710.69,1585.429,1663.25,1677.064,1632.16,1745.524,1658.258,1517.708,1367.399,,
Albania,ALB,0,0,0,0,0,0,0,0,0,0,0,0,0,0,0,0,0,0,0,0,0,0,0,0,0,0,1.139,2.73,3.273,6.112,9.005,12.603,17.305,21.102,19.113,17.847,15.998,8.816,10.532,,
United Arab Emirates,ARE,1663.736,1416.001,1144.135,1057.46,979.243,909.921,1050.425,1161.863,1244.732,1522.112,1754.896,1978.874,2047.661,1930.322,1935.8,1904.685,1937.999,1990.846,2064.352,1901.263,1848.731,1791.808,1632.251,1893.554,2042.171,2161.933,2351.624,2358.178,2405.436,2050.954,2107.675,2487.168,2570.994,2654.238,2651.192,2593.12,2457.249,2427.648,2427.162,,
Argentina,ARG,0,0,0,0,0,8.993,1.97,1.99,7.998,11.899,16.132,24.832,52.922,86.884,204.178,279.475,325.589,333.645,331.207,269.526,277.953,288.058,266.834,224.407,175.815,149.286,87.683,56.999,60.2,91.292,55.809,60.48,70.21,48.65,48.51,42.44,45.366,28.89,59.067,,
Armenia,ARM,--,--,--,--,--,--,--,--,--,--,--,--,0,0,0,0,0,0,0,0,0,0,0,0,0,0,0,0,0,0,0,0,0,0,0,0,0,0,0,,
American Samoa,ASM,0,0,0,0,0,0,0,0,0,0,0,0,0,0,0,0,0,0,0,0,0,0,0,0,0,0,0,0,0,0,0,0,0,0,0,0,0,0,0,,
Asia & Oceania,ASOC,1944.323,1907.149,1832.278,1958.792,2066.847,2093.381,2109.401,1969.997,1962.668,2005.063,2050.339,2220.651,2157.418,2072.511,2138.586,2098.018,2085.464,2112.939,2104.503,2023.841,2031.24,2182.839,2138.903,2051.924,1905.02,1848.564,1613.448,1593.779,1499.045,1608.92,1469.115,1363.754,1325.927,1225.402,1188.187,1349.058,1430.099,1337.854,1123.795,,
Antarctica,ATA,0,0,0,0,0,0,0,0,0,0,0,0,0,0,0,0,0,0,0,0,0,0,0,0,0,0,0,0,0,0,0,0,0,0,0,0,0,0,0,,
Antigua and Barbuda,ATG,0,0,0,0,0,0,0,0,0,0,0,0,0,0,0,0,0,0,0,0,0,0,0,0,0,0,0,0,0,0,0,0,0,0,0,0,0,0,0,,
Australia,AUS,0,0,0,0,16.25,88.925,81.595,88.884,102.515,75.194,107.986,145.583,141.661,157.738,144.432,175.749,162.281,179.02,213.043,200.02,308.855,392.145,386.228,314.103,261.232,229.964,189.984,236.203,234.672,252.458,275.84,299.363,262.199,236.547,224.109,230.267,215.426,195.82,197.718,266.401,251.824
Austria,AUT,0,0,0,0,0,0,0,0,0,0,0,0,0,0,0,0,1.027,0.505,0.888,1.03,1.228,1.272,0,0,0,0,0,0,0,0,0,0,0,0,0,0,0,0,0,0,0
Azerbaijan,AZE,--,--,--,--,--,--,--,--,--,--,--,--,0,0,0,0,1.103,4.66,38.06,113.68,112.76,169.24,177.62,179.94,180.96,285.92,496.4,695.6,737.16,886.64,853.18,745.36,694.56,692.083,697.4,674.611,716.011,684.248,679.86,,
Burundi,BDI,0,0,0,0,0,0,0,0,0,0,0,0,0,0,0,0,0,0,0,0,0,0,0,0,0,0,0,0,0,0,0,0,0,0,0,0,0,0,0,,
Belgium,BEL,0.745,0,3.352,1.595,1.571,0,0.101,0,0.242,0,0,0,0,0,0,0,0,0,0,0,0,0,0,0,0,0,0,0,0,0,0,0,0,0,0,0,0,0,0,0,0
Benin,BEN,3.188,4.3,4.58,0.46,0.1,6.5,7.3,6.24,4.76,3.82,3.876,3.715,2.563,4.217,3.555,2.611,2.243,1.807,0.984,0.984,0.701,0,0,0,0,0,0,0,0,0,0,0,0,0,0,0,0,0,0,,
Burkina Faso,BFA,0,0,0,0,0,0,0,0,0,0,0,0,0,0,0,0,0,0,0,0,0,0,0,0,0,0,0,0,0,0,0,0,0,0,0,0,0,0,0,,
Bangladesh,BGD,0,0,0,0,0,0,0,0,0,0,0,0,0,0,0,0,0,0,0,0,0,0,0,0,0,0,0,0,0,0,0,0,0,0,0,0,0,0,0,,
Bulgaria,BGR,0,0,0,0,0,0,0,0,0,0,0,0,0,0,0,0,0,0,0,0,0,0,0,0,0,0,0,0,0,0,0,0,0,0,0,0,0,0,0,,
Bahrain,BHR,0,0,0,0,0,0,0,0,0,0,0.826,0.203,0.583,0.962,0.979,0.997,0.505,0.014,2.229,1.753,1.406,1.469,0.682,1.636,150.405,150.536,148.468,147.986,149.043,152.203,151.098,150.114,133.162,142.985,154.492,149.673,0,0,0,,
The Bahamas,BHS,0,0,0,0,0,0,0,0,0,0,0,0,0,0,0.083,2.552,3.567,1.799,1.178,1.802,0.982,0.316,2.604,4.893,0.796,0,0,0,1.521,0,0.039,2.533,5.026,4.441,5.947,3.658,0,0,0,,
Bosnia and Herzegovina,BIH,--,--,--,--,--,--,--,--,--,--,--,--,0,0,0,0,0,0,0,0,0,0,0,0,0,0,0,0,0,0,0,0,0,0,0,0,0,0,0,,
Belarus,BLR,--,--,--,--,--,--,--,--,--,--,--,--,21.189,5.703,5.021,4.016,6.008,8.033,7.671,7.029,7.03,8.053,12.069,16.086,21.049,27.031,22.854,17.09,29.1,34.461,32.439,33.658,32.945,32.513,32.473,32.433,31.686,31.851,32.224,,
Belize,BLZ,0,0,0,0,0,0,0,0,0,0,0,0,0,0,0,0,0,0,0,0,0,0,0,0,0,0,2.261,2.895,3.455,3.865,4.151,3.863,2.644,2.025,1.781,1.225,1.208,1.211,1.211,,
Bermuda,BMU,0,0,0,0,0,0,0,0,0,0,0,0,0,0,0,0,0,0,0,0,0,0,0,0,0,0,0,0,0,0,0,0,0,0,0,0,0,0,0,,
Bolivia,BOL,0,0,0,2.837,0.837,0.858,0.878,0.02,0.01,0,0.492,0.984,0.34,1.265,1.346,2.306,0.898,1.716,4.65,1.586,1.555,2.53,1.827,2.671,4.827,4.358,4.097,2.791,4.767,4.328,7.132,7.079,10.277,7.089,9.097,4.4,0,0,0,,
Brazil,BRA,1.174,14.495,21.753,0.998,0,0,0,0,3.72,0.002,1.862,2.234,1.415,1.436,1.456,1.36,2.083,2.611,1.434,0.602,18.687,110.821,235.075,241.881,245.575,274.522,368.057,421.492,433.271,525.896,631.785,604.8,533.609,397.322,519.15,737.083,844.925,996.569,1123.314,,
Barbados,BRB,0,0,0,0,0,0,0,0,0,0,0,0,0,0,0,0,0,0,0.189,0.271,0.21,0.173,0.219,0.174,0.173,0.174,0.137,0.126,0.108,0.105,0.116,0.109,0.103,0.094,0.079,0.092,0.683,0.685,0.685,,
Brunei,BRN,219.255,159.348,160.877,163.652,152.571,163.451,157.74,151.465,146.579,138.153,140.526,151.184,166.145,158.665,161.058,154.723,148.268,137.912,137.348,159.127,182.615,181.469,191.504,196.008,188.105,198.1,198.22,171.414,164.134,142.054,147.645,135.539,139.158,117.078,107.828,115.892,116.824,111.173,103.08,,
Bhutan,BTN,0,0,0,0,0,0,0,0,0,0,0,0,0,0,0,0,0,0,0,0,0,0,0,0,0,0,0,0,0,0,0,0,0,0,0,0,0,0,0,,
Botswana,BWA,0,0,0,0,0,0,0,0,0,0,0,0,0,0,0,0,0,0,0,0,0,0,0,0,0.001,0.001,0.001,0,0.003,0.001,0.001,0.001,0.001,0,0.003,0.01,0,0,0,,
Central African Republic,CAF,0,0,0,0,0,0,0,0,0,0,0,0,0,0,0,0,0,0,0,0,0,0,0,0,0,0,0,0,0,0,0,0,0,0,0,0,0,0,0,,
Canada,CAN,205.068,163.028,230.186,309.58,308.732,427.884,469.54,500.029,607.005,530.862,546.41,645.329,697.424,787.035,846.944,906.348,972.8,1042.401,1146.429,1047.348,1179.705,1147.782,1153.96,1231.557,1355.474,1501.36,1588.225,1486.095,1553.273,1514.727,1590.305,1807.972,1932.656,2217.603,2381.843,2487.123,2907.293,2921.65,3176.975,3194.766,3016.996
Switzerland,CHE,0,0,0,0,0,0,0,0,0,0,0,0,0,0,0,0,0,0,0,0,0,0,0,0,0,0,0,0,0,0,0,0,0,0,0,0,0,0,0,0,0
Chile,CHL,0,0,0,0,0,0,0,0,0,0,0,0,0,0,0,0,0,0,0,0,0,0,0,0,0,0,0,0,0,0,0,0,0,0,0,0,0,0,0,0,1.041
China,CHN,266.909,275.834,304.913,304.713,447.082,602.245,571.522,545.992,522.327,489.096,481.115,453.198,431.379,389.765,370.833,365.539,409.178,397.667,312.855,143.733,206.402,151.621,153.93,163.328,109.99,162.003,127.261,77.999,84.876,101.877,60.849,50.487,48.706,32.473,12.049,57.556,58.651,97.214,52.532,,
Ivory Coast,CIV,2.397,3.995,4.694,7.17,6.192,3.375,1.957,1.957,0.959,0,0,0,1.857,2.477,6.172,1.778,15.599,14.101,10.086,9.387,6.771,4.833,6.571,23.648,25.525,39.765,59.898,47.934,41.463,43.221,38.367,32.416,28.621,24.646,17.736,26.723,29.458,37.323,30.217,,
Cameroon,CMR,66.372,72.673,82.214,90.194,145.326,142.343,139.262,140.684,132.842,143.923,139.597,125.77,118.777,118.659,102.817,97.681,104.298,107.775,120.772,107.202,112.93,107.696,101.651,97.918,91.814,82.115,88.989,77.552,75.577,63.942,55.724,53.295,56.198,65.147,75.814,96.436,83.112,68.575,62.16,,
Congo-Kinshasa,COD,17.107,15.843,21.659,18.45,22.762,30.824,30.884,27.776,24.667,25.169,23.063,22.401,20.456,20.295,22.722,22.662,22.562,22.622,22.662,23.544,23.785,24.427,23.685,25.79,27.936,25.45,25.289,24.367,22.842,22.241,22.241,24.166,24.006,22.642,21.278,21.017,21.22,24.025,21.278,,
Congo-Brazzaville,COG,65.125,79.773,84.947,93.292,105.177,106.403,107.239,111.83,130.348,144.412,144.432,142.253,158.612,174.621,165.576,171.684,194.929,224.107,238.152,256.203,249.395,225.391,218.836,197.108,207.281,227.9,257.642,206.698,222.94,261.552,291.47,264.276,250.62,224.691,226.364,221.364,190.354,235.221,331.691,,
Cook Islands,COK,0,0,0,0,0,0,0,0,0,0,0,0,0,0,0,0,0,0,0,0,0,0,0,0,0,0,0,0,0,0,0,0,0,0,0,0,0,0,0,,
Colombia,COL,0,0,0,0,0,0,102.612,145.57,144.429,164.181,192.072,173.992,181.937,196.735,190.852,323.264,327.97,354.666,454.98,527.827,393.987,303.609,293.932,237.001,222.572,237.309,229.215,239.038,309.3,408.67,537.569,678.17,705.417,817.28,842.038,849.78,624.699,533.059,481.317,,
Comoros,COM,0,0,0,0,0,0,0,0,0,0,0,0,0,0,0,0,0,0,0,0,0,0,0,0,0,0,0,0,0,0,0,0,0,0,0,0,0,0,0,,
Cabo Verde,CPV,0,0,0,0,0,0,0,0,0,0,0,0,0,0,0,0,0,0,0,0,0,0,0,0,0,0,0,0,0,0,0,0,0,0,0,0,0,0,0,,
Costa Rica,CRI,0,0,0,0,0,0,0,0,0,0,0,0,0,0,0,0,0,0,0,0,0,0,0,0,0,0,0,0,0,0,0,0,0,0,0,0,0,0,0,,
Central & South America,CSAM,1594.705,1573.132,1348.901,1290.097,1306.621,1154.581,1341.405,1393.902,1452.862,1402.833,1707.963,1849.732,1856.017,2207.411,2416.056,2793.142,3006.586,3343.623,3388.463,3062.811,3024.764,2979.696,2942.038,2739.45,2920.089,3376.972,3201.947,3011.199,3099.186,3154.209,3392.168,3551.724,3481.872,3587.76,3649.26,4004.36,3562.829,3457.14,3052.956,0,
Former Czechoslovakia,CSK,196.876,180.333,162.059,162.059,159.563,160.363,163.049,164.745,159.542,160.04,124.563,0.646,0.805,--,--,--,--,--,--,--,--,--,--,--,--,--,--,--,--,--,--,--,--,--,--,--,--,--,--,,--
Cuba,CUB,0,0,0,0,0,0,0,0,0.619,2.056,0.704,0,0,0,0,0,0.005,0,0,2.191,2.651,0,0.073,0,0,0,1.158,1.192,1.133,1.97,1.345,0,0,0,0,0,0,0,0,,
Cayman Islands,CYM,0,0,0,0,0,0,0,0,0,0,0,0,0,0,0,0,0,0,0,0,0,0,0,0,0,0,0,0,0,0,0,0,0,0,0,0,0,0,0,,
Cyprus,CYP,0,0,0,0,0,0,0,0,0,0,0,0,0,0,0,0,0,0,0,0,0,0,0,0,0,0,0,0,0,0,0,0,0,0,0,0,0,0,0,,
Czechia,CZE,--,--,--,--,--,--,--,--,--,--,--,--,--,1.312,4.483,2.06,1.691,1.837,2.08,2.201,2.235,2.403,2.827,2.686,1.289,1.171,0.848,0.343,0.403,0.424,0.404,0.384,0.423,0.505,0.545,0.565,0.565,0.485,0.444,0,0
East,DDR,0,0,0,0,0,0,0,0,0,0,0,--,--,--,--,--,--,--,--,--,--,--,--,--,--,--,--,--,--,--,--,--,--,--,--,--,--,--,--,,--
Germany,DEU,--,--,--,--,--,--,--,--,--,--,--,0,4.188,2.181,22.635,15.406,35.803,72.347,28.046,35.154,64.779,20.798,26.694,13.064,22.311,14.195,11.065,13.932,2.718,2.221,14.255,7.572,3.907,0.687,0.606,6.724,2.039,0,0,2.091,0
West,DEUW,1.41,0,1.232,0.121,0.101,0.02,0,0.02,0,0,0,--,--,--,--,--,--,--,--,--,--,--,--,--,--,--,--,--,--,--,--,--,--,--,--,--,--,--,--,,--
Djibouti,DJI,0,0,0,0,0,0,0,0,0,0,0,0,0,0,0,0,0,0,0,0,0,0,0,0,0,0,0,0,0,0,0,0,0,0,0,0,0,0,0,,
Dominica,DMA,0,0,0,0,0,0,0,0,0,0,0,0,0,0,0,0,0,0,0,0,0,0,0,0,0,0,0,0,0,0,0,0,0,0,0,0,0,0,0,,
Denmark,DNK,0.725,4.18,14.498,22.696,17.64,19.606,16.961,35.114,39.347,45.755,55.911,85.896,89.125,103.281,119.313,95.972,105.536,141.948,167.349,222.412,269.73,240.928,277.173,269.601,300.841,275.153,233.579,189.843,174.303,172.781,155.517,146.895,122.008,124.482,96.9,91.327,78.284,82.746,56.719,46.691,23.452
Dominican Republic,DOM,0,0,0,0,0,0,0,0,0,0,0,0,0,0,0,0,0,0,0,0,0,0,0,0,0,0,0,0,0,0,0,0,0,0,0,0,0,0,0,,
Algeria,DZA,713.534,521.8,283.315,289.611,274.921,312.696,272.087,247.156,244,280.5,300.797,344.7,279.4,308,324.637,323.546,381.342,362.643,404.91,414.6,449.359,427.113,535.046,723.86,893.2,967.61,947.24,1085.003,942.283,835.547,804.54,844.35,760.19,666.68,580.739,598.1,695.007,656.203,633.519,,
Ecuador,ECU,112.9,129.4,120,168.9,172,193.4,195.6,123.5,188.51,174.6,172.1,178.78,191.11,218.35,237.83,250.42,240.54,250.351,234.068,230.942,239.208,244.29,235.7,258.58,337.531,361,373,347.128,356.35,334.429,348.152,340.51,357.67,396.26,432.61,440.598,362.741,349.485,349.447,,
Egypt,EGY,335.671,362.702,362.145,370.877,397,442.1,380.441,450.122,425.073,432.955,422,414.316,423.998,393.812,375.646,353.132,355.182,313.4,278.393,284.2,220,138.101,140.208,99.907,37.588,57.475,52.334,96.5,102.139,123.778,187.726,198.745,189.556,233.752,241.887,257.968,225.845,209.904,204.119,,
Eritrea,ERI,--,--,--,--,--,--,--,--,--,--,--,--,--,--,0,0,0,0,0,0,0,0,0,0,0,0,0,0,0,0,0,0,0,0,0,0,0,0,0,,
Western Sahara,ESH,0,0,0,0,0,0,0,0,0,0,0,0,0,0,0,0,0,0,0,0,0,0,0,0,0,0,0,0,0,0,0,0,0,0,0,0,0,0,0,,
Spain,ESP,0,0,0,0,0.081,1.454,0,0,0,0,0,0,0,0,0,0,0,0,0,0,0,0,0,0,0,0,0,0,0,0,0,0,0,0,0,0,0,0,0,0,0
Estonia,EST,--,--,--,--,--,--,--,--,--,--,--,--,0,0,0,0,0,0,0,0,0,0,0,0,0,0,0,0,0,0,0,0,0,0,0,0,0,0,0,0,0
Ethiopia,ETH,0,0,0,0,0,0,0,0,0,0,0,0,0,0,0,0,0,0,0,0,0,0,0,0,0,0,0,0,0,0,0,0,0,0,0,0,0,0,0,,
European Union,EU27,283.263,241.615,236.547,215.386,229.921,229.641,262.697,261.544,255.675,264.675,250.277,136.9,141.095,157.68,198.599,171.474,180.884,246.123,214.707,279.662,354.693,290.365,348.241,359.235,393.344,365.706,324.927,295.131,260.948,229.676,216.916,210.114,171.476,165.22,135.075,130.508,112.371,142.976,96.523,75.43,
Eurasia,EURA,2373,2350,2418,2610,2685,2340,2654,2732,2878,2540,2170,1205,3162.509,2895.903,2733.556,2716.448,2799.765,2952.451,3203.546,3350.118,3733.973,4171.442,4891.879,5711.363,6466.601,6535.835,6739.737,7155.824,6875.687,7321.776,7287.616,7154.479,6913.64,6879.985,6663.589,6988.692,7231.851,7335.714,7501.862,,
Europe,EURO,1467.196,1648.962,1827.195,2060.591,2363.999,2454.997,2642.641,2700.106,2615.698,2549.197,2693.822,2838.428,3079.087,3364.276,4038.995,4264.287,4525.802,4596.119,4536.758,4693.02,4992.094,4902.672,4809.494,4429.898,4120.772,3610.525,3253.026,3198.209,2938.424,2808.019,2572.69,2248.579,2077.414,2025.349,2017.385,2066.514,2145.812,2198.155,2167.89,2183.372,
Finland,FIN,0,0,0,0,0,0,12.479,0,0,0,0,0,0.081,0,0,0,0,0,0,0,0,0,0,0,0,0,0,0,0,0,0,0,0,0,0,0,0,0,0,0,0
Fiji,FJI,0,0,0,0,0,0,0,0,0,0,0,0,0,0,0,0,0,0,0,0,0,0,0,0,0,0,0,0,0,0,0,0,0,0,0,0,0,0,0,,
Falkland Islands,FLK,0,0,0,0,0,0,0,0,0,0,0,0,0,0,0,0,0,0,0,0,0,0,0,0,0,0,0,0,0,0,0,0,0,0,0,0,0,0,0,,
France,FRA,0,0,0,0,1.369,0,0,0,0,0,0,0,0,0,0,0,0,0,0,0,0,0,0,0,0,0,0,0,0,0,0,9.308,3.685,1.373,0.404,0.808,0,1.353,0,0,0
Faroe Islands,FRO,0,0,0,0,0,0,0,0,0,0,0,0,0,0,0,0,0,0,0,0,0,0,0,0,0,0,0,0,0,0,0,0,0,0,0,0,0,0,0,,
Micronesia,FSM,,,,,,,,,,,,,,,,,,,,,,,,,,,,,,,,,,,,,,NA,NA,,NA
Gabon,GAB,150.246,124.11,129.477,135.545,139.5,163.8,150.1,145.139,148.117,171.915,239.159,277.516,271.29,296.353,323.95,354.471,352.202,357.55,341.578,302.337,263.9,248.939,239.801,244.964,246.145,251.984,226.266,228.375,214.973,212.59,237.614,226.972,224.507,213.108,216.721,216.601,193.784,183.743,178.396,,
United Kingdom,GBR,783.214,1037.272,1215.444,1360.865,1555.976,1601.915,1682.803,1616.211,1408.858,992.022,1090.8,1057.605,1096.257,1214.859,1580.572,1614.292,1549.251,1516.665,1608.296,1717.351,1742.481,1633.656,1639.532,1389.659,1222.776,986.954,907.075,911.235,835.75,796.485,746.813,571.145,574.598,613.346,569.469,606.844,618.898,691.851,818.151,854.342,720.403
Georgia,GEO,--,--,--,--,--,--,--,--,--,--,--,--,0.551,3.633,0.992,0.816,2.263,2.631,1.084,0.803,1.502,1.406,1.024,1.446,1.041,1.285,1.205,1.165,0.701,1.205,1.165,0.984,0.741,1.145,1.03,3.067,0.353,0.138,0.138,,
Ghana,GHA,0,0,0,0,0,0,0,0,0,0,0,0,0,0,0,0,0,0,0,0,0,0,0,0,0,0,0,0,0,0,0,77.634,83.925,98.765,107.572,104.037,85.03,162.803,176.833,,
Gibraltar,GIB,0,0,0,0,0,0,0,0,0,0,0,0,0,0,0,0,0,0,0,0,0,0,0,0,0,0,0,0,0,0,0,0,0,0,0,0,0,0,0,,
Guinea,GIN,0,0,0,0,0,0,0,0,0,0,0,0,0,0,0,0,0,0,0,0,0,0,0,0,0,0,0,0,0,0,0,0,0,0,0,0,0,0,0,,
Guadeloupe,GLP,0,0,0,0,0,0,0,0,0,0,0,0,0,0,0,0,0,0,0,0,0,0,0,0,0,0,0,0,0,0,0,0,0,0,0,0,0,0,0,,
The,GMB,0,0,0,0,0,0,0,0,0,0,0,0,0,0,0,0,0,0,0,0,0,0,0,0,0,0,0,0,0,0,0,0,0,0,0,0,0,0,0,,
Guinea-Bissau,GNB,0,0,0,0,0,0,0,0,0,0,0,0,0,0,0,0,0,0,0,0,0,0,0,0,0,0,0,0,0,0,0,0,0,0,0,0,0,0,0,,
Equatorial Guinea,GNQ,0,0,0,0,0,0,0,0,0,0,0,0,2.503,4.458,4.86,6.251,12.843,46.299,75.981,89.018,106.648,179.739,199.178,221.716,315.33,347.464,336.186,330.861,339.295,295.463,254.118,238.945,267.1,248.641,225.046,217.649,242.52,205.592,184.474,,
Greece,GRC,63.914,46.239,17.547,1.131,14.659,15.124,42.08,24.896,23.197,21.545,24.896,13.69,9.464,14.599,8.582,12.761,5.236,4.119,0,2.342,0,0,7.814,22.312,16.351,18.536,21.282,21.323,21.405,20.151,17.102,13.811,5.195,2.928,1.191,1.615,3.15,3.291,4.079,4.813,1.802
Grenada,GRD,0,0,0,0,0,0,0,0,0,0,0,0,0,0,0,0,0,0,0,0,0,0,0,0,0,0,0,0,0,0,0,0,0,0,0,0,0,0,0,,
Greenland,GRL,0,0,0,0,0,0,0,0,0,0,0,0,0,0,0,0,0,0,0,0,0,0,0,0,0,0,0,0,0,0,0,0,0,0,0,0,0,0,0,,
Guatemala,GTM,1.964,1.67,3.892,5.544,3.176,1.156,4.479,3.267,2.735,2.662,2.772,2.68,4.35,5.323,4.277,7.489,13.18,17.879,22.119,19.219,18.925,19.476,23.11,22.596,19.145,19.331,17.524,16.072,14.614,12.928,11.399,10.815,9.581,9.146,9.902,9.746,7.978,8.474,6.657,,
French Guiana,GUF,0,0,0,0,0,0,0,0,0,0,0,0,0,0,0,0,0,0,0,0,0,0,0,0,0,0,0,0,0,0,0,0,0,0,0,0,0,0,0,,
Guam,GUM,0,0,0,0,0,0,0,0,0,0,0,0,0,0,0,0,0,0,0,0,0,0,0,0,0.015,0.004,0.016,0.005,0.004,0.002,0.012,0.007,0.014,0.003,0,0,0,0,0,,
Guyana,GUY,0,0,0,0,0,0,0,0,0,0,0,0,0,0,0,0,0,0,0,0,0,0,0,0,0,0,0,0,0,0,0,0,0,0,0,0,0,0,0,,
Hawaiian Trade Zone,HITZ,,,,,,,0,--,--,--,--,--,--,--,--,--,--,--,--,--,--,--,--,--,--,--,--,--,--,--,--,--,--,--,--,,--,--,--,,--
Hong Kong,HKG,0,0,0,0,0,0,0,0,0,0,0,0,0,0,0,0,0,0,0,0,0,0,0,0,0,0,0,0,0,0,0,0,0,0,0,0,0,0,0,,
Honduras,HND,0,0,0,0,0,0,0,0,0,0,0,0,0,0,0,0,0,0,0,0,0,0,0,0,0,0,0,0,0,0,0,0,0,0,0,0,0,0,0,,
Croatia,HRV,--,--,--,--,--,--,--,--,--,--,--,--,12.746,10.652,4.432,5.082,2.256,0.813,0.813,2.643,0.712,0,0,0,0,0,0,0,0,0,0,0,0,0,0,0,0,0,0,,
Haiti,HTI,0,0,0,0,0,0,0,0,0,0,0,0,0,0,0,0,0,0,0,0,0,0,0,0,0,0,0,0,0,0,0,0,0,0,0,0,0,0,0,,
Hungary,HUN,17.821,10.782,36.264,25.745,26.822,0,0,0,0,0,0,0,0,0,0,0,0.302,1.09,0,0,0,0,0,0,2.739,6.946,16.376,12.034,9.565,0,0,0,0,1.232,0.202,1.938,1.514,3.251,7.956,2.529,3.545
Indonesia,IDN,1211.362,1256.682,1107.965,1180.582,1087.459,866.335,908.928,798.671,755.344,794.951,778.195,875.087,799.737,753.881,878.428,815.477,770.654,784.404,748.157,772.547,607.061,666.716,595.526,528.48,481.927,413.157,309.475,359.397,301.052,371.646,361.051,361.305,312.542,327.145,301.179,313.769,342.943,281.307,203.967,,
India,IND,0,0,0,0,0,0,0,0,0,0.42,1.789,1.018,1.692,2.127,1.016,0.423,0.588,1.834,0.524,0.571,2.059,3.546,0.004,1.807,1.896,4.091,4.153,2.836,1.149,0.109,0.939,0.418,2.304,0.005,0.709,1.31,0,0,0,,
Ireland,IRL,0,0,0,0,0,2.1,0,0.404,0,0,0,0,0,0,0,0,0,0,0,0,0,0,1.757,1.716,0,0,0,0,0,0,1.858,0.787,0,0,0,0,0,5.9,0,0.84,3.965
Iran,IRN,796.7,714.6,1623.2,1811.296,1512.205,1545.147,1454,1710,1761.505,2078.197,2209.041,2431.138,2583.068,2652.412,2541.47,2536.792,2527.227,2402.453,2348.576,2147.811,2389.61,2149.779,2106.361,2493.28,2577.479,2400.327,2512.404,2492.4,2412.007,2235.421,2269.04,2328.156,1455.292,1086.4,1084.3,1112.751,2312.779,2530.531,2230.938,,
Iraq,IRQ,2467.93,787.052,819.348,686.046,843.906,1058.637,1343.578,1717,2095,2260,1596,39,60.7,59.2,60,63.5,88.1,746.6,1563.275,2077.302,2051.783,1845.795,1515.694,907.311,1477.979,1420.313,1487.842,1636.822,1835.364,1901.97,1890.43,2163.258,2414.077,2363.305,2517.589,2990.37,3915.619,3914.067,3975.824,,
Iceland,ISL,0,0,0,0,0,0,0,0,0,0,0,0,0,0,0,0,0,0,0,0,0,0,0,0,0,0,0,0,0,0,0,0,0,0,0,0,0,0,0,0,0
Israel,ISR,0,0,0,0,0,0,0,0,0,0,0,0,0,0,0,0,0,0,0,0,0,0,0,0,0,0,0,0,0,0,0,0,0,0,0,0,0,0,0,0,0
Italy,ITA,0,0,0,0,0,0,0,15.063,13.089,13.973,17.345,11.186,4.954,8.481,8.965,2.948,1.832,4.442,2.019,0,0,0,0,13.629,16.507,19.803,18.552,28.969,23.943,12.444,8.51,14.323,18.44,12.147,11.885,14.316,12.6,14.074,10.136,0,3.545
Jamaica,JAM,0,0,0,0,0,0,0,0,0,0,0,0,0,0,0,0,0,0,0,0,0,0,0,0,0,0,0,0,0,0,0,0,0,0,0,0,0,0,0,,
Jordan,JOR,0,0,0,0,0,0,0,0,0,0,0,0,0,0,0,0,0,0,0,0,0,0,0,0,0,0,0,0,0,0,0,0,0,0,0,0,0,0,0,,
Japan,JPN,0,0,0,0,0,0,0,0,0,0,0,0,0,0,0,0,0,0,0,0,0,0,0,0,0,0,0,0,0,0,0,0,0,0,0,0,0,0,0,0,0
Kazakhstan,KAZ,--,--,--,--,--,--,--,--,--,--,--,--,272.632,320.632,184.808,202.985,231.14,332.285,362.496,469.243,588.4,669.58,799,863.3,1003.9,1070.456,1145.026,1215.619,1211.845,1359.535,1382.853,1385.451,1362.912,1381.2,1367.822,1271.62,1354.709,1510.184,1531.601,,
Kenya,KEN,0,0,0,0,0,0,0,0,0,0,0,0,0,0,0,0,0,0,0,0,0,0,0,0,0,0,0,0,0,0,0,0,0,0,0,0,0,0,0,,
Kyrgyzstan,KGZ,--,--,--,--,--,--,--,--,--,--,--,--,2.26,1.76,1.76,0.509,0.422,0.8,0,0,0,0,0,0,0,0,0,0.039,0.041,1.054,0.121,0.061,0.034,0.042,0.049,0.135,0.137,0.393,1.375,,
Cambodia,KHM,0,0,0,0,0,0,0,0,0,0,0,0,0,0,0,0,0,0,0,0,0,0,0,0,0,0,0,0,0,0,0,0,0,0,0,0,0,0,0,,
Kiribati,KIR,0,0,0,0,0,0,0,0,0,0,0,0,0,0,0,0,0,0,0,0,0,0,0,0,0,0,0,0,0,0,0,0,0,0,0,0,0,0,0,,
Saint Kitts and Nevis,KNA,0,0,0,0,0,0,0,0,0,0,0,0,0,0,0,0,0,0,0,0,0,0,0,0,0,0,0,0,0,0,0,0,0,0,0,0,0,0,0,,
South Korea,KOR,0,0,0,0,0,0,0,0,0,0,0,0,0,0,0,0,0,0,0,0,0,0,0,0,0,0,0,0,0,0,0,0,0,0,0,0,0,0,0,0,0
Kuwait,KWT,1296.5,813.8,368.8,544.4,658,475.9,756,607,698,850,645,85,695.6,1440,1263.5,1186.4,1224.2,1134.2,1190,948.2,1230.7,1214.1,979.555,1242.9,1414.9,1650.8,1723.4,1612.88,1738.54,1348.25,1490.931,1816.11,2070,2058.46,1994.84,1963.81,1859.305,1733.813,1837.918,,
Laos,LAO,0,0,0,0,0,0,0,0,0,0,0,0,0,0,0,0,0,0,0,0,0,0,0,0,0,0,0,0,0,0,0,0,0,0,0,0,0,0,0,,
Lebanon,LBN,0,0,0,0,0,0,0,0,0,0,0,0,0,0,0,0,0,0,0,0,0,0,0,0,0,0,0,0,0,0,0,0,0,0,0,0,0,0,0,,
Liberia,LBR,0,0,0,0,0,0,0,0,0,0,2.501,5.002,9.078,9.977,8.019,4.848,1.677,1.64,1.226,2.164,2.664,2.926,3.327,1.499,2.316,2.249,10.123,1.598,8.923,7.905,4.418,1.664,2.359,1.18,0,0,0,0,0,,
Libya,LBY,1706.446,1089.927,999.232,950.414,936.816,855.696,936.735,771.291,846.169,856.773,1091.762,1218.247,1165.552,1098.782,1077.711,1113.039,1097.008,1042.633,1136.683,934.485,986.968,962.556,961.55,1083.527,1221.065,1321.3,1374.304,1441.679,1428.969,1290.062,1260.663,296.186,1195.56,629.68,357.577,270.191,392.469,841.083,1067.387,,
Saint Lucia,LCA,0,0,0,0,0,0,0,0,0,0,0,0,0,0,0,0,0,0,0,0,0,0,0,0,0,0,0,0,0,0,0,0,0,0,0,0,0,0,0,,
Sri Lanka,LKA,0,0,0,0,0,0,0,0,0,0,0,0,0,0,0,0,0,0,0,0,0,0,0,0,0,0,0,0,0,0,0,0,0,0,0,0,0,0,0,,
Lesotho,LSO,0,0,0,0,0,0,0,0,0,0,0,0,0,0,0,0,0,0,0,0,0,0,0,0,0,0,0,0,0,0,0,0,0,0,0,0,0,0,0,,
Lithuania,LTU,--,--,--,--,--,--,--,--,--,--,--,--,0,0,0,0.16,2.46,3.86,5.3,4.56,6.22,7.02,2.48,5.76,3.86,2.96,2.3,3.1,2.58,2.26,2.22,1.6,1.58,1.34,1.26,1.01,1.05,0.848,0.909,0.757,0.741
Luxembourg,LUX,0,0,0,0,0,0,0,0,0,0,0,0,0,0,0,0,0,0,0,0,0,0,0,0,0,0,0,0,0,0,0,0,0,0,0,0,0,0,0,0,0
Latvia,LVA,--,--,--,--,--,--,--,--,--,--,--,--,0,0,0,0,0,0,0,0,0,0,0,0,0,0,0,0,0,0,0,0,0,0,0,0,0,0,0,0,0
Macau,MAC,0,0,0,0,0,0,0,0,0,0,0,0,0,0,0,0,0,0,0,0,0,0,0,0,0,0,0,0,0,0,0,0,0,0,0,0,0,0,0,,
Morocco,MAR,0,0,0,0,0,0,0,0,0,0,0,0,0,0,0,0,0,0,0,0,0,0,0,0,0,0,0,0,0,0,0,0,0,0,0,0,0,0,0,,
Moldova,MDA,--,--,--,--,--,--,--,--,--,--,--,--,0,0,0,0,0,0,0,0,0,0,0,0,0.1,0,0,0,0,0,0,0,0,0,0,0,0,0,0,,
Madagascar,MDG,0,0,0,0,0,0,0,0,0,0,0,0,0,0,0,0,0,0,0,0,0,0,0,0,0,0,0,0,0,0,0,0,0,0,0,0,0,0,0,,
Maldives,MDV,0,0,0,0,0,0,0,0,0,0,0,0,0,0,0,0,0,0,0,0,0,0,0,0,0,0,0,0,0,0,0,0,0,0,0,0,0,0,0,,
Mexico,MEX,918.25,1225.419,1666.832,1717.573,1704.947,1602.682,1439.189,1505.418,1459.099,1427.054,1405.974,1511.335,1507.165,1481.269,1435.373,1429.194,1614.775,1814.837,1835.15,1677.19,1844.735,1872.586,1955.776,2114.12,2117.969,2021.419,2001.692,1808.194,1505.312,1311.739,1445.974,1420.714,1332.661,1270.305,1207.933,1210.134,1277.07,1264.147,1283.309,1150.781,1191.586
Middle East,MIDE,16362.586,13630.004,10385.596,8889.303,8266.358,7057.784,9029.223,8676.545,10110.38,11370.104,12240.842,12462.261,13441.547,14119.975,13696.863,13721.664,13681.431,14312.653,15410.475,15006.969,15951.961,15248.361,13824.259,15016.151,16496.228,16981.043,17025.343,16812.42,17329.811,15292.887,15582.679,17634.316,17555.576,17409.226,17024.699,17465.545,20238.34,19696.3,19856.042,0,
North Macedonia,MKD,--,--,--,--,--,--,--,--,--,--,--,--,0,0,0,0,0,0,0,0,0,0,0,0,0,0,0,0,0,0,0,0,0,0,0,0,0,0,0,,
Mali,MLI,0,0,0,0,0,0,0,0,0,0,0,0,0,0,0,0,0,0,0,0,0,0,0,0,0,0,0,0,0,0,0,0,0,0,0,0,0,0,0,,
Malta,MLT,0,0,0,0,0,0,0,0,0,0,0,0,0,0,0,0,0,0,0,0,0,0,0,0,0,0,0,0,0,0,0,0,0,0,0,0,0,0,0,,
Burma,MMR,0,0,0,0,0,0,0,0,0,0,0,0,0,0,0,0,0,0,0.122,0.422,1.843,3.314,5.563,0.623,3.589,3.279,2.239,2.846,1.491,1.888,1.29,0.937,2.838,2.899,2.94,1.906,2.787,4.852,4.697,,
Montenegro,MNE,--,--,--,--,--,--,--,--,--,--,--,--,--,--,--,--,--,--,--,--,--,--,--,--,--,--,0,0,0,0,0,0,0,0,0,0,0,0,0,,
Mongolia,MNG,0,0,0,0,0,0,0,0,0,0,0,0,0,0,0,0,0,0,0,0.2,0.18,0.2,0.38,0.5,0.6,0.54,0.92,2.22,2.9,5.32,5.68,7,9.78,14.36,18.86,22.28,21.9,20.58,14.65,,
Northern Mariana Islands,MNP,,,,,,,,,,,,,,,,,,,,,,,,,,,,,,,,,,,,,,NA,NA,,NA
Mozambique,MOZ,0,0,0,0,0,0,0,0,0,0,0,0,0,0,0,0,0,0,0,0,0,0,0,0,0.26,0.42,0.5,0.5,0.56,0.54,0.6,0.62,0.7,0.98,1.18,0,0,0,0,,
Mauritania,MRT,0,0,0,0,0,0,0,0,0,0,0,0,0,0,0,0,0,0,0,0,0,0,0,0,0,0,24.606,13.648,13.48,11.329,9.921,5.58,7.088,6.742,5.96,5.308,4.836,4.836,4.836,,
Montserrat,MSR,0,0,0,0,0,0,0,0,0,0,0,0,0,0,0,0,0,0,0,0,0,0,0,0,0,0,0,0,0,0,0,0,0,0,0,0,0,0,0,,
Martinique,MTQ,0,0,0,0,0,0,0,0,0,0,0,0,0,0,0,0,0,0,0,0,0,0,0,0,0,0,0,0,0,0,0,0,0,0,0,0,0,0,0,,
Mauritius,MUS,0,0,0,0,0,0,0,0,0,0,0,0,0,0,0,0,0,0,0,0,0,0,0,0,0,0,0,0,0,0,0,0,0,0,0,0,0,0,0,,
Malawi,MWI,0,0,0,0,0,0,0,0,0,0,0,0,0,0,0,0,0,0,0,0,0,0,0,0,0,0,0,0,0,0,0,0,0,0,0,0,0,0,0,,
Malaysia,MYS,239.991,214.278,252.965,300.481,356.8,362.3,382.216,380.865,415.423,446.383,445.721,468.823,458.248,434.784,390.879,389.594,367.553,351.859,388.749,388.065,350.541,375.773,377.483,397.641,380.418,376.481,352.586,338.086,310.684,344.128,347.911,243.636,247.038,229.949,248.728,333.698,335.198,302.768,303.647,,
Namibia,NAM,--,--,--,--,--,--,--,--,--,--,0,0,0,0,0,0,0,0,0,0,0,0,0.001,0,0.001,0.001,0.002,0.003,0.007,0.006,0.01,0.032,0.038,0.002,0.001,0,0,0,0,,
New Caledonia,NCL,0,0,0,0,0,0,0,0,0,0,0,0,0,0,0,0,0,0,0,0,0,0,0,0,0,0,0,0,0,0,0,0,0,0,0,0,0,0,0,,
Niger,NER,0,0,0,0,0,0,0,0,0,0,0,0,0,0,0,2.173,5.841,18.028,14.862,19.746,22.915,7.693,3.184,3.098,3.011,0.645,4.184,2.51,0.836,0,0,0,1.007,0,0,0,0,0,0,,
Nigeria,NGA,1938.087,1255.521,1059.912,1003.294,1155.267,1331.052,1270.294,1106.864,1183.846,1515.09,1523.434,1583.225,1632.053,1649.263,1632.858,1670.488,1907.318,2055.119,1886.3,1844.505,2086.055,2069.603,1797.339,2158.539,2368.81,2299.661,2211.852,2152.1,1961.286,2071.456,2321.521,2222.301,2287.508,2027.859,2120.096,2114.219,1847.376,1906.074,1889.062,,
Nicaragua,NIC,0,0,0,0,0,0,0,0,0,0,0,0,0,0,0,0,0,0,0,0,0,0,0,0,0,0,0,0,0,0,0,0,0,0,0,0,0,0,0,,
Niue,NIU,0,0,0,0,0,0,0,0,0,0,0,0,0,0,0,0,0,0,0,0,0,0,0,0,0,0,0,0,0,0,0,0,0,0,0,0,0,0,0,,
Netherlands,NLD,0,0,0,2.039,8.115,29.076,25.341,18.475,17.821,20.555,27.562,23.786,19.673,16.658,30.126,31.822,24.426,15.103,7.976,8.258,6.504,8.319,18.516,25.987,23.238,20.293,13.145,17.688,18.908,13.508,11.55,7.632,10.189,10.984,12.398,5.896,6.583,8.884,8.763,7.634,7.65
Netherlands Antilles,NLDA,19.581,9.781,11.737,12.774,3.912,1.956,1.956,10.798,11.737,9.781,13.693,13.693,10.759,18.29,19.464,19.757,19.953,0,0,0,0,0,0,0,0,0,0,0,0,0,0,0,0,0,0,0,0,0,0,,
North America,NOAM,1410.318,1616.447,2133.018,2191.153,2194.679,2234.566,2062.729,2156.447,2221.104,2099.916,2061.384,2272.664,2293.589,2366.304,2381.317,2430.542,2697.575,2965.238,3091.579,2842.538,3074.44,3040.368,3118.736,3357.677,3500.443,3554.779,3614.917,3321.289,3087.585,2870.466,3078.279,3275.686,3332.317,3621.908,3940.776,4162.257,4775.363,5343.381,6508.339,,
Non-OECD,NOEC,27702.692,23424.382,19443.322,18142.34,17938.54,16387.857,18678.747,17964.14,19792.486,21137.62,22257.869,22080.102,24966.527,25553.403,25251.653,25578.4,26201.06,27447.349,28713.273,27819.951,29499.255,29170.405,28416.657,30916.346,34063.302,35401.422,35460.721,35938.222,35777.6,34234.689,34613.276,35292.836,35535.464,34459.497,33601.71,34950.463,37602.149,37404.352,37291.415,,
Norway,NOR,400.719,370.075,375.204,484.34,578.102,623.441,697.141,822.351,941.165,1284.5,1344.813,1630.89,1841.735,1991.737,2259.824,2478.521,2795.667,2833.331,2713.755,2696.007,2894.92,2978.651,2821.721,2681.004,2504.652,2257.865,2019.885,1989.113,1838.453,1775.746,1599.956,1454.717,1314.035,1225.681,1293.728,1311.315,1398.362,1354.384,1242.501,1253.6,1493.658
Nepal,NPL,0,0,0,0,0,0,0,0,0,0,0,0,0,0,0,0,0,0,0,0,0,0,0,0,0,0,0,0,0,0,0,0,0,0,0,0,0,0,0,,
Nauru,NRU,0,0,0,0,0,0,0,0,0,0,0,0,0,0,0,0,0,0,0,0,0,0,0,0,0,0,0,0,0,0,0,0,0,0,0,0,0,0,0,,
New Zealand,NZL,0,0,0,0,0,6.118,3.695,2.019,6.363,8.783,17.769,19.889,17.861,21.1,22.716,19.303,24.667,33.801,31.075,28.45,24.506,25.603,22.07,18.132,14.539,12.559,13.629,32.468,51.207,45.936,47.289,41.11,35.501,29.561,33.902,34.75,30.348,27.037,21.605,21.602,17.924
OECD - Asia And Oceania,OEAO,0,0,0,0,16.25,95.043,85.29,90.903,108.878,83.977,125.755,165.472,159.522,178.838,167.148,195.052,186.948,212.821,244.118,228.47,333.361,417.748,408.298,332.235,275.786,242.527,203.629,268.676,285.883,298.396,323.141,340.48,297.714,266.111,258.011,265.017,245.774,222.857,219.323,288.003,
OECD,OECD,2877.514,3265.409,3960.213,4251.744,4574.928,4784.606,4893.272,5093.026,5080.109,4889.271,5065.101,5437.523,5701.35,6095.409,6773.817,7208.03,7735.744,8127.972,8326.386,8288.635,8792.785,8663.999,8629.818,8355.925,8118.319,7643.518,7298.127,7023.508,6616.716,6378.418,6501.696,6529.375,6394.583,6708.343,7038.076,7324.743,7773.586,8286.508,9364.715,,
OECD - Europe,OEEU,1467.196,1648.962,1827.195,2060.591,2363.999,2454.997,2642.641,2700.106,2605.698,2541.197,2685.89,2825.395,3066.302,3353.532,4034.5,4259.172,4523.251,4595.247,4535.709,4689.8,4990.997,4902.274,4808.852,4429.012,4119.518,3608.903,3250.366,3194.505,2933.948,2800.886,2562.707,2235.039,2059.135,2003.044,1997.251,2047.689,2127.75,2187.211,2155.736,2183.372,2263.727
OECD - North America,OENA,1410.318,1616.447,2133.018,2191.153,2194.679,2234.566,2062.729,2156.447,2221.104,2099.916,2061.384,2272.664,2293.589,2366.304,2381.317,2430.542,2697.575,2965.238,3091.579,2842.538,3074.44,3040.368,3118.736,3357.677,3500.443,3554.779,3614.917,3321.289,3087.585,2870.466,3078.279,3275.686,3332.317,3621.908,3940.776,4162.257,4775.363,5343.381,6508.339,7327.315,7383.891
Oman,OMN,286.9,328.765,334.7,362.9,379.7,463.5,513.557,539.916,570.5,591.78,626.424,641.506,687.478,729.847,740.872,781.129,812.225,837.679,827.002,846.05,890.499,870.597,838.859,763.028,720.914,724.133,655.547,608.209,598.152,663.155,730.57,742.084,768.417,838.167,804.25,832.015,879.508,806.027,778.989,,
OPEC - Africa,OPAF,4906.238,3399.431,2902.183,2832.056,2978.081,3133.047,3088.755,2724.68,2974.688,3386.492,3738.584,4025.841,4017.81,3996.177,4030.192,4206.179,4567.442,4749.051,4781.687,4573.348,4890.925,4807.241,4801.05,5452.714,6192.731,6529.89,6616.33,7035.892,6744.566,6737.08,6880.616,5678.459,6648.735,5687.723,5358.703,5383.648,5219.768,5545.624,5651.928,,
OPEC,OPEC,21687.23,17470.303,13589.606,11969.66,11446.491,10193.877,12172.867,11544.51,13070.351,14521.895,15899.568,16515.194,17353.699,18160.161,17753.613,18000.825,18429.05,19451.848,20418.507,19426.085,20663.787,19787.901,18190.158,20085.941,22439.033,23705.23,23773.964,23880.08,24081.095,21947.218,22347.719,23334.912,24296.783,23260.018,22455.044,23158.085,25008.913,24781.951,24467.258,,
Non-OPEC,OPNO,8892.976,9219.488,9813.929,10424.424,11066.977,10978.586,11399.152,11512.656,11802.244,11504.996,11423.402,11002.431,13314.178,13488.651,14271.857,14785.605,15507.754,16123.473,16621.152,16682.501,17628.253,18046.503,18856.317,19186.33,19742.588,19339.71,18984.884,19081.65,18313.221,18665.889,18767.253,18487.299,17633.264,17907.822,18184.742,19117.121,20366.822,20908.909,22188.872,,
OPEC - South America,OPSA,1289.831,1263.116,1057.779,993.897,1017.342,828.676,931.424,1029.459,1013.485,963.452,1229.871,1379.014,1335.809,1619.559,1696.4,1819.9,1976.4,2285.602,2243.9,1923,2003.5,1942.181,1792.554,1646.852,1836,2243.9,2021.473,1835.022,1840.637,1697.004,1729.786,1785.234,1740.875,1856.555,1728.84,1872.431,1644.857,1509.858,1002.677,,
Pakistan,PAK,0,0,0,0,0,0,0,0,0,2.882,5.462,6.848,7.39,8.937,5.844,6.165,5.788,4.64,4.559,8.716,7.13,8.696,4.82,2.209,0.821,0,0,0,0,0,0,0,0,1.346,9.519,6.185,3.893,7.87,7.788,,
Panama,PAN,0,0,0,0,0,0,0,0,0,0,0,0,0,0,0,0,0,0,0,0,0,0,0,0,0,0,0,0,0,0,0,0,0,0,0,0,0,0,0,,
Peru,PER,47.343,42.146,42.166,22.961,20.301,25.62,13.297,3.106,5.075,0.995,2.984,1.035,0.853,0,0,28.117,37.355,45.617,42.998,29.132,13.663,18.779,21.519,29.011,16.728,12.952,23.956,27.508,18.129,19.164,19.002,16.343,15.673,14.739,15.571,7.999,2.327,1.583,6.514,,
Persian Gulf,PERG,15956.634,13197.383,9951.257,8416.495,7790.579,6510.986,8456.808,8024.368,9340.031,10504.287,11271.328,11442.165,12358.349,12883.415,12348.164,12300.214,12242.991,12849.132,13952.893,13497.704,14376.287,13648.841,12159.42,13570.931,15253.222,15767.347,15963.694,15826.726,16379.158,14300.927,14512.499,16648.816,16666.07,16469.166,16135.097,16597.387,19358.832,18890.273,19077.053,,
Philippines,PHL,0,0,0,0,0,0,0,0,0,0,0,0,6.502,5.694,3.635,1.898,0.014,0.136,0.257,0.129,0.488,0.848,9.187,13.428,12.176,15.406,14.154,15.891,16.739,20.192,18.799,18.758,15.124,13.872,17.668,15.588,14.57,13.013,12.414,,
Papua New Guinea,PNG,0,0,0,0,0,0,0,0,0,0,0,0,0,0,0,0,0,0,0,0,0,0,0,0,0,0,0,0,0,0,0,0,0,0,0,0,60.255,55.76,60.319,,
Poland,POL,0,0,0,0,0,0,0,0,0,0,0,0,0,0,0,0,0.02,0,0,0,2.598,8.884,10.035,3.251,2.779,4.361,5.694,5.815,4.974,4.563,4.26,5.896,4.249,8.137,8.481,5.129,4.523,4.442,5.977,4.938,3.965
Puerto Rico,PRI,0,0,0,0,0,0,0,0,0,0,0,0,0,0,0,0,0,0,0,0,0,0,0,0,0,0,0,0,0,0,0,0,0,0,0,0,0,0,0,,
North Korea,PRK,0,0,0,0,0,0,0,0,0,0,0,0,0,0,0,0,0,0,0,0,0,0,0,0,0,0,0,0,0,0,0,0,0,0,0,0,0,0,0,,
Portugal,PRT,0,0,0,0,0,0,0,0,0,0,0,0,0,0,0,0,0,0,0,0,0,0,0,0,0,0,0,0,0,0,0,0,0,0,0,0,0,0,0,0,0
Paraguay,PRY,0,0,0,0,0,0,0,0,0,0,0,0,0,0,0,0,0,0,0,0,0,0,0,0,0,0,0,0,0,0,0,0,0,0,0,0,0,0,0,,
Palestinian Territories,PSE,--,--,--,--,--,--,--,--,--,--,--,--,--,--,--,--,--,0,0,0,0,0,0,0,0,0,0,0,0,0,0,0,0,0,0,0,0,0,0,,
French Polynesia,PYF,0,0,0,0,0,0,0,0,0,0,0,0,0,0,0,0,0,0,0,0,0,0,0,0,0,0,0,0,0,0,0,0,0,0,0,0,0,0,0,,
Qatar,QAT,465.473,389.627,321.613,272.788,339.511,278.832,304.12,233.997,257.853,332.336,339.389,331.623,357.686,338.028,320.164,324.471,357.278,431.923,557.744,566.214,605.519,608.893,562.184,582.92,692.515,685.371,679.065,669.574,734.223,635.59,624.084,627.483,625.735,610.441,613.104,545.708,1214.544,1163.804,1264.4,,
Reunion,REU,0,0,0,0,0,0,0,0,0,0,0,0,0,0,0,0,0,0,0,0,0,0,0,0,0,0,0,0,0,0,0,0,0,0,,,0,0,0,,
Romania,ROU,0,0,0,0,0,0,0,0,0,0,0,0,0.039,0.092,0.063,0.033,0.295,0.059,0.236,0.577,0.385,0.398,0.642,0.886,1.254,1.622,1.521,0.974,1.203,1.021,0.978,0.937,0.974,1.203,1.021,0.978,1.881,2,1.439,,
Russia,RUS,--,--,--,--,--,--,--,--,--,--,--,--,2844.109,2549.318,2531.228,2476.938,2534.975,2552.004,2741.192,2713.999,2986.067,3276.258,3837.251,4565.688,5190.849,5094.81,5037.376,5178.935,4843.359,4997.259,4990.569,4942.769,4759.196,4700.276,4499.658,4937.314,5079.908,5040.462,5195.987,,
Rwanda,RWA,0,0,0,0,0,0,0,0,0,0,0,0,0,0,0,0,0,0,0,0,0,0,0,0,0,0,0,0,0,0,0,0,0,0,0,0,0,0,0,,
Saudi Arabia,SAU,9266.295,9076.303,5674.161,4044.505,3457.714,2242.549,3548.685,2594.508,3282.941,3461.642,4726.176,6576.327,6613.051,6462.491,6226.251,6283.369,6107.682,6143.096,6226.717,5855.161,6248.538,6036.997,5362.693,6449.33,6897.773,7298.067,7060.891,6908.886,7104.545,5976.539,5979.241,7076.527,7396.81,7553.337,7119.58,7241.955,7599.336,7120.41,7340.811,,
Former Serbia and Montenegro,SCG,--,--,--,--,--,--,--,--,--,--,--,--,0,0,0,0,0,0,0,0,0,0,0,0,0,0,--,--,--,--,--,--,--,--,--,--,--,--,--,,--
Sudan,SDN,0,0,0,0,0,0,0,0,0,0,0,0,0,0,0,0,0,0,0,33.44,132.44,153.94,178.92,206.22,234.86,235.72,251.4,374.04,367.82,370.7,362.3,362.9,45.18,53.142,55.059,38.687,6.841,6.3,12.86,,
Senegal,SEN,0,0,0,0,0,0,0,0,0,0,0,0,0,0,0,0,1.79,0.896,0.001,0.177,2.024,1.521,2.059,3.54,2.793,4.805,2.245,3.58,2.778,1.977,0.991,0.005,0.019,1.21,0.42,0.367,0,0,0,,
Singapore,SGP,6.806,1.007,5.558,9.364,6.685,4.007,3.705,2.101,0.497,2.564,0.382,0.02,0.441,0.883,1.325,0.12,1.262,2.711,0.02,0.882,0.502,0.121,2.377,1.199,0.02,3.343,3.846,1.893,6.786,11.679,9.464,6.425,7.371,8.351,11.538,14.881,14.68,15.4,12.97,,
Saint Helena,SHN,0,0,0,0,0,0,0,0,0,0,0,0,0,0,0,0,0,0,0,0,0,0,0,0,0,0,0,0,0,0,0,0,0,0,0,0,0,0,0,,
Solomon Islands,SLB,0,0,0,0,0,0,0,0,0,0,0,0,0,0,0,0,0,0,0,0,0,0,0,0,0,0,0,0,0,0,0,0,0,0,0,0,0,0,0,,
Sierra Leone,SLE,0,0,0,0,0,0,0,0,0,0,0,0,0,0,0,0,0,0,0,0,0,0,0,0,0,0,0,0,0,0,0,0,0,0,0,0,0,0,0,,
El Salvador,SLV,0,0,0,0,0,0,0,0,0,0,0,0,0,0,0,0,0,0,0,0,0,0,0,0,0,0,0,0,0,0,0,0,0,0,0,0,0,0,0,,
Somalia,SOM,0,0,0,0,0,0,0,0,0,0,0,0,0,0,0,0,0,0,0,0,0,0,0,0,0,0,0,0,0,0,0,0,0,0,0,0,0,0,0,,
Saint Pierre and Miquelon,SPM,0,0,0,0,0,0,0,0,0,0,0,0,0,0,0,0,0,0,0,0,0,0,0,0,0,0,0,0,0,0,0,0,0,0,0,0,0,0,0,,
Serbia,SRB,--,--,--,--,--,--,--,--,--,--,--,--,--,--,--,--,--,--,--,--,--,--,--,--,--,--,0,0,0,0,0,0,0,0,0,0,0.183,0.128,0.183,,
South Sudan,SSD,--,--,--,--,--,--,--,--,--,--,--,--,--,--,--,--,--,--,--,--,--,--,--,--,--,--,--,--,--,--,--,--,31,98.76,154.98,147.26,152,116.42,126.52,,
Sao Tome and Principe,STP,0,0,0,0,0,0,0,0,0,0,0,0,0,0,0,0,0,0,0,0,0,0,0,0,0,0,0,0,0,0,0,0,0,0,0,0,0,0,0,,
Former U.S.S.R.,SUN,2373,2350,2418,2610,2685,2340,2654,2732,2878,2540,2170,1205,--,--,--,--,--,--,--,--,--,--,--,--,--,--,--,--,--,--,--,--,--,--,--,--,--,--,--,,--
Suriname,SUR,0,0,0,0,0,0,0,0,0,0,0,0,0,0,0,0,0,0,0,0,0,0,0,0,0,0,0,0,0,0,0,0,0,0,0,0,0,0,0,,
Slovakia,SVK,--,--,--,--,--,--,--,--,--,--,--,--,--,0.323,0,0,0,0,0,0.485,0.302,0.343,0.283,0.343,2.175,0.666,0.565,0.444,0.946,0.303,0.262,0.303,0.242,0.202,0.182,0.202,0.182,1.131,0.101,0.056,0
Slovenia,SVN,--,--,--,--,--,--,--,--,--,--,--,--,0,0,0,0,0,0,0,0,0,0,0.02,0,0,0,0,0,0,0,0,0,0,0,0,0,0,0,0,0,0
Sweden,SWE,1.772,0.081,1.595,0,0,1.898,2.686,2.827,2.437,2.807,0,1.696,0.02,0.101,0,5.23,0,0,0,0,0,0,0,0,0,0,0,0.666,0,0,0,0.666,0.584,0,0,0,0,14.571,0,5.081,1.001
Eswatini,SWZ,0,0,0,0,0,0,0,0,0,0,0,0,0,0,0,0,0,0,0,0,0,0,0,0,0,0,0,0,0,0,0,0,0,0,0,0,0,0,0,,
Seychelles,SYC,0,0,0,0,0,0,0,0,0,0,0,0,0,0,0,0,0,0,0,0,0,0,0,0,0,0,0,0,0,0,0,0,0,0,0,0,0,0,0,,
Syria,SYR,119.052,103.856,99.639,109.908,96.079,83.298,58.858,82.199,135.31,192.932,231.969,237.452,272.492,339.489,341.638,368.93,349.337,336.417,334.85,353.487,332.133,393.872,488.037,358.347,227.971,204.818,162.103,153.388,156.814,144.029,163.429,107.078,3.308,2.285,1.261,0,0,0,0,,
Turks and Caicos Islands,TCA,0,0,0,0,0,0,0,0,0,0,0,0,0,0,0,0,0,0,0,0,0,0,0,0,0,0,0,0,0,0,0,0,0,0,0,0,0,0,0,,
Chad,TCD,0,0,0,0,0,0,0,0,0,0,0,0,0,0,0,0,0,0,0,0,0,0,0.002,1.432,97.921,101.476,110.828,106.465,109.565,101.958,92.394,98.335,69.157,79.195,67.803,115.68,115.683,102,116,,
Togo,TGO,0,0,0,0,0,0,0,0,0,0,0,0,0,0,0,0,0,0,0,0,0,0,0,0,0,0,0,0,0,0,0,0,0,0,0,0,0,0,0,,
Thailand,THA,0,0,0,0,0,0,0,0,0,16.837,18.076,20.339,17.293,12.158,19.833,15.358,18.025,25.4,22.182,21.256,30.161,36.69,48.9,60.809,56.617,65.769,66.673,49.964,47.825,42.976,29.541,32.533,41.096,27.292,11.124,2.302,30.879,32.687,28.621,,
Tajikistan,TJK,--,--,--,--,--,--,--,--,--,--,--,--,0,0.001,0.2,0,0,0,0.098,0.117,0.065,0.06,0.114,0.073,0.08,0.102,0.121,0.06,0.04,0.08,0.08,0,0,0.08,0.068,0.068,0,0,0,,
Turkmenistan,TKM,--,--,--,--,--,--,--,--,--,--,--,--,12.8,8.053,1.406,5.364,4.005,28.115,32.132,30.123,32.044,45.185,56.431,59.644,60.082,50.406,30.123,38.156,48.066,40.164,26.107,46.189,62.085,72.296,64.263,69.284,48.596,66.807,59.93,,
Timor-Leste,TLS,--,--,--,--,--,--,--,--,--,--,--,--,--,--,--,--,--,--,--,--,--,--,--,0,1.925,3.051,0.101,0.079,0.1,0.096,0.702,0.759,12.838,12.457,1.149,13.476,49.24,40.32,32.907,,
Tonga,TON,0,0,0,0,0,0,0,0,0,0,0,0,0,0,0,0,0,0,0,0,0,0,0,0,0,0,0,0,0,0,0,0,0,0,0,0,0,0,0,,
Trinidad and Tobago,TTO,121.912,112.524,91.574,82.186,89.053,93.922,89.189,76.192,74.544,73.205,75.281,72.488,76.522,59.569,60.17,58.502,58.774,49.502,51.383,55.612,52.431,48.493,68.356,70.296,58.987,72.488,72.022,59.375,53.944,53.575,45.312,38.581,30.783,34.159,32.607,31.016,28.045,27.326,22.067,,
Tunisia,TUN,97.105,105.153,81.072,74.941,80.503,78.965,84.021,76.71,68.894,67.419,68.999,71.844,81.471,70.558,66.914,69.525,63.507,56.15,60.046,65.536,60.356,55.266,58.379,49.362,54.715,56.993,53.941,78.3,71.417,66.793,73.782,53.78,51.911,43.819,44.201,36.108,38.627,35.46,29.449,,
Turkiye,TUR,0,0,0,0,0,0,0,0,0,0,0,0,0,0,0,0,0,0,0,0,0,0,0,0,0,0,0,0,0,0,0,0,0,0,0,0,0,0,0,0,0
Tuvalu,TUV,,,,,,,,,,,,,,,,,,,,,,,,,,,,,,,,,,,,,,NA,NA,,NA
Taiwan,TWN,0,0,0,0,0,0,0,0,0,0,0,0,0,0.02,0,0,0,0,0,0,0,0,0,0,0,0,0,0,0,0,0,0,0,0,0,0,0,0,0,,
Tanzania,TZA,0,0,0,0,0,0,0,0,0,0,0,0,0,0,0,0,0,0,0,0,0,0,0,0,0,0,0,0,0,0,0,0,0,0,0,0,0,0,0,,
Uganda,UGA,0,0,0,0,0,0,0,0,0,0,0,0,0,0,0,0,0,0,0,0,0,0,0,0,0,0,0,0,0,0,0,0,0,0,0,0,0,0,0,,
Ukraine,UKR,--,--,--,--,--,--,--,--,--,--,--,--,8.968,4.663,7.821,14.2,4.189,5.663,4.073,3.664,6.105,1.66,8.37,25.186,8.54,5.825,6.632,9.16,5.375,1.378,1.102,0.007,1.167,0.35,0.826,0.16,0.451,1.631,0.747,,
Uruguay,URY,0,0,0,0,0,0,0,0,0,0,0,0,0,0,0,0,0,0,0,0,0,0,0,0,0,0,0,0,0,0,0,0,0,0,0,0,0,0,0,,
United States,USA,287,228,236,164,181,204,154,151,155,142,109,116,89,98,99,95,110,108,110,118,50,20,9,12,27,32,25,27,29,44,42,47,67,134,351,465,591,1157.584,2048.055,2981.768,3175.309
U.S. Pacific Islands,USIQ,0,0,0,0,0,0,0,0,0,0,0,0,0,0,0,0,0,0,0,0,0,0,0,0,0,0,0,0,0,0,0,0,0,0,0,0,0,0,0,,
Uzbekistan,UZB,--,--,--,--,--,--,--,--,--,--,--,--,0,2.14,0.32,11.62,15.66,18.26,16.74,11.46,0,0,0,0,0,0,0,0,0,0,0,0,0,0,0,0,0,0,0,,
Saint Vincent/Grenadines,VCT,0,0,0,0,0,0,0,0,0,0,0,0,0,0,0,0,0,0,0,0,0,0,0,0,0,0,0,0,0,0,0,0,0,0,0,0,0,0,0,,
Venezuela,VEN,1289.831,1263.116,1057.779,993.897,1017.342,828.676,931.424,1029.459,1013.485,963.452,1229.871,1379.014,1335.809,1619.559,1696.4,1819.9,1976.4,2285.602,2243.9,1923,2003.5,1942.181,1792.554,1646.852,1836,2243.9,2021.473,1835.022,1840.637,1697.004,1729.786,1785.234,1740.875,1856.555,1728.84,1872.431,1644.857,1509.858,1002.677,,
British Virgin Islands,VGB,0,0,0,0,0,0,0,0,0,0,0,0,0,0,0,0,0,0,0,0,0,0,0,0,0,0,0,0,0,0,0,0,0,0,0,0,0,0,0,,
U.S. Virgin Islands,VIR,0,0,0,0,0,0,0,0,0,0,0,0,0,0,0,0,0,0,0,0,0,0,0,0,0,0,0,0,0,0,0,0,0,0,0,0,0,0,0,,
Vietnam,VNM,0,0,0,0,0,0,0,0,13.62,29.8,53.318,78.662,109.069,126.759,138.587,153.669,174.338,193.552,243.898,298.863,308.891,336.015,338.907,349.691,390.553,360.817,330.191,302.478,275.422,268.559,162.103,165.477,189.418,172.064,186.885,185.198,132.505,132.053,66.88,,
Vanuatu,VUT,0,0,0,0,0,0,0,0,0,0,0,0,0,0,0,0,0,0,0,0,0,0,0,0,0,0,0,0,0,0,0,0,0,0,0,0,0,0,0,,
Wake Island,WAK,0,0,0,0,0,0,0,0,0,0,0,0,0,0,0,0,0,0,0,0,0,0,0,0,0,0,0,0,0,0,0,0,0,0,0,0,0,0,0,,
World,WORL,30580.206,26689.791,23403.535,22394.084,22513.468,21172.463,23572.019,23057.166,24872.595,26026.891,27322.97,27517.625,30667.877,31648.812,32025.47,32786.43,33936.804,35575.321,37039.659,36108.586,38292.04,37834.404,37046.475,39272.271,42181.621,43044.94,42758.848,42961.73,42394.316,40613.107,41114.972,41822.211,41930.047,41167.84,40639.786,42275.206,45375.735,45690.86,46656.13,,
Australia and New Zealand,WP11,0,0,0,0,16.25,95.043,85.29,90.903,108.878,83.977,125.755,165.472,159.522,178.838,167.148,195.052,186.948,212.821,244.118,228.47,333.361,417.748,408.298,332.235,275.771,242.523,203.613,268.671,285.879,298.394,323.129,340.473,297.7,266.108,258.011,265.017,245.774,222.857,219.323,288.003,269.748
IEO - Africa,WP12,5428.078,3964.097,3458.547,3394.148,3629.964,3837.154,3732.62,3428.169,3631.883,4059.778,4398.62,4668.889,4677.71,4622.432,4620.097,4762.329,5140.181,5292.298,5304.335,5129.289,5483.568,5309.026,5321.166,5965.808,6772.468,7137.222,7310.43,7869.01,7564.578,7556.83,7732.425,6593.673,7243.301,6418.21,6155.89,6238.78,5991.441,6322.316,6445.246,,
Brazil,WP13,1.174,14.495,21.753,0.998,0,0,0,0,3.72,0.002,1.862,2.234,1.415,1.436,1.456,1.36,2.083,2.611,1.434,0.602,18.687,110.821,235.075,241.881,245.575,274.522,368.057,421.492,433.271,525.896,631.785,604.8,533.609,397.322,519.15,737.083,844.925,996.569,1123.314,,
Canada,WP14,205.068,163.028,230.186,309.58,308.732,427.884,469.54,500.029,607.005,530.862,546.41,645.329,697.424,787.035,846.944,906.348,972.8,1042.401,1146.429,1047.348,1179.705,1147.782,1153.96,1231.557,1355.474,1501.36,1588.225,1486.095,1553.273,1514.727,1590.305,1807.972,1932.656,2217.603,2381.843,2487.123,2907.293,2921.65,3176.975,3194.766,3016.996
China,WP15,266.909,275.834,304.913,304.713,447.082,602.245,571.522,545.992,522.327,489.096,481.115,453.198,431.379,389.765,370.833,365.539,409.178,397.667,312.855,143.733,206.402,151.621,153.93,163.328,109.99,162.003,127.261,77.999,84.876,101.877,60.849,50.487,48.706,32.473,12.049,57.556,58.651,97.214,52.532,,
India,WP16,0,0,0,0,0,0,0,0,0,0.42,1.789,1.018,1.692,2.127,1.016,0.423,0.588,1.834,0.524,0.571,2.059,3.546,0.004,1.807,1.896,4.091,4.153,2.836,1.149,0.109,0.939,0.418,2.304,0.005,0.709,1.31,0,0,0,,
Japan,WP17,0,0,0,0,0,0,0,0,0,0,0,0,0,0,0,0,0,0,0,0,0,0,0,0,0,0,0,0,0,0,0,0,0,0,0,0,0,0,0,0,0
Mexico,WP18,918.25,1225.419,1666.832,1717.573,1704.947,1602.682,1541.801,1650.988,1603.528,1591.235,1598.046,1685.327,1689.102,1678.004,1626.225,1752.458,1942.745,2169.503,2290.13,2205.017,2238.722,2176.195,2249.708,2351.121,2340.541,2258.728,2230.907,2047.232,1814.612,1720.409,1983.543,2098.884,2038.078,2087.585,2049.971,2059.914,1901.769,1797.206,1764.626,1150.781,
IEO - Middle East,WP19,16362.586,13630.004,10385.596,8889.303,8266.358,7057.784,9029.223,8676.545,10110.38,11370.104,12240.842,12462.261,13441.547,14119.975,13696.863,13721.664,13681.431,14312.653,15410.475,15006.969,15951.961,15248.361,13824.259,15016.151,16496.228,16981.043,17025.343,16812.42,17329.811,15292.887,15582.679,17634.316,17555.576,17409.226,17024.699,17465.545,20238.34,19696.3,19856.042,,
Western Europe,WP21,1467.196,1648.962,1827.195,2060.591,2363.999,2454.997,2642.641,2700.106,2605.698,2541.197,2685.89,2825.395,3066.302,3353.532,4034.5,4259.172,4523.251,4595.247,4535.709,4689.8,4990.997,4902.274,4808.852,4429.012,4119.518,3608.903,3250.366,3194.505,2933.948,2800.886,2562.707,2235.039,2059.135,2003.044,1997.251,2047.689,2127.75,2187.211,2155.736,2183.372,2263.727
Other Americas,WP22,1593.531,1558.637,1327.148,1289.099,1306.621,1154.581,1238.793,1248.332,1304.713,1238.65,1514.029,1673.506,1672.665,2009.24,2223.748,2468.518,2676.533,2986.346,2932.049,2534.382,2612.09,2565.266,2413.031,2260.568,2451.942,2865.141,2604.675,2350.669,2356.615,2219.643,2222.814,2268.754,2242.846,2373.158,2288.072,2417.497,2093.205,1927.512,1448.325,,
Other Asia-Pacific,WP23,1677.414,1631.315,1527.365,1654.079,1603.515,1396.093,1452.589,1333.102,1331.463,1431.57,1441.68,1600.963,1564.825,1501.781,1599.589,1537.004,1488.75,1500.617,1547.006,1651.067,1489.418,1609.924,1576.671,1554.554,1517.348,1439.943,1278.405,1244.268,1127.137,1208.538,1084.186,972.369,977.203,926.813,917.418,1025.175,1125.674,1017.783,851.94,,
Eastern Europe and Eurasia,WP24,2373,2350,2418,2610,2685,2340,2654,2732,2888,2548,2177.932,1218.033,331.185,357.329,206.823,244.625,267.341,401.319,463.403,639.339,749.003,895.582,1055.27,1146.561,1277.006,1442.647,1705.021,1980.593,2036.804,2331.65,2307.03,2225.25,2172.723,2202.014,2184.065,2070.203,2170.005,2306.196,2318.029,,
Russia,WP25,,,,,,,,,,,,,2844.109,2549.318,2531.228,2476.938,2534.975,2552.004,2741.192,2713.999,2986.067,3276.258,3837.251,4565.688,5190.849,5094.81,5037.376,5178.935,4843.359,4997.259,4990.569,4942.769,4759.196,4700.276,4499.658,4937.314,5079.908,5040.462,5195.987,,
South Korea and other OECD Asia,WP26,0,0,0,0,0,0,0,0,0,0,0,0,0,0,0,0,0,0,0,0,0,0,0,0,0.015,0.004,0.016,0.005,0.004,0.002,0.012,0.007,0.014,0.003,0,0,0,0,0,0,
United States,WP27,287,228,236,164,181,204,154,151,155,142,109,116,89,98,99,95,110,108,110,118,50,20,9,12,27,32,25,27,29,44,42,47,67,134,351,465,591,1157.584,2048.055,2981.768,3175.309
Samoa,WSM,0,0,0,0,0,0,0,0,0,0,0,0,0,0,0,0,0,0,0,0,0,0,0,0,0,0,0,0,0,0,0,0,0,0,0,0,0,0,0,,
Kosovo,XKS,--,--,--,--,--,--,--,--,--,--,--,--,--,--,--,--,--,--,--,--,--,--,--,--,--,--,--,--,0,0,0,0,0,0,0,0,0,0,0,,
Yemen,YEM,0,0,0,0,0,0,0,30.062,64.539,81.105,111.121,141.138,123.228,167.224,266.189,271.391,276.878,289.425,295.73,309.728,353.042,335.051,337.943,323.845,294.121,284.745,243.999,224.097,195.687,184.776,176.181,136.338,117.781,99.608,84.091,36.143,0,0,0,,
Former Yugoslavia,YUG,0,0,0,0,0,0,0,0,10,8,7.932,13.033,--,--,--,--,--,--,--,--,--,--,--,--,--,--,--,--,--,--,--,--,--,--,--,--,--,--,--,,--
South Africa,ZAF,0,0,0,0,0,0,0,0,0,0,0,0,1.7,6.26,4.06,1.74,0.04,6.828,13.616,9.561,8.057,5.382,2.129,0.68,0.996,0.217,9.76,6.121,2.602,5.359,3.334,6.041,3.8,0.505,3.293,5.531,9.021,9.046,9.046,,
Zambia,ZMB,0,0,0,0,0,0,0,0,0,0,0,0,0,0,0,0,0,0,0,0,0,0,0,0,0,0,0,0,0,0,0,0,0,0,0,0,0,0,0,,
Zimbabwe,ZWE,0,0,0,0,0,0,0,0,0,0,0,0,0,0,0,0,0,0,0,0,0,0,0,0,0,0,0,0,0,0,0,0,0,0,0,0,0,0,0,,
