Country,Code,1980,1981,1982,1983,1984,1985,1986,1987,1988,1989,1990,1991,1992,1993,1994,1995,1996,1997,1998,1999,2000,2001,2002,2003,2004,2005,2006,2007,2008,2009,2010,2011,2012,2013,2014
Aruba,ABW,--,--,--,--,--,--,0,0,0,0.2,0.04298,0.07386,0.07171,0.1,0.4,0.4,0.4,0.5,0.5,0.5,0.8,0.8,0.8,0.9,0.9,1,1,0.7,0.3,0.3,0.3,0.3,0.3,NA,NA
Afghanistan,AFG,NA,NA,NA,NA,NA,NA,0,0,0.03169,0,0,0,0,0,0,0,0,0,0,0,0,0,0,0,0,0,0,0,0,0,0,0,0,NA,NA
Africa,AFRC,NA,NA,NA,NA,NA,NA,93.1,100.2,108.2,114.6,117.1,123.2,133.9,145.8,120,134.3,126.9,160,177.5,181.3,219.5,236.6,243.8,227.7,233.2,258.9,278.8,310.5,337.1,343.7,366.7,359.2,307.2,NA,NA
Angola,AGO,NA,NA,NA,NA,NA,NA,0.6,0.6,0.7,0.7,0.7,0.7,0.7,0.7,0.7,0.7,0.8,1.3,1.9,1.8,1.8,2.2,2.5,2.7,2.6,2.8,3.2,5.4,4.6,5.3,4.7,4.8,4.8,NA,NA
Albania,ALB,NA,NA,NA,NA,NA,NA,0.3,0.2,0.1,0.1,0.084,0.02538,0.02626,0.02158,0.01491,0.0139,0.01284,0.01172,0.9,0.00809959452054794,1,0.9,1.2,1.3,1.5,1.6,2.2,2.6,2.4,1.4,3.1,3.2,2.8,NA,NA
United Arab Emirates,ARE,2.662552513,6.2,7.7,13,12,12,15,16,15,18,20,22,25,28,23,25,26,27,32,33,26,29,32,40,38,29,28,31,37,53,49,52,48,NA,NA
Argentina,ARG,NA,NA,NA,NA,NA,NA,43,32,48,41,42,46,50,48,51,56,46,50,55,58,50,71,66,77,86,84,98,103,89,78,85,71,93,NA,NA
Armenia,ARM,--,--,--,--,--,--,--,--,--,--,--,--,0.3,0.1,0.03169,0.03169,0.03169,0.03178,0.03178,0.0317808219178082,0.0316939890710383,0.0317808219178082,0.0317808219178082,0.0317808219178082,0.0316939890710383,0,0.03,0.4,0.3,0.2,0.2,0.2,0.2,NA,NA
American Samoa,ASM,NA,NA,NA,NA,NA,NA,0,0,0,0.03178,0.03178,0.03178,0.03169,0.03178,0.03178,0.03178,0.03169,0.03178,0.03178,0.031780822,0.031693989,0.031780822,0.031780822,0.031780822,0.031693989,0.031780822,0.05,0.07,0,0.05,0.05,0,0,NA,NA
Asia & Oceania,ASOC,NA,NA,NA,NA,NA,NA,NA,942.9,933.3,1056.8,1095.7,1118.6,1210.6,1291.7,1339.4,1429.6,1561.7,1648.7,1704.9,1774.2,1907.3,1934.3,2017.9,2101.4,2194.3,2248.8,2406.3,2437.9,2356.8,2396.8,2607.6,2715.6,2810.7,NA,NA
Antarctica,ATA,NA,NA,NA,NA,NA,NA,0,0,0,0,0,0,0,0,0,0,0,0,0,0,0,0,0,0,0,0,0,0,0,0,0,0,0,NA,NA
Antigua and Barbuda,ATG,NA,NA,NA,NA,NA,NA,0.06356,0.06356,0.06338,0.06356,0.06356,0.06356,0.06338,0.06356,0.06356,0.06356,0.06338,0.06356,0.06356,0.0635616438356164,0.0633879781420765,0.0635616438356164,0.0635616438356164,0.0635616438356164,0.0633879781420765,0.0635616438356164,0.0953424657534247,0.09534246576,0.098520547952,0.1,0.1,0.1,0.1,NA,NA
Australia,AUS,17.0585824,18,19,20,23,30,35,40,43,45,59,60,68,75,80,85,85,93,95,93,94,92,89,88,84,97,86,84,79,77,76,72,67,66,NA
Austria,AUT,3.74677279,3.7,3.3,3.3,2.7,3.3,3.6,3.7,5.1,3.7,4.2,5.2,5.2,5.4,5.6,5.9,5,4.2,4.6,4.8,5.4,4.5,5.4,5.6,5.6,7,5.8,5.8,5.5,5.8,6,5.2,4.1,3.5,NA
Azerbaijan,AZE,--,--,--,--,--,--,--,--,--,--,--,--,13,13,16,9.8,13,5.9,1.7,4.7,2.8,3.2,3.7,8.9,5.5,5.5,4.9,4.5,3,2.9,3,4.6,4.2,NA,NA
Burundi,BDI,NA,NA,NA,NA,NA,NA,0.00381,0.00413,0,0,0,0,0,0,0,0,0,0,0,0,0.0316939890710383,0.0317808219178082,0.0635616438356164,0.0635616438356164,0.0316939890710383,0.0635616438356164,0.0635616438356164,0.06356164384,0.057205479456,0.0635616438356164,0.0635616438356164,0.0635616438356164,0.0633879781420765,NA,NA
Belgium,BEL,15.54320631,15,14,12,15,14,14,16,15,16,14,17,21,18,20,18,19,21,21,17,18,19,16,13,11,10,11,21,20,32,33,43,43,52,NA
Benin,BEN,NA,NA,NA,NA,NA,NA,0.02005,0.02335,0,0,0,0,0,0,0,0,0,0.03178,0,0,0.0633879781420765,0.0635616438356164,0.0635616438356164,0.2,0.3,0.2,0.2,0.3,0.3,0.4,0.3,0.4,0.4,NA,NA
Burkina Faso,BFA,NA,NA,NA,NA,NA,NA,0.03178,0,0.03971,0.02827,0.05866,0.03178,0.03169,0.03178,0.03178,0.03178,0.03169,0.03178,0.03178,0.0317808219178082,0.0316939890710383,0.0317808219178082,0.0317808219178082,0.0317808219178082,0.0316939890710383,0.0317808219178082,0.3,0.6,0.8,0.7,0.8,0.7,0.7,NA,NA
Bangladesh,BGD,NA,NA,NA,NA,NA,NA,0.3,0.3,0.3,0.3,0.3,0.3,0.3,0.4,0.4,0.5,0.4,0.6,0.5,0.3,0.5,0.7,0.7,1.3,0.7,0.7,0.3,0.4,1.3,1.3,0.5,0.5,0.4,NA,NA
Bulgaria,BGR,NA,NA,NA,NA,NA,NA,2.6,2.7,2.6,3.3,2.8,2.5,2.7,2.1,2.3,2.5,4.5,2.9,2.5,3.6,7,9.4,11,11,11,11,13,12,12,13,12,12,13,NA,NA
Bahrain,BHR,NA,NA,NA,NA,NA,NA,0.6,0.6,1,1.3,0.7,1.1,0.7,0.3,0.3,0.7,0.6,1.1,1.2,1.3,0.4,1.3,1,1.1,1,1,1.2,1.3,1.5,1.6,1.5,1.6,1.6,NA,NA
The Bahamas,BHS,NA,NA,NA,NA,NA,NA,0.4,0.3,0.3,0.3,0.4,0.6,0.6,0.6,0.4,0.4,0.4,0.4,0.3,0.3,0.5,0.5,0.3,0.3,0.4,0.4,0.7,0.7,0.7,0.7,0.7,0.7,0.7,NA,NA
Bosnia and Herzegovina,BIH,--,--,--,--,--,--,--,--,--,--,--,--,2.4,1,0,0,0,0,0,0,0,0,0,0,0,0,1,0.9,0.9,0.9,2.5,2.5,2.5,NA,NA
Belarus,BLR,--,--,--,--,--,--,--,--,--,--,--,--,20,9.9,11,11,10,10,10,8.8,9.2,8.5,7.6,7.8,9.7,7.7,8.1,8.2,8.6,8,7.6,7.8,7.5,NA,NA
Belize,BLZ,NA,NA,NA,NA,NA,NA,0.00602,0.1,0.09099,0.09534,0.08,0.09534,0.09508,0.09534,0.09534,0.09534,0.1,0.3,0.3,0.3,0,0.4,0.5,0.5,0.6,0.6,0.6,0.5,0.5,0.5,0.5,0.5,0.5,NA,NA
Bermuda,BMU,NA,NA,NA,NA,NA,NA,0.09534,0.09534,0.09508,0.09534,0.1,0.4,0.3,0.2,0.3,0.3,0.3,0.3,0.3,0.3,0.3,0.3,0.3,0.4,0.4,0.3,0.4,0.2,0.1,0.0953424657534247,0.0635616438356164,0.0953424657534247,0.0950819672131148,NA,NA
Bolivia,BOL,NA,NA,NA,NA,NA,NA,3,5.8,5.4,4.6,5.6,5.7,6,6.4,6.9,7.1,7.9,9.2,9.8,9.3,8.6,8.6,9.2,9.5,10,11,11,11,13,11,12,11,12,NA,NA
Brazil,BRA,NA,NA,NA,NA,NA,NA,124,132,145,150,161,160,169,170,173,183,194,201,209,217,224,221,212,200,205,239,226,202,219,216,217,226,226,NA,NA
Barbados,BRB,NA,NA,NA,NA,NA,NA,0.3,0.3,0.00216,0.2,0.2,0.2,0.3,0.3,0.3,0.2,1.9,0.3,0.4,0.4,0.3,0.3,0.3,0.3,0.4,0.4,0.4,0,0.4,0.4,0.4,0.4,0.4,NA,NA
Brunei,BRN,NA,NA,NA,NA,NA,NA,0.2,0.03917,0.03915,0.03909,1,0.07539,0.01884,0.1,0.1,0.1,0.3,0.09413,0.5,0.6,0.6,0.8,0.6,0.6,0.5,0.7,0.5,0.5,0.5,0.5,0.5,0.5,0.5,NA,NA
Bhutan,BTN,NA,NA,NA,NA,NA,NA,0.06356,0.06356,0.06338,0.06356,0.1,0.1,0.1,0.1,0.2,0.2,0.2,0.09534,0.09534,0.0953424657534247,0.0950819672131148,0.0953424657534247,0.0953424657534247,0.0953424657534247,0.1,0.0953424657534247,0.1,0.2,0.2,0.2,0.2,0.2,0.2,NA,NA
Botswana,BWA,NA,NA,NA,NA,NA,NA,0.1,0,0.0421,0.2,0.4,0.5,0.6,0.5,0.5,0.5,0.5,0.3,0.5,0.5,0.9,1,1,1,0.9,1,1,1,1,1,1,1,1,NA,NA
Central African Republic,CAF,NA,NA,NA,NA,NA,NA,0,0,0,0,0,0,0,0,0,0,0,0,0,0,0,0,0,0,0,0,0,0,0,0,0,0,0,NA,NA
Canada,CAN,NA,NA,NA,NA,NA,NA,NA,NA,NA,NA,203,229,255,265,248,266,268,286,242,306,289,308,304,343,375,393,415,422,391,377,370,397,402,427,NA
Switzerland,CHE,2.868619537,2.8,3.7,3.8,4,4.7,0.5,5.3,5.7,5.1,5.1,5.8,5.1,5.7,5.5,5.2,5.8,6.6,7,6.5,6.3,6.2,6.8,6.3,6.8,6.4,6.8,5.9,6.6,6,6.2,5.7,5.5,5.6,NA
Chile,CHL,14.56780147,15,15,13,13,13,14,15,16,17,18,19,21,23,24,26,29,30,32,33,33,32,31,32,32,31,31,41,42,47,40,41,41,42,NA
China,CHN,NA,NA,NA,NA,NA,NA,54,62,76,90,88,93,117,127,191,207,262,291,375,362,461,460,521,587,658,649,727,740,676,695,724,756,767,NA,NA
Ivory Coast,CIV,NA,NA,NA,NA,NA,NA,0.7,0.6,0.7,0.8,0.8,0.8,0.8,1,1,1,1.2,2.2,2.5,2.5,1.6,1.2,2.3,2.5,2.5,2.2,3.3,3.3,5.7,5.7,4.2,3.1,3.4,NA,NA
Cameroon,CMR,NA,NA,NA,NA,NA,NA,0.04379,0.7,0.8,0.8,1,1,0.6,0.5,0.7,0.7,0.5,0.8,0.8,0.6,1,0.9,1.1,1.3,1.3,1.2,1.4,1.5,1.7,1.7,1.8,1.8,1.9,NA,NA
Congo-Kinshasa,COD,NA,NA,NA,NA,NA,NA,0.04124,0.02399,0.0436,0.04097,0.02178,0.4,0.4,0.4,0.4,0.07447,0.07734,0.4,0.4,0.0337247123287671,0.0336325683060109,0.0019438904109589,0,0,0,0,0,0,0,0,0,0,0,NA,NA
Congo-Brazzaville,COG,NA,NA,NA,NA,NA,NA,0.2,0.2,0.2,0.2,0.2,0.2,0.1,0.1,0.1,0.1,0.1,0.1,0.1,0.1,0.0421781912568306,0.0765925369863014,0.0751340438356164,0.1,0.2,0.2,0.2,0.3,0.3,0.4,0.4,0.4,0.4,NA,NA
Cook Islands,COK,NA,NA,NA,NA,NA,NA,0,0,0,0,0,0.009,0,0,0,0,0,0,0,0,0,0,0,0,0,0,0,0,0,0,0,0,0,NA,NA
Colombia,COL,NA,NA,NA,NA,NA,NA,11,12,12,14,14,14,16,17,18,14,21,22,17,21,25,24,24,21,19,21,22,22,22,21,19,17,18,NA,NA
Comoros,COM,NA,NA,NA,NA,NA,NA,0,0,0,0,0,0,0,0,0,0,0,0,0,0,0,0,0,0,0,0,0,0,0,0,0,0,0,NA,NA
Cabo Verde,CPV,NA,NA,NA,NA,NA,NA,0.09534,0.09534,0.1,0.1,0.1,0.1,0.1,0.1,0.1,0.1,0.2,0.2,0.2,0.2,0.2,0.2,0.2,0.2,0.3,0.3,0.3,0.3,0.3,0.4,0.4,0.4,0.4,NA,NA
Costa Rica,CRI,NA,NA,NA,NA,NA,NA,0.5,0.6,0.6,0.8,0.9,0.8,1,0.9,2,0.8,1.4,1.6,1.9,2.3,2.9,2.4,3.3,3.4,3.3,2.9,3.2,3.5,3.4,3.4,3.6,3.7,3.8,NA,NA
Central & South America,CSAM,NA,NA,NA,NA,NA,NA,266.4,276,312.9,315.9,334.3,350.7,364.2,382.6,407.1,413.4,439,455.4,469.6,504.3,518.2,533,521.8,506.1,538.3,547.6,574.7,622.9,641.6,603,629.7,629.9,673.3,NA,NA
Former Czechoslovakia,CSK,NA,NA,NA,NA,NA,NA,NA,NA,NA,NA,NA,NA,NA,--,--,--,--,--,--,--,--,--,--,--,--,--,--,--,--,--,--,--,--,--,--
Cuba,CUB,NA,NA,NA,NA,NA,NA,4.2,4.4,3.9,4.3,4.3,4.2,2.8,2.9,3.1,3,2.9,2.9,3.3,3.1,4.1,4.6,4.7,5.6,5.7,6.1,5.3,3.5,3.6,3.8,4.1,3.7,3.7,NA,NA
Cayman Islands,CYM,NA,NA,NA,NA,NA,NA,0.03178,0.06356,0.06338,0.06356,0.09534,0.06356,0.09508,0.09534,0.09534,0.09508,0.09508,0.09534,0.09534,0.0953424657534247,0.0950819672131148,0.0953424657534247,0.0953424657534247,0.0953424657534247,0.1,0.0953424657534247,0.1,0.2,0.2,0.0635616438356164,0.0635616438356164,0.0635616438356164,0.0635616438356164,NA,NA
Cyprus,CYP,NA,NA,NA,NA,NA,NA,1.4,1.5,1.6,1.5,1.6,1.6,1.8,1.6,1.5,1.5,1.6,1.6,1.6,1.4,1.7,1.7,1.7,1.8,1.8,1.5,1.7,1.6,1.7,1.6,1.6,1.7,1.7,NA,NA
Czechia,CZE,--,--,--,--,--,--,--,--,--,--,--,--,--,3.3,3.6,5.7,5.8,6.9,7.4,7.8,8.4,8.7,7.7,7.8,9,8.3,7.7,6.8,6.9,6,5.9,6,6.6,7.4,NA
East,DDR,NA,NA,NA,NA,NA,NA,NA,NA,NA,NA,NA,--,--,--,--,--,--,--,--,--,--,--,--,--,--,--,--,--,--,--,--,--,--,--,--
Germany,DEU,--,--,--,--,--,--,--,--,--,--,--,94,94,96,109,107,105,98,92,84,87,90,83,86,87,90,92,96,102,101,106,102,104,109,NA
West,DEUW,NA,NA,NA,NA,NA,NA,NA,NA,NA,NA,NA,--,--,--,--,--,--,--,--,--,--,--,--,--,--,--,--,--,--,--,--,--,--,--,--
Djibouti,DJI,NA,NA,NA,NA,NA,NA,0,0,0,0.2,0.2,0.2,0.2,0.2,0.2,0.2,0.2,0.2,0.2,0.2,0.2,0.2,0.2,0.2,0.3,0.2,1,1,1,1,1,1,1,NA,NA
Dominica,DMA,NA,NA,NA,NA,NA,NA,0,0,0.03169,0.03178,0.03178,0.03178,0.03169,0.03178,0.03178,0.03169,0.03169,0.03178,0.03178,0.0317808219178082,0.0633879781420765,0.0635616438356164,0.0635616438356164,0.0635616438356164,0.0633879781420765,0.0635616438356164,0.0635616438356164,0.06356164384,0.06356164384,0.0635616438356164,0.0635616438356164,0.0635616438356164,0.0635616438356164,NA,NA
Denmark,DNK,6.995897193,7.3,7.6,7.5,7,6.1,5.8,4.8,4.2,3.6,3.1,2.9,2.6,2.6,2.6,2.7,2.9,2.5,2.7,2.6,2.4,2.3,2.2,2.2,2.4,2.3,2.3,2,2,1.6,1.6,1.6,1.5,1.4,NA
Dominican Republic,DOM,NA,NA,NA,NA,NA,NA,2.4,3.8,3.7,4.1,4.5,5.6,4.2,5.9,9.6,7,11,14,14,17,20,17,17,16,19,21,23,26,34,27,26,24,23,NA,NA
Algeria,DZA,NA,NA,NA,NA,NA,NA,43,38,40,39,40,45,44,45,44,44,40,51,50,55,51,57,54,56,56,62,54,56,57,53,63,63,62,NA,NA
Ecuador,ECU,NA,NA,NA,NA,NA,NA,7,7.6,9.2,10,11,12,14,14,16,18,18,20,17,20,21,22,20,22,22,23,21,32,33,31,33,32,33,NA,NA
Egypt,EGY,NA,NA,NA,NA,NA,NA,14,24,25,27,28,28,32,37,14,16,16,29,33,40,74,78,83,64,70,76,97,125,134,141,140,139,85,NA,NA
Eritrea,ERI,--,--,--,--,--,--,--,--,--,--,--,--,--,--,0.2,0.2,0.2,0.04096,0.03178,0.0317808219178082,0.0633879781420765,0.0953424657534247,0.1,0.1,0.2,0.1,0.0953424657534247,0.06356164384,0.09534246576,0.1,0,0.0635616438356164,0.0635616438356164,NA,NA
Western Sahara,ESH,NA,NA,NA,NA,NA,NA,0,0,0,0,0,0,0,0,0,0,0,0,0,0,0,0,0,0,0,0,0,0,0,0,0,0,0,NA,NA
Spain,ESP,73.29600647,72,67,68,68,72,76,79,83,76,81,91,84,79,85,80,84,80,82,81,79,74,74,73,74,72,66,65,63,58,59,53,51,49,NA
Estonia,EST,--,--,--,--,--,--,--,--,--,--,--,--,0.4,0.3,0.4,0.3,0.3,0.3,0.3,0.3,0.2,0.3,0.2,0.2,0.2,0.2,0.2,0.2,0.2,0.2,0.3,0.2,0.3,0.3,NA
Ethiopia,ETH,NA,NA,NA,NA,NA,NA,0.2,0.2,0.2,0.3,0.2,0.2,0.2,0.2,0.2,0.3,0,0,0.09534,0.0317808219178082,0.0316939890710383,0.0317808219178082,0.0317808219178082,0.0317808219178082,0.1,0,0,0,0,0,0,0.2,0.2,NA,NA
European Union,EU27,NA,NA,NA,NA,NA,NA,NA,NA,NA,NA,NA,NA,NA,620,632.9,627.9,648.7,649.4,657.2,662.3,675.5,693.5,705.2,693.9,708.6,714.2,720,747.3,741.4,716.5,727.9,724.9,696.8,NA,NA
Eurasia,EURA,NA,NA,NA,NA,NA,NA,299,272,260,NA,264,265,316.7,214.64046,204.71169,239.97169,235.53169,241.03486,202.73606,231.93690781369864,216.33169398907103,307.9317808219178,313.03178082191783,348.6317808219178,348.73415435519127,368.9027185315068,387.63348273972605,400.9,411.9,428.3008687671233,418.8,472.5,497.4,NA,NA
Europe,EURO,NA,NA,NA,NA,NA,NA,NA,NA,NA,NA,NA,NA,NA,NA,NA,NA,NA,NA,NA,NA,NA,NA,NA,NA,NA,NA,1047.7657534246575,1065.9986301369863,1068.1,1040.6986301369864,1045.7986301369863,1035.6986301369864,986.1983606557377,NA,NA
Finland,FIN,3.51258756,4,4.2,4.4,4.5,4.7,5.2,6.5,5.3,4.7,4.8,4.2,4.2,4.1,4.8,4.9,5.3,6,6.5,5.6,11,10,11,11,12,13,12,11,11,9.9,11,12,12,13,NA
Fiji,FJI,NA,NA,NA,NA,NA,NA,0.1,0.2,0.1,0.2,0.2,0.3,0.3,0.3,0.2,0.3,0.3,0.3,0.3,0.2,0.3,0.3,0.4,0.4,0.4,0.4,0.4,0.6,0.5,0.5,0.5,0.5,0.5,NA,NA
Falkland Islands,FLK,NA,NA,NA,NA,NA,NA,0,0,0,0,0,0,0,0,0,0,0,0,0,0,0,0,0,0,0,0,0,0,0,0,0,0,0,NA,NA
France,FRA,100.2550714,99,94,93,96,100,106,114,117,124,109,126,121,112,111,103,113,110,112,116,113,117,120,111,112,110,123,127,128,123,118,110,107,107,NA
Faroe Islands,FRO,NA,NA,NA,NA,NA,NA,0,0,0,0,0,0,0,0,0,0,0,0,0,0,0,0,0,0,0,0,0,0,0,0,0,0,0,NA,NA
Gabon,GAB,0.030105166,NA,NA,NA,NA,NA,0.2,0.3,0.2,0.4,0.4,0.4,0.4,0.7,0.2,0.2,0.3,0.6,0.6,0.6,0.6,0.6,0.6,0.7,0.7,0.6,0.7,0.8,1,0.5,0.9,0.9,0.8,NA,NA
United Kingdom,GBR,42,39,50,63,73,63,91,105,99,92,113,136,130,137,172,174,166,154,151,157,147,148,161,169,166,174,159,142,158,147,135,130,112,109,NA
Georgia,GEO,--,--,--,--,--,--,--,--,--,--,--,--,0.7,0.04046,0.08,0.04,0.5,1.3,1.1,3.1,3.1,0.6,0.8,0.5,0.5,0.8,0.9,1.2,1.5,1.5,1.5,0.7,0.6,NA,NA
Ghana,GHA,NA,NA,NA,NA,NA,NA,0.2,0.2,0.2,0.2,0.2,0.2,0.3,0.6,0.6,0.6,0.5,0.5,2.2,2.3,1.3,1.4,1.7,1.4,2.2,2.4,3,3.3,3.9,5.3,5.8,7.1,8.6,NA,NA
Gibraltar,GIB,NA,NA,NA,NA,NA,NA,0,0,0,0,0,0,0,0,0,0,0,0,0,0,0,0,0,0,0,0,0,0,0,0,0,0,0,NA,NA
Guinea,GIN,NA,NA,NA,NA,NA,NA,0,0,0,0,0,0,0,0,0,0,0,0,0,0,0,0,0,0,0,0,0,0,0,0,0,0,0,NA,NA
Guadeloupe,GLP,NA,NA,NA,NA,NA,NA,0.4,0.4,0.4,0.5,0.4,0.5,0.5,0.5,0.6,0.6,0.6,0.6,0.6,0.6,0.7,0.7,0.7,0.8,0.8,0.9,0.9,0.9,0.9,0.4,0.4,0.4,0.4,NA,NA
The,GMB,NA,NA,NA,NA,NA,NA,0,0,0,0,0,0,0,0,0,0,0,0,0,0,0,0,0,0,0,0,0.0635616438356164,0.06356164384,0.06356164384,0.0953424657534247,0.0953424657534247,0.0953424657534247,0.0953424657534247,NA,NA
Guinea-Bissau,GNB,NA,NA,NA,NA,NA,NA,0.03178,0.03178,0.03169,0.03178,0.03178,0.03178,0.03169,0.03178,0.03178,0.03178,0.03169,0.03178,0.03178,0.0317808219178082,0.0316939890710383,0.0317808219178082,0.0317808219178082,0.0317808219178082,0.0316939890710383,0.0317808219178082,0.0635616438356164,0.06356164384,0.0657863013744,0.0708712328767123,0.0708712328767123,0.0708712328767123,0.0708712328767123,NA,NA
Equatorial Guinea,GNQ,NA,NA,NA,NA,NA,NA,0,0,0,0,0,0,0,0,0,0,0,0,0,0,0,0,0,0,0,0,0,0,0.6,0,0,0,0,NA,NA
Greece,GRC,5.532338133,5.6,5.5,5.4,5.3,5.3,6.6,6.9,7.1,8.2,8.6,9.6,11,11,11,13,14,15,16,15,14,14,13,13,13,13,14,17,12,12,10,12,14,17,NA
Grenada,GRD,NA,NA,NA,NA,NA,NA,0,0.03178,0.03169,0.03178,0.06356,0.06356,0.06338,0.06356,0.09534,0.08219,0.1,0.2,0.1,0.1,0.2,0.2,0.2,0.2,0.2,0.2,0.2,0.2,0.2,0.2,0.2,0.2,0.2,NA,NA
Greenland,GRL,NA,NA,NA,NA,NA,NA,0,0,0,0,0,0,0,0,0,0,0,0,0,0,0,0,0,0,0,0,0,0,0.001321351,0.011106126,0.002923836,0.002923836,0.002923836,NA,NA
Guatemala,GTM,NA,NA,NA,NA,NA,NA,2.8,2.8,3,3,3.1,2.9,3.7,3.3,4.4,3.3,4.8,4.9,5.4,5.7,6.5,6.7,6.7,7,7.4,7.9,7.9,7.8,8,7.4,7.7,8.2,8.8,NA,NA
French Guiana,GUF,NA,NA,NA,NA,NA,NA,0.07064,0.07581,0.08763,0.09821,0.1,0.1,0.09508,0.06356,0.06356,0.06356,0.06338,0.06356,0.06356,0.0635616438356164,0.0633879781420765,0.0635616438356164,0.0635616438356164,0.0635616438356164,0.0633879781420765,0.0635616438356164,0.0635616438356164,0.06356164384,0.076273972608,0.1,0.1,0.1,0.1,NA,NA
Guam,GUM,NA,NA,NA,NA,NA,NA,0.1,0.1,0.07923,0.1,0.2,0.1,0.2,0.2,0.2,0.1,0.09562,0.1,0.2,0.1,0.1,0.095890411,0.084931507,0.054794521,0,0,0,0,0,0,0,0,0,NA,NA
Guyana,GUY,NA,NA,NA,NA,NA,NA,1,0.6,0.6,0.5,0.4,0.1,0.4,0.09534,0.09534,0.1,0.2,0.2,0.2,0.2,0.2,0.2,0.2,0.3,0.3,0.3,0.3,0.3,0.3,0.4,0.4,0.4,0.4,NA,NA
Hawaiian Trade Zone,HITZ,NA,NA,NA,NA,NA,NA,NA,--,--,--,--,--,--,--,--,--,--,--,--,--,--,--,--,--,--,--,--,--,--,--,--,--,--,--,--
Hong Kong,HKG,NA,NA,NA,NA,NA,NA,5.1,4.9,2.8,5.6,5.8,6.5,6.8,4.2,1.8,4,5.1,5.2,4.1,3.7,5.6,8.2,7.4,7.4,11,12,13,14,14,12,12,13,12,NA,NA
Honduras,HND,NA,NA,NA,NA,NA,NA,0.4,0.5,0.4,0.5,0.4,0.4,0.5,0.6,0.8,0.8,1.4,0.9,1,1.2,1.3,1.5,1.7,1.7,1.6,2.5,3.3,2.9,2.5,1.8,2.4,2.7,3.3,NA,NA
Croatia,HRV,--,--,--,--,--,--,--,--,--,--,--,--,3,0.4,3.1,1.4,1,2.8,0.9,0.8,3,1.3,1.5,1.7,2,2,7.4,8.3,7.9,4.1,6.7,5.8,4.8,NA,NA
Haiti,HTI,NA,NA,NA,NA,NA,NA,0.1,0.3,0.3,0.4,0.2,0.2,0.2,0.2,0.2,0.2,0.2,0.2,0.2,0.4,0.4,0.4,0.4,0.4,0.4,0.4,0.4,0.3,0.3,0.4,0.0953424657534247,0.4,0.3,NA,NA
Hungary,HUN,8.108210223,8.4,8.7,8.9,9.6,9.6,9.8,10,9.8,9.9,11,9.6,9,9,8.5,9.5,11,10,11,11,11,9.4,9.8,9.7,9.9,11,11,9.8,9.5,9.2,11,11,10,12,NA
Indonesia,IDN,NA,NA,NA,NA,NA,NA,6.7,8.2,8.8,9.7,12,13,15,17,19,15,24,19,26,20,31,31,26,30,37,39,39,41,58,88,120,138,160,NA,NA
India,IND,NA,NA,NA,NA,NA,NA,48,55,45,72,78,82,89,98,106,124,157,145,161,191,212,235,255,299,327,336,351,377,363,374,432,469,506,NA,NA
Ireland,IRL,4.62490059,4.5,4.8,4.3,4.2,4.3,4.1,4.4,4.2,4.5,4.3,4.3,4.2,4.3,4.4,4.3,4.1,4,4.2,4.3,4.5,4.6,4.4,4.3,4.5,4.8,5.5,4.5,4.7,3.3,4.2,3.3,2.6,4.6,NA
Iran,IRN,NA,NA,NA,NA,NA,NA,29,28,26,36,44,52,45,44,51,57,68,61,64,62,67,54,64,86,70,85,138,170,198,225,230,222,198,NA,NA
Iraq,IRQ,NA,NA,NA,NA,NA,NA,16,16,22,29,30,9.9,12,17,6.1,20,17,37,31,29,22,41,25,25,21,29,50,48,49,19,48,52,55,NA,NA
Iceland,ISL,0.029277926,0.029277926,0.029277926,0,0,0,0,0.0328767123287671,0.0327868852459016,0.0328767123287671,0.0328767123287671,0.0328767123287671,0.0327868852459016,0.0328767123287671,0.0328767123287671,0.0328767123287671,0.0327868852459016,0.0657534246575342,0.0657534246575342,0.0657534246575342,0.0655737704918033,0.0657534246575342,0.0657534246575342,0.0657534246575342,0.0655737704918033,0.0657534246575342,0.0657534246575342,0.0986301369863014,0.1,0.0986301369863014,0.0986301369863014,0.0986301369863014,0.0983606557377049,0.0657534246575342,NA
Israel,ISR,3.551646006,3.6,3.7,4.2,4.1,3.8,6.4,7.1,7.2,6.7,7.3,6.9,6.9,7.6,8.4,9.4,10,13,14,13,15,14,12,17,17,17,15,19,17,22,23,25,30,30,NA
Italy,ITA,71.12988535,74,73,79,79,83,89,99,104,106,96,98,98,109,105,110,112,107,108,130,128,125,118,117,111,110,103,97,100,105,108,104,104,106,NA
Jamaica,JAM,NA,NA,NA,NA,NA,NA,1.7,1.6,1.2,1.3,1.4,1.4,1.5,1.6,2.6,1.3,3.1,2.9,2.4,2.5,2.1,2.1,2.3,2.4,2.4,2.4,2.6,3.2,2.7,2.4,2.6,2.7,2.8,NA,NA
Jordan,JOR,NA,NA,NA,NA,NA,NA,3.1,3.5,3.6,3.7,3.9,4.1,5,4.8,6.1,7,7,7.1,8,8.2,9.1,8.8,9.4,9.5,9.3,9.5,10,11,11,11,9.9,12,12,NA,NA
Japan,JPN,453.2360198,469,502,497,551,543,615,628,591,644,628,611,637,660,632,657,668,664,652,673,640,634,621,605,577,561,574,553,533,508,501,500,536,512,NA
Kazakhstan,KAZ,--,--,--,--,--,--,--,--,--,--,--,--,13,20,20,21,20,7.1,3.8,1.2,2.6,17,21,25,14,17,19,11,9.7,11,10,14,11,NA,NA
Kenya,KEN,NA,NA,NA,NA,NA,NA,0.8,0.9,0.8,0.9,0.9,0.9,1,0.9,1,1,1,1.2,1,0.8,1,0.8,0.7,1.3,1.4,1.6,1.8,2.4,1.9,1.8,2,2.9,3,NA,NA
Kyrgyzstan,KGZ,--,--,--,--,--,--,--,--,--,--,--,--,2.5,1.1,0.1,0.3,0.5,0.00308,0.00428,0.00512699178082192,0.3,0.3,0.3,0.3,0.00246036612021858,0.00271853150684932,0.0034827397260274,0,0,0.000868767123287671,0.4,0.4,0.4,NA,NA
Cambodia,KHM,NA,NA,NA,NA,NA,NA,0,0,0,0,0,0,0,0,0,1.4,1.7,1.7,3.1,3.8,5.1,5.8,6,6.3,7.2,7.4,9.4,9.5,9.7,9.9,1.4,3.3,3.5,NA,NA
Kiribati,KIR,NA,NA,NA,NA,NA,NA,0,0,0,0,0,0,0,0,0,0,0,0,0,0,0,0,0,0,0,0,0,0,0,0,0,0,0,NA,NA
Saint Kitts and Nevis,KNA,NA,NA,NA,NA,NA,NA,0,0,0,0,0,0,0,0,0,0,0,0,0,0,0,0,0,0,0,0,0,0,0,0,0,0,0,NA,NA
South Korea,KOR,11.77708248,13,19,26,32,37,48,58,71,83,98,118,147,163,172,181,188,192,182,207,226,226,244,233,229,238,242,267,272,277,277,272,255,248,NA
Kuwait,KWT,NA,NA,NA,NA,NA,NA,2.8,5.6,5.2,5.2,3.5,6.2,6.5,6.9,9,4.2,3.9,4.3,4.8,2.6,2.7,2.8,2.9,3,3,3.6,4.8,7.8,41,58,84,84,84,NA,NA
Laos,LAO,NA,NA,NA,NA,NA,NA,0.3,0.3,0.3,0.3,0.3,0.3,0.3,0.3,0.4,0.4,0.4,0.5,0.5,0.5,0.5,0.5,0.5,0.5,0.6,0.6,0.6,0.6,0.6,0.6,0.6,0.6,0.6,NA,NA
Lebanon,LBN,NA,NA,NA,NA,NA,NA,3,3,2.9,3.1,3,1.6,3.5,5.6,4.9,5.5,6.7,4.5,4.4,4.3,5.2,5,4.9,6.5,7,5.3,5.1,3.3,5.2,6.3,5.2,6.3,7.7,NA,NA
Liberia,LBR,NA,NA,NA,NA,NA,NA,0.00143,0.03178,0,0.03178,0.03178,0.03178,0.03169,0.03178,0.03178,0.03178,0.03169,0.03178,0.03178,0.0317808219178082,0.0633879781420765,0.0635616438356164,0.0953424657534247,0.0953424657534247,0.0950819672131148,0.0635616438356164,0.0953424657534247,0.09534246576,0.09534246576,0.0953424657534247,0.0953424657534247,0.0953424657534247,0.0953424657534247,NA,NA
Libya,LBY,NA,NA,NA,NA,NA,NA,2.2,4.8,4.9,6.5,4.8,4.8,5,5.5,5.2,9,10,12,13,14,16,17,17,18,17,18,18,18,18,19,23,13,9.5,NA,NA
Saint Lucia,LCA,NA,NA,NA,NA,NA,NA,0.06356,0.06356,0.06338,0.06356,0.06356,0.06356,0.06338,0.06356,0.09534,0.09534,0.09508,0.09534,0.09534,0.0953424657534247,0.0950819672131148,0.0953424657534247,0.0953424657534247,0.1,0.3,0.1,0.3,0.2,0.2,0.2,0.2,0.2,0.2,NA,NA
Sri Lanka,LKA,NA,NA,NA,NA,NA,NA,0.04698,0.6,0.7,1,1.2,1,1.5,1.8,2.1,2.6,2.7,3.6,5.2,5.8,4.8,4.7,4.7,5,5.2,5,5.6,5.7,5.5,5.4,5.9,6.3,7.1,NA,NA
Lesotho,LSO,NA,NA,NA,NA,NA,NA,0.00758,0.00758,0.00756,0.00758,0.00758,0.00758,0,0,0,0,0,0,0,0,0,0,0,0,0,0,0,0,0,0,0,0,0,NA,NA
Lithuania,LTU,--,--,--,--,--,--,--,--,--,--,--,--,3.2,3.3,3.5,2.6,2.6,3.2,3.6,4.7,6,7.2,8.2,9.3,11,11,8.9,8.1,9.5,9.5,9.5,8.9,8.8,NA,NA
Luxembourg,LUX,0.731782712,0.7,0.7,0.7,0.7,0.7,0.7,0.7,0.7,0.6,0.6,0.6,0.6,0.5,0.5,0.5,0.5,0.6,0.8,0.8,0.8,0.9,0.6,0.5,0.4,0.4,0.3,0.3,0.3,0.3,0.3,0.3,0.4,0.4,NA
Latvia,LVA,--,--,--,--,--,--,--,--,--,--,--,--,1.9,1.9,1.7,1.2,1,1.2,1.4,1.2,1.5,1.5,1.6,1.6,1.7,1.8,1.9,1.7,1.5,1.4,1.5,1.7,2.3,NA,NA
Macau,MAC,NA,NA,NA,NA,NA,NA,0.3,0.3,0.3,0.3,0.4,0.4,0.5,0.5,0.6,0.7,0.7,0.7,0.7,0.7,0.8,0.8,0.8,0.9,0.9,0.9,1,1.1,1.3,1.3,1.3,1.4,1.4,NA,NA
Morocco,MAR,NA,NA,NA,NA,NA,NA,13,13,16,17,18,20,20,24,26,29,29,31,33,34,36,38,41,41,40,44,45,46,60,60,63,65,69,NA,NA
Moldova,MDA,--,--,--,--,--,--,--,--,--,--,--,--,0,0,0,0.6,0.7,0.9,0.9,0.5,1.1,1.6,1.6,1.7,1.7,1.9,1.6,1.7,1.8,1.7,2.1,2.2,2.4,NA,NA
Madagascar,MDG,NA,NA,NA,NA,NA,NA,0.06925,0.05828,0.07292,0.06884,0.08826,0.1,0.1,0.1,0.1,0.1,0.1,0.1,0.1,0.1,0.3,0.3,0.3,0.3,0.3,0.2,0.3,0.2,0.2,0.2,0.2,0.2,0.2,NA,NA
Maldives,MDV,NA,NA,NA,NA,NA,NA,0,0,0,0,0,0,0,0,0,0,0,0,0,0,0,0,0,0,0,0,0,0,0,0,0,0,0,NA,NA
Mexico,MEX,141.14639766,176,218,237,271,304,361,356,381,403,350,375,407,450,444,438,421,413,431,483,517,506,487,474,486,463,455,441,425,418,421,418,409,401,NA
Middle East,MIDE,NA,NA,NA,NA,NA,NA,116.4,120.8,137.2,157.9,348.4,357.2,389,420.2,408,449.6,495.3,527.4,541.1,518.5,524.7,571.9,579.8,598.5,660,704.7,785.5,832.7,893.3,962,1082.3,1106.2,1170.7,NA,NA
North Macedonia,MKD,--,--,--,--,--,--,--,--,--,--,--,--,1.3,1.2,0.5,0.6,0.6,0.5,0.8,1,0.9,0.7,1,1.2,1.3,1.5,1.7,2,2.1,2,2,1.8,1.7,NA,NA
Mali,MLI,NA,NA,NA,NA,NA,NA,0,0,0.00282,0,0,0,0,0,0,0,0,0,0,0,0,0,0,0,0,0,0,0,0,0,0,0,0,NA,NA
Malta,MLT,NA,NA,NA,NA,NA,NA,0.4,0.5,0.5,0.5,0.5,0.5,0.5,0.5,0.5,0.5,0.5,0.5,0.6,0.6,0.5,0.5,0.5,0.5,0.5,0.6,0.6,0.6,0.7,0.7,0.7,0.6,0.7,NA,NA
Burma,MMR,NA,NA,NA,NA,NA,NA,0.09609,0.1,0.5,0.4,0.2,0.3,0.4,0.1,0.2,0.2,0.2,0.4,0.4,0.2,0.5,0.2,0.3,0.2,0.2,0.6,0.5,0.5,0.3,0.3,0.7,0.4,0.3,NA,NA
Montenegro,MNE,--,--,--,--,--,--,--,--,--,--,--,--,--,--,--,--,--,--,--,--,--,--,--,--,--,--,0.5,0,0.2,0.2,0.6,0.6,0.5,NA,NA
Mongolia,MNG,NA,NA,NA,NA,NA,NA,0,0,0,0,0,0,0,0,0,0,0,0,0,0,0,0,0,0,0,0,0,0,0,0,0,0,0,NA,NA
Mozambique,MOZ,NA,NA,NA,NA,NA,NA,0.1,0.1,0.1,0.3,0.2,0.1,0.1,0.1,0.1,0.1,0.1,0.1,0.2,0.2,0.2,0.3,0.3,0.3,0.4,0.4,0.4,0.4,0.4,0.5,0.4,0.5,0.5,NA,NA
Mauritania,MRT,NA,NA,NA,NA,NA,NA,0.1,0.2,0.5,0.3,0.3,0.3,1.4,1.3,1.4,1.4,1.4,1.4,1.4,1.4,1.5,1.5,1.6,1.6,1.6,1.7,2.4,0.9,1,1.1,1.1,1.1,1.1,NA,NA
Montserrat,MSR,NA,NA,NA,NA,NA,NA,0,0,0,0,0,0,0,0,0,0,0,0,0,0,0,0,0,0,0,0,0,0,0,0,0,0,0,NA,NA
Martinique,MTQ,NA,NA,NA,NA,NA,NA,0.2,0.2,0.2,0.4,0.5,0.3,0.3,0.4,0.4,0.4,0.4,0.4,0.4,0.4,0.5,0.5,0.6,0.6,0.6,0.7,0.6,0.7,0.7,0.4,0.4,0.4,0.4,NA,NA
Mauritius,MUS,NA,NA,NA,NA,NA,NA,0.1,0.1,0.6,0.6,0.7,0.8,0.9,0.9,1,1.1,1.2,1.2,1.2,1.2,1.4,1.6,1.8,1.6,1.7,1.7,1.9,2,2,2,2.1,2.1,2.1,NA,NA
Malawi,MWI,NA,NA,NA,NA,NA,NA,0,0.01225,0,0.1,0.1,0.1,0.1,0.00681,0.1,0.1,0.1,0.1,0.1,0.1,0.2,0.2,0.2,0.2,0.0316939890710383,0.2,0.0635616438356164,0.06356164384,0.069917808224,0.0699178082191781,0.0699178082191781,0.0699178082191781,0.0699178082191781,NA,NA
Malaysia,MYS,NA,NA,NA,NA,NA,NA,3.9,8.8,8,12,16,18,22,20,14,20,20,75,39,45,40,38,46,43,45,49,57,45,38,64,86,84,85,NA,NA
Namibia,NAM,--,--,--,--,--,--,--,--,--,--,NA,0,0,0.4,0.4,0.4,0.4,0.4,0.4,0.5,0.5,0.5,0.5,0.2,0.2,0.3,0.2,0.2,0.2,0.3,0.3,0.3,0.3,NA,NA
New Caledonia,NCL,NA,NA,NA,NA,NA,NA,0.2,0.2,0.2,0.2,0.2,0.2,0.2,0.2,0.2,0.2,0.2,0.2,0.2,0.2,0.3,0.3,0.3,0.3,0.3,0.3,0.3,0.3,0.3,0.3,0.3,0.3,0.3,NA,NA
Niger,NER,NA,NA,NA,NA,NA,NA,0,0,0,0,0,0,0,0,0,0,0,0,0,0,0,0,0,0,0,0,0,0,0,0.0756383561643836,0.0753841095890411,0.0756383561643836,0.0756383561643836,NA,NA
Nigeria,NGA,0.78256251,0.8,1.4,1.8,2,2.6,3.4,3.9,3.9,4.2,4.6,3.8,4.6,4.4,2,5.3,1.7,0.7,0.6,0.6,1.1,2.9,3.3,0.9,0.7,1.3,0.8,1.1,1.3,0.8,2.8,4.3,3.4,NA,NA
Nicaragua,NIC,NA,NA,NA,NA,NA,NA,0.6,0.6,0.7,0.6,0.6,0.6,0.7,0.7,0.5,0.6,0.9,1,1.1,1.3,1.4,1.5,1.6,1.7,1.7,1.8,1.9,2,1.9,2.2,2.3,2.3,2.7,NA,NA
Niue,NIU,NA,NA,NA,NA,NA,NA,0,0,0,0,0,0,0,0,0,0,0,0,0,0,0,0,0,0,0,0,0,0,0.000317808,0.000317808,0.000317808,0.000317808,0.000317808,NA,NA
Netherlands,NLD,60,78,81,78,115,101,91,98,79,77,89,88,81,74,62,62,57,66,68,65,67,61,65,64,69,62,52,63,65,58,58,67,50,104,NA
Netherlands Antilles,NLDA,NA,NA,NA,NA,NA,NA,3.8,2.4,2,2.4,2.5,2.3,1.7,1.8,2.3,1.9,1.9,2.1,2.1,2.2,2.2,2.2,8.5,2.2,2.2,2.2,2.2,2.9,2.8,3.2,2.5,2.8,2.8,NA,NA
North America,NOAM,NA,NA,NA,NA,NA,NA,NA,NA,NA,NA,NA,NA,NA,NA,NA,NA,NA,NA,NA,NA,NA,NA,NA,NA,NA,NA,3013.4,3052.2,2911.1,2937,2973,3091,3132,NA,NA
Non-OECD,NOEC,NA,NA,NA,NA,NA,NA,NA,NA,NA,NA,NA,NA,NA,NA,NA,NA,NA,NA,NA,NA,NA,NA,NA,NA,NA,NA,3528.7,3688.3,3738.1,3843.8,4228.4,4409.8,4566,NA,NA
Norway,NOR,24.11978064,25,26,26,32,33,26,36,34,28,36,35,32,36,36,38,37,36,36,32,36,48,48,57,47,48,51,56,48,48,49,47,47,56,NA
Nepal,NPL,NA,NA,NA,NA,NA,NA,0.02979,0.06839,0.06338,0.044,0,0.1,0.2,0.2,0.3,0.3,0.3,0.7,1.2,1.2,1.3,1.6,1.8,2,2.1,2.2,2.9,3,3,4.5,5.1,4.5,4.5,NA,NA
Nauru,NRU,NA,NA,NA,NA,NA,NA,0,0,0,0,0,0,0,0,0,0,0,0,0,0,0,0,0,0,0,0,0,0,0,0,0,0,0,NA,NA
New Zealand,NZL,0.424940371,0.6,0.8,0.9,1.4,2.5,3.2,3.3,3.3,3.4,3.3,3.5,3.7,3.7,3.8,3.8,3.9,3.8,3.4,3.3,3.6,4.2,4.4,4.4,5,5,5.4,5.6,5.4,5.3,4.5,4.4,4.8,5,NA
OECD - Asia And Oceania,OEAO,482.496625051,500.6,540.8,543.9,607.4,612.5,701.2,729.3,708.3,775.4,788.3,792.5,855.7,901.7,887.8,926.8,944.9,952.8,932.4,976.3,963.6,956.2,958.4,930.4,895,901,907.4,909.6,889.4,867.3,858.5,848.4,862.8,831,NA
OECD,OECD,NA,NA,NA,NA,NA,NA,NA,NA,NA,NA,NA,NA,NA,NA,NA,NA,NA,NA,NA,NA,NA,NA,NA,NA,NA,NA,4965.3,5034.7,4880.4,4866.1,4894,4998.7,5010,NA,NA
OECD - Europe,OEEU,NA,NA,NA,NA,NA,NA,NA,NA,NA,NA,NA,NA,NA,842.6,890.9,900.9,917.6,916.3,931.6,943.1,978.7,984.8,999.3,1001.1,1011.2,1029.5,994.1,1004.7,1009.6,982,987.8,979.7,930.7,1031.5,NA
OECD - North America,OENA,NA,NA,NA,NA,NA,NA,NA,NA,NA,NA,NA,NA,NA,NA,NA,NA,NA,NA,NA,NA,NA,NA,NA,NA,NA,NA,3013,3052,2911,2937,2973,3091,3132,3367,NA
Oman,OMN,NA,NA,NA,NA,NA,NA,0.8,0.8,0.9,0.9,1,1.4,1.3,0.3,1.4,1.2,1.1,0.9,2.2,2.2,1.3,2.1,1.6,1.6,1.4,2.5,3.4,4.7,4.7,5.1,2.8,3.3,3.4,NA,NA
OPEC - Africa,OPAF,NA,NA,NA,NA,NA,NA,49.4,47.6,49.7,50.8,50.5,54.7,54.7,56.3,52.1,59.2,52.8,65.6,66.1,72,70.5,79.7,77.4,78.3,77,84.7,76.7,81.3,81.9,78.6,94.4,86,80.5,NA,NA
OPEC,OPEC,NA,NA,NA,NA,NA,NA,153.4,161.4,182.1,200.2,391.2,416,436.3,484.3,465.3,517.5,545.8,578,590,576.7,576.2421781912568,631.5765925369863,634.3751340438356,632.4,716.2,736.5,802.7,883.4,924.8,969,1118.8,1137.4,1211.9,NA,NA
Non-OPEC,OPNO,NA,NA,NA,NA,NA,NA,NA,NA,NA,NA,NA,NA,NA,NA,NA,NA,NA,NA,NA,NA,NA,NA,NA,NA,NA,NA,7692.366410137191,7840.834931506426,7695.961946008374,7743.327409057288,8006.091903704274,8273.611574915232,8366.460548540983,NA,NA
OPEC - South America,OPSA,NA,NA,NA,NA,NA,NA,27,34,37,37,38,48,45,64,64,66,65,62,67,72,68,76,72,59,83,56,61,97,100,79,95,101,114,NA,NA
Pakistan,PAK,NA,NA,NA,NA,NA,NA,2.3,2,3.5,3,4.3,4.9,3.8,4.4,2.5,4.4,2.8,6.7,2.9,3.3,2.2,9,7.4,8.6,8.5,7.9,16,19,18,18,16,15,16,NA,NA
Panama,PAN,NA,NA,NA,NA,NA,NA,1.8,2,1.9,1.9,2.1,2.2,2.2,2.3,2.4,1.7,2.2,2.9,3.1,3.2,3.3,3.3,3.2,4.1,6.2,3.7,3.7,4.1,4.3,4.9,9.3,7.6,7.8,NA,NA
Peru,PER,NA,NA,NA,NA,NA,NA,4.6,4.8,5.4,5.4,5.9,6.3,6.5,6.6,8.5,8.7,8.9,9,9.5,11,22,14,14,16,13,13,23,26,29,32,36,40,44,NA,NA
Persian Gulf,PERG,NA,NA,NA,NA,NA,NA,91.4,95.2,110.2,130.5,319.2,330.2,357.2,383.2,367.4,406.9,446.5,478.4,485,460.9,461.1,507.1,513.9,525.1,585,628.6,705,752.1,802.5,864.6,986.5,1010.6,1070.6,NA,NA
Philippines,PHL,NA,NA,NA,NA,NA,NA,6.9,8.4,9.7,12,13,13,15,17,22,21,24,26,31,34,34,33,34,30,32,31,31,32,32,35,35,36,35,NA,NA
Papua New Guinea,PNG,NA,NA,NA,NA,NA,NA,0.1,0.09534,0.09508,0.09534,0.09534,0.09534,0.09508,0.09534,0.09534,0.0968,0.09654,0.09686,0.09674,0.0967483726027397,0.1,0.1,0.3,0.4,0.1,0.1,1,0.6,0.9,0.9,0.9,0.9,0.9,NA,NA
Poland,POL,5.854312599,5.9,5.7,5.5,5.2,5.3,5.7,8.5,7.9,8.9,4.6,4.6,4.6,8.3,12,19,24,29,31,34,35,42,52,63,70,75,80,82,81,79,78,76,75,76,NA
Puerto Rico,PRI,NA,NA,NA,NA,NA,NA,4.9,4.2,5.3,2.9,2.4,3.7,2.1,2.4,1.7,0.4,0.5,0.02739,0.01369,1.2,0.5,0.2,0.6,0.041580822,0.00273224,0.002739726,0.068052055,0.049315068,3.4,2.2,3.3,3.7,3.6,NA,NA
North Korea,PRK,NA,NA,NA,NA,NA,NA,0.07788,0.07788,0.07,0.0686,0.08138,0.2,0.06706,0.06309,0.06209,0.05604,0.03099,0.03096,0.06132,0.0637707287671233,0.0778626830601093,0.0162405369863014,0.0162732547945206,0.0158644164383562,0.0160015027322404,0.0135176328767123,0.0103674410958904,0,0,0.00978484931506849,0.015025298630137,0.0149639671232877,0.0149639671232877,NA,NA
Portugal,PRT,14.57723201,15,16,16,16,16,18,19,21,22,25,26,28,30,33,34,37,37,35,35,33,33,32,30,30,28,27,28,27,23,23,22,19,26,NA
Paraguay,PRY,NA,NA,NA,NA,NA,NA,1,1.2,1.4,1.6,1.6,1.6,1.8,1.9,1.9,1.4,2.1,2.1,2.4,3,2.7,2.2,2.3,2.3,2.5,2.5,2.6,2.6,2.6,2.7,2.6,2.8,2.8,NA,NA
Palestinian Territories,PSE,--,--,--,--,--,--,--,--,--,--,--,--,--,--,--,--,--,0.5,2.5,2.9,4,2.9,3,2.8,3.3,3.8,4,4.6,3.9,4,3.9,4,4,NA,NA
French Polynesia,PYF,NA,NA,NA,NA,NA,NA,0.2,0.2,0.2,0.2,0.2,0.2,0.2,0.2,0.3,0.3,0.3,0.3,0.3,0.3,0.2,0.2,0.3,0.3,0.3,0.5,0.3,0.3,0.3,0.3,0.3,0.3,0.3,NA,NA
Qatar,QAT,1.926310654,NA,8,8.9,NA,11,14,15,14,17,16,16,20,19,18,14,18,27,27,27,23,30,28,29,28,32,39,46,59,52,56,59,52,NA,NA
Reunion,REU,NA,NA,NA,NA,NA,NA,0.5,0.6,0.6,0,0.7,0.7,0.7,0.8,0.8,0.8,0.8,0.8,1,1,1.1,1.2,1.2,1.2,1.2,1.1,1.2,1.2,1.2,1.2,1.2,1.2,1.2,NA,NA
Romania,ROU,NA,NA,NA,NA,NA,NA,9.4,9,8.9,14,7.7,7.1,7,13,8.5,9.2,8.4,8.2,9.7,9.1,9.2,10,11,11,13,17,20,23,18,20,15,14,14,NA,NA
Russia,RUS,--,--,--,--,--,--,--,--,--,--,--,--,222,146,132,139,116,140,107,147,129,228,217,242,253,270,297,306,326,350,338,382,404,NA,NA
Rwanda,RWA,NA,NA,NA,NA,NA,NA,0,0,0,0,0,0,0,0,0,0,0,0,0,0,0,0,0,0,0,0,0,0,0,0,0,0,0,NA,NA
Saudi Arabia,SAU,8.758757984,10,12,13,12,12,14,14,27,24,205,223,248,268,260,286,313,321,325,306,320,349,361,341,424,449,444,448,417,456,518,540,632,NA,NA
Former Serbia and Montenegro,SCG,--,--,--,--,--,--,--,--,--,--,--,--,NA,NA,NA,NA,NA,NA,NA,NA,NA,NA,NA,NA,NA,NA,--,--,--,--,--,--,--,--,--
Sudan,SDN,NA,NA,NA,NA,NA,NA,0.3,0.3,0.3,0.4,0.3,0.4,0.4,0.4,0.4,0.4,0.4,0.4,0.4,0.9,1,1.8,3,3.4,3.5,4.5,9.9,10,9.8,10,14,12,14,NA,NA
Senegal,SEN,NA,NA,NA,NA,NA,NA,0.5,0.6,0.8,0.9,1.1,1.2,1.3,1.3,1,0.7,0.7,2.4,2.8,3.2,3.2,3.4,3.6,3.8,4.1,4.2,4.2,4.2,3.9,4.1,3.7,3.1,3.3,NA,NA
Singapore,SGP,NA,NA,NA,NA,NA,NA,3.7,3.8,4.4,3.9,11,17,4.1,13,2.1,6.1,7.6,7.9,8.2,8.1,7.8,7.9,7.9,7.8,7.9,8.5,12,12,13,4.5,3.9,3.5,3.4,NA,NA
Saint Helena,SHN,NA,NA,NA,NA,NA,NA,0,0,0,0,0,0,0,0,0,0,0,0,0,0,0,0,0,0,0,0,0,0,0,0,0,0,0,NA,NA
Solomon Islands,SLB,NA,NA,NA,NA,NA,NA,0,0,0.03169,0.03178,0.03178,0.03178,0.03169,0.03178,0.03178,0.03178,0.03169,0.03178,0.03178,0.0317808219178082,0.0316939890710383,0.0317808219178082,0.0317808219178082,0.0317808219178082,0.0316939890710383,0.0317808219178082,0.0317808219178082,0.06356164384,0.04767123288,0.0317808219178082,0.0530739726027397,0.0530739726027397,0.0530739726027397,NA,NA
Sierra Leone,SLE,NA,NA,NA,NA,NA,NA,0.00669,0.00705,0.00768,0.0079,0.00793,0.00822,0.0055,0.00571,1.4,0.00596,0.00594,0.00607,0.00611,0.00611052054794521,0.006321,0,0.00648552876712329,0.00660872876712329,0.00625413661202186,0.00830848219178082,0.00609694246575343,0,0,0,0,0,0,NA,NA
El Salvador,SLV,NA,NA,NA,NA,NA,NA,1,0.9,1.6,1.3,0.9,1.6,1.6,2,2.6,2.2,3.5,3.5,3.7,4.1,4.5,4.7,4,5.6,5.2,5.4,6.7,6.9,7,7.4,7.8,6.7,7.7,NA,NA
Somalia,SOM,NA,NA,NA,NA,NA,NA,0.0107,0.00654,0.00659,0.00669,0.00646,0.01319,0.00316,0.00319,0.00319,0.00319,0.00319,0.00319,0.00319,0.003192,0,0,0,0,0,0,0.2,0.2,0.2,0.2,0.2,0.2,0.2,NA,NA
Saint Pierre and Miquelon,SPM,NA,NA,NA,NA,NA,NA,0.00516,0.00482,0.00515,0.00516,0.00516,0.00516,0,0,0,0,0,0,0,0,0,0,0,0,0,0,0,0,0,0,0,0,0,NA,NA
Serbia,SRB,--,--,--,--,--,--,--,--,--,--,--,--,--,--,--,--,--,--,--,--,--,--,--,--,--,--,5.3,10,11,13,12,12,12,NA,NA
South Sudan,SSD,--,--,--,--,--,--,--,--,--,--,--,--,--,--,--,--,--,--,--,--,--,--,--,--,--,--,--,--,--,--,--,--,,,
Sao Tome and Principe,STP,NA,NA,NA,NA,NA,NA,0,0,0,0,0,0,0,0,0,0,0,0,0,0,0,0,0,0,0,0,0,0,0,0,0.00286027397260274,0.00286027397260274,0.00286027397260274,NA,NA
Former U.S.S.R.,SUN,NA,NA,NA,NA,NA,NA,299,272,260,NA,264,265,--,--,--,--,--,--,--,--,--,--,--,--,--,--,--,--,--,--,--,--,--,--,--
Suriname,SUR,NA,NA,NA,NA,NA,NA,0.4,0.2,0.2,0.3,0.6,0.6,0.5,0.6,0.4,0.6,0.6,0.6,0.6,0.6,0.7,0.7,0.7,0.7,0.7,0.7,0.8,0.8,0.8,0.8,0.5,0.5,0.5,NA,NA
Slovakia,SVK,--,--,--,--,--,--,--,--,--,--,--,--,--,1.2,1.2,1.1,1,1.1,1,1,1,6.4,6.7,6.9,7,5.5,5.1,4.9,5.3,5.4,3.9,4.1,4.3,4.2,NA
Slovenia,SVN,--,--,--,--,--,--,--,--,--,--,--,--,1.4,1.2,1.2,1.1,1.2,2.4,2.4,2.7,2.9,2.8,2.7,2.8,2.6,2.8,2.6,2.7,2.7,2.5,2.7,2.5,2.7,2.4,NA
Sweden,SWE,5.561590606,5,5.5,9.7,14,12,16,21,19,21,24,25,31,28,31,27,27,28,31,23,25,37,46,36,37,44,46,48,44,31,41,45,40,47,NA
Eswatini,SWZ,NA,NA,NA,NA,NA,NA,0.0264,0.00511,0.025,0.03137,0.0421,0.02799,0.03,0.3,0.1,0.1,0.1,0.1,0.1,0.1,0.1,0.1,0.1,0.1,0.1,0.1,0.2,0.2,0.2,0.2,0.2,0.2,0.2,NA,NA
Seychelles,SYC,NA,NA,NA,NA,NA,NA,0,0,0,0.00969,0,0,0,0,0,0,0,0,0,0,0,0,0.1,0.0608284931506849,0.0950819672131148,0.0953424657534247,0.0921643835616438,0.09534246576,0.1,0.1,0.1,0.1,0.1,NA,NA
Syria,SYR,NA,NA,NA,NA,NA,NA,8.7,8,9.6,8.4,10,8.9,9.2,9.9,9.9,8.6,12,11,11,15,15,17,17,16,16,17,20,16,27,27,28,27,22,NA,NA
Turks and Caicos Islands,TCA,NA,NA,NA,NA,NA,NA,0,0,0,0,0,0,0,0,0,0,0,0,0,0,0,0,0,0,0,0,0,0,0,0,0,0,0,NA,NA
Chad,TCD,NA,NA,NA,NA,NA,NA,0,0.1,0.00104,0.00105,0.00444,0,0,0,0,0,0,0,0,0,0.0316939890710383,0.0317808219178082,0.0317808219178082,0.0317808219178082,0.0316939890710383,0,0.0317808219178082,0.03178082192,0.03178082192,0.0317808219178082,0.0317808219178082,0.0317808219178082,0.0317808219178082,NA,NA
Togo,TGO,NA,NA,NA,NA,NA,NA,0,0.02294,0.029,0.02542,0.0258,0,0,0.02135,0,0,0,0,0,0,0,0,0.0317808219178082,0.0635616438356164,0.0633879781420765,0.0635616438356164,0.3,0.09534246576,0.1,0.1,0.2,0.2,0.2,NA,NA
Thailand,THA,NA,NA,NA,NA,NA,NA,20,22,24,28,32,33,35,38,42,47,57,57,57,59,73,78,80,70,84,118,138,120,140,112,192,220,236,NA,NA
Tajikistan,TJK,--,--,--,--,--,--,--,--,--,--,--,--,0,0.7,0,0,0.2,0.2,0.2,0.2,0.2,0.2,0.2,0.2,0.2,0.2,0.2,0.2,0.2,0.2,0.2,0.2,0.3,NA,NA
Turkmenistan,TKM,--,--,--,--,--,--,--,--,--,--,--,--,8.7,7.4,10,8.4,11,13,17,18,19,20,23,27,26,26,23,25,26,16,20,24,29,NA,NA
Timor-Leste,TLS,--,--,--,--,--,--,--,--,--,--,--,--,--,--,--,--,--,--,--,--,--,--,--,0,0,0,0,0,0,0,0,0,0,NA,NA
Tonga,TON,NA,NA,NA,NA,NA,NA,0,0,0,0,0,0.017,0.03169,0.03178,0.03178,0.03178,0.03169,0.03178,0.03178,0.031780822,0.031693989,0.031780822,0,0,0,0.063561644,0,0,0,0,0,0,0,NA,NA
Trinidad and Tobago,TTO,NA,NA,NA,NA,NA,NA,1.5,1.2,1.6,1.8,1.6,1.7,1.8,1.4,1.4,1.9,1.1,1.8,1.9,3.4,2,2.9,2.1,1.8,1.9,2.1,5.3,6.3,1.9,2,1.8,1.1,0.6,NA,NA
Tunisia,TUN,NA,NA,NA,NA,NA,NA,5.9,5.9,6.4,8.4,7.6,8.2,8.7,9.1,9.9,10,10,11,11,8.6,12,13,11,12,12,12,15,15,15,15,16,15,15,NA,NA
Turkiye,TUR,21.71950611,22,23,27,27,27,33,38,42,46,51,54,59,67,66,75,80,91,101,107,143,121,114,112,124,132,111,109,107,115,117,117,115,119,NA
Tuvalu,TUV,NA,NA,NA,NA,NA,NA,0,0,0,0,0,0,0,0,0,0,0,0,0,0,0,0,0,0,0,0,0,0,0,0,0,0,0,NA,NA
Taiwan,TWN,NA,NA,NA,NA,NA,NA,35,36,40,42,43,42,43,47,46,47,48,50,49,51,51,51,55,55,61,66,68,76,63,73,67,69,61,NA,NA
Tanzania,TZA,NA,NA,NA,NA,NA,NA,0.02086,0.2,0.2,0.1,0.09831,0.1,0.2,0.2,0.2,0.2,0.2,0.2,0.2,0.2,0.2,0.1,0.2,0.2,0.2,0.2,0.2,0.2,0.2,0.3,0.6,0.8,1,NA,NA
Uganda,UGA,NA,NA,NA,NA,NA,NA,0,0,0,0.01786,0.03178,0.03178,0.03169,0.03178,0.03178,0.03178,0.03169,0.03178,0,0,0,0,0.0317808219178082,0.059633504109589,0.0316939890710383,0,0.00953424657534247,0.1,0.1,0.1,0.2,0.1,0.1,NA,NA
Ukraine,UKR,--,--,--,--,--,--,--,--,--,--,--,--,28,7.2,5.3,41,54,51,48,42,40,9.8,15,16,16,16,21,32,23,25,24,25,26,NA,NA
Uruguay,URY,NA,NA,NA,NA,NA,NA,1.3,0.3,1.7,1.8,2,2.1,2.2,2.3,4.5,1.9,2.8,3.3,3.4,3.8,3.7,3.7,3.6,3.1,2.8,2.7,2.9,3.3,3,4.1,4.2,4.4,4.6,NA,NA
United States,USA,NA,NA,NA,NA,NA,NA,NA,NA,NA,NA,NA,NA,NA,NA,NA,NA,NA,NA,NA,NA,NA,NA,NA,NA,NA,NA,2143,2189,2095,2142,2182,2276,2321,2539,2519
U.S. Pacific Islands,USIQ,NA,NA,NA,NA,NA,NA,0,0,0,0,0,0,0,0,0,0,0,0,0,0,0,0,0,0,0,0,0,0,0,0,0,0,0,NA,NA
U.S. Territories,USOH,NA,NA,NA,NA,NA,NA,0,0,0,0,0,0,0,0,0,0,0,0,0,0,0,0,0,0,0,0,0,0,0,0,0,0,0,NA,NA
Uzbekistan,UZB,--,--,--,--,--,--,--,--,--,--,--,--,3.4,4,5,5,6,7.2,8,0.5,1.5,10,13,8.3,9.4,11,1.1,0.9,0.8,0.9,0.8,0.8,0.7,NA,NA
Saint Vincent/Grenadines,VCT,NA,NA,NA,NA,NA,NA,0.03178,0.03178,0.03169,0.06356,0.06356,0.06356,0.06338,0.06356,0.09534,0.09534,0.09508,0.1,0.09534,0.0953424657534247,0.0950819672131148,0.0953424657534247,0.1,0.2,0.2,0.2,0.2,0.2,0.2,0.2,0.2,0.2,0.2,NA,NA
Venezuela,VEN,NA,NA,NA,NA,NA,NA,27,34,37,37,38,48,45,64,64,66,65,62,67,72,68,76,72,59,83,56,61,97,100,79,95,101,114,NA,NA
British Virgin Islands,VGB,NA,NA,NA,NA,NA,NA,0,0,0,0,0,0,0,0,0,0,0,0,0,0,0,0,0,0,0,0,0,0,0,0,0,0,0,NA,NA
U.S. Virgin Islands,VIR,NA,NA,NA,NA,NA,NA,2.1,3.9,3.9,5.8,7.7,6,6.1,0.9,3.2,3.5,4.7,4.5,4,5.2,5.1,4.7,7.2,7.4,0.5,0.5,4.6,8.2,7.8,8.4,8.1,9.7,9.6,NA,NA
Vietnam,VNM,NA,NA,NA,NA,NA,NA,0.1,0.2,0.2,0.2,0.03111,0.2,0.00111,0.00111,0.00111,0.00111,1.6,4,6.2,6.9,11,11,3.1,15,9.3,12,24,29,28,28,43,44,46,NA,NA
Vanuatu,VUT,NA,NA,NA,NA,NA,NA,0,0,0,0,0,0.026,0,0,0,0,0,0,0,0,0,0,0,0,0,0,0,0,0,0,0,0,0,NA,NA
Wake Island,WAK,NA,NA,NA,NA,NA,NA,0,0,0,0,0,0,0,0,0,0,0,0,0,0,0,0,0,0,0,0,0,0,0,0,0,0,0,NA,NA
World,WORL,NA,NA,NA,NA,NA,NA,NA,NA,NA,NA,NA,NA,NA,NA,NA,NA,NA,NA,NA,NA,NA,NA,NA,NA,NA,NA,8494,8723,8619.9,8711.4,9123.8,9410,9577.4,NA,NA
Samoa,WSM,NA,NA,NA,NA,NA,NA,0,0,0,0,0,0,0,0,0,0,0,0,0,0,0,0,0,0,0,0,0,0,0,0,0,0,0,NA,NA
Kosovo,XKS,--,--,--,--,--,--,--,--,--,--,--,--,--,--,--,--,--,--,--,--,--,--,--,--,--,--,--,--,1.4,1.5,1.4,1.5,1.4,NA,NA
Yemen,YEM,NA,NA,NA,NA,NA,NA,3,3.2,2.8,4.6,4,4.1,5.9,8.8,9.9,11,12,12,14,12,14,15,18,20,21,21,23,22,22,22,23,18,21,NA,NA
Former Yugoslavia,YUG,NA,NA,NA,NA,NA,NA,NA,NA,NA,NA,NA,NA,--,--,--,--,--,--,--,--,--,--,--,--,--,--,--,--,--,--,--,--,--,--,--
South Africa,ZAF,NA,NA,NA,NA,NA,NA,7,4.6,4.5,4.5,4.8,3.4,8.4,8.6,5.5,9.5,8.6,9.7,18,10,11,11,11,11,11,18,11,9.3,9,10,11,13,12,NA,NA
Zambia,ZMB,NA,NA,NA,NA,NA,NA,0.09598,0.1,0.08403,0.076,0.3,0.3,0.3,0.3,0.3,0.3,0.3,0.3,0.3,0.3,0.00067368306010929,0.1,0.1,0.1,0.1,0.1,0.1,0.09534246576,0.09534246576,0.1,0.0808444328767123,0.0503227287671233,0.1,NA,NA
Zimbabwe,ZWE,NA,NA,NA,NA,NA,NA,0,0.06356,0.5,0.5,0.5,0.3,0.3,0.2,0.2,0.2,0.3,0.3,0.3,0.3,0.1,0.1,0.1,0.1,0.1,0.1,0.1,0.1,0.1,0.1,0.1,0.1,0.1,NA,NA
