Country,Code,1980,1981,1982,1983,1984,1985,1986,1987,1988,1989,1990,1991,1992,1993,1994,1995,1996,1997,1998,1999,2000,2001,2002,2003,2004,2005,2006,2007,2008,2009,2010,2011,2012,2013,2014,2015,2016,2017
Aruba,ABW,,,,,,,0,0,0,0,2.1,1,1.4,1.4,0,0,0,0,0,0,0,0,0,0,0,0,0,0,0,0,0,0,0,0,0,,,
Afghanistan,AFG,,,,,,,0,0,0,0,0,0,0,0,0,0,0,0,0,0,0,0,0,0,0,0,0,0,0,0,0,0,0,0,0,,,
Africa,AFRC,,,,,,,598.2,616.9,625.5,639.8,675.7,685,656.1,680.5,675.4,702.2,713.5,685.3,654.5,715.2,683.2829785545573,710.254918501998,747.0165852726565,689.7302812931512,705.3542098262034,738.2595320876719,688.3154572043833,627.8250827835616,645.1919816721309,578.2912943013702,596.2868670575349,513.5249304328772,535.3694686628342,469.2496224000001,480.2852336935704,,,
Angola,AGO,,,,,,,12,12,12,12,12,12,12,12,12,14,12,13,12,14,11.3183881639344,10.5928031342466,11.3079077917808,13.5434712657534,13.4616906885246,13.6586167561644,12.7438465315068,13.1646762739726,12.862795147541,12.7345318356164,12.9032422684932,13.7733915616438,13.9323742295082,15.4554588821918,17.3975361205479,,,
Albania,ALB,,,,,,,14,13,12,11,8.8,5.5,5.5,4.2,3,3,0.8,0.8,0.8,1.4,0.860836,0.842197216438356,1.55087618630137,1.16924015342466,1.51494344262295,1.3389592109589,0.97521317260274,0.690439364383562,0.621573344262295,0.304168701369863,0.109983550684932,0.237525830136986,0.172116950819672,0.00926965479452055,0.120340997260274,,,
United Arab Emirates,ARE,,,,,,,41,45,47,52,51,56,51,52,59,39,49,39,37,41,40.8252027868852,40.4092846684932,35.7837300821918,26.1669306082192,28.393514557377,28.4429103123288,26.3794838794521,24.6906625972603,21.0677282622951,24.1510266739726,23.4118787835616,25.7810176438356,22.3956484918033,26.5495950575342,26.9425986739726,,,
Argentina,ARG,,,,,,,108,100,99,94,85,77,81,68,56,49,42,38,52,54,46.5220119016393,51.1716399780822,40.4286719342466,43.3373758356164,51.0421847213115,58.9510179287671,70.6857210082192,86.6464640876712,94.0870700983607,66.5768316164384,74.7567644712329,69.2324951342466,80.5454937377049,86.8495426191781,92.628311309589,,,
Armenia,ARM,,,,,,,--,--,--,--,--,--,0,0,0,0,0,0,0,0,0,0,0,0,0,0,0,0,0,0,0,0,0,0,0,,,
American Samoa,ASM,,,,,,,0,0,0,0,0,0,0,0,0,0,0,0,0,0,0,0,0,0,0,0,0,0,0,0,0,0,0,0,0,,,
Asia & Oceania,ASOC,,,,,,,2281,2301.3,2476.3,2601.5,2816.7,2921.7,3153.2,3201,3272.580821917808,3288.8631350684936,3208.182096010929,3355.6910723287674,3171.0981815068485,2985.535173501369,2946.252864256659,2808.438215469886,2597.608586953072,2845.5298146659634,2824.1364173665866,2767.226196474625,2750.713955594718,2645.227658344918,2473.758534592564,2150.8860830856133,2196.7791219958995,2080.3069387614632,1960.0529987825753,1793.4608041235592,1685.702562437123,,,
Antarctica,ATA,,,,,,,0,0,0,0,0,0,0,0,0,0,0,0,0,0,0,0,0,0,0,0,0,0,0,0,0,0,0,0,0,,,
Antigua and Barbuda,ATG,,,,,,,0,0,0,0,0,0,0,0,0,0,0,0,0,0,0,0,0,0,0,0,0,0,0,0,0,0,0,0,0,,,
Australia,AUS,84,74,72,68,50,53,37,40,39,44,45,51,47,44,41.5698630136986,46.2684931506849,31.6065573770492,33.1013698630137,31.1287671232877,30.9150684931507,36.7568306010929,33.7972602739726,27.8821917808219,25.0164383561644,17.5409836065574,20.7808219178082,18.7013698630137,17.5178082191781,17.3060109289617,15.8027397260274,17,16.8821917808219,17.6147540983607,13.1534246575342,11.9890410958904,,,
Austria,AUT,80,61,51,34,35,43,36,33,32,28,31,32,32,30,25.9780821917808,24.8876712328767,25.0464480874317,27.1808219178082,23.8054794520548,23.1178082191781,17.2377049180328,22.8849315068493,18.9287671232877,20.6602739726027,20.620218579235,21.7013698630137,18.358904109589,17.0904109589041,14.2049180327869,16.027397260274,18,16.9095890410959,16.827868852459,17.8684931506849,17.3397260273973,,,
Azerbaijan,AZE,,,,,,,--,--,--,--,--,--,61,84,78,81,75,73,76,73,76.2558374098361,49.9779927452055,48.5696800109589,46.7620958794521,47.5548415409836,57.8234573260274,55.0778199452055,55.7489872438356,31.4916186229508,6.86374704657534,5.8888581369863,6.34457766575343,6.90750631232877,6.96858828493151,5.58112343013699,,,
Burundi,BDI,,,,,,,0,0,0,0,0,0,0,0,0,0,0,0,0,0,0,0,0,0,0,0,0,0,0,0,0,0,0,0,0,,,
Belgium,BEL,197,175,159,115,118,79,133,139,118,102,100,129,119,117,95.0383561643836,87.0109589041096,120.579234972678,131.550684931507,142.115068493151,121.821917808219,140.806010928962,123.953424657534,134.369863013699,153.542465753425,147.68306010929,142.142465753425,125.942465753425,130.767123287671,119.729508196721,94.3342465753425,96,104.854794520548,102.584699453552,88.1616438356164,96.345205479452,,,
Benin,BEN,,,,,,,0,0,0,0,0,0,0,0,0,0,0,0,0,0,0,0,0,0,0,0,0,0,0,0,0,0,0,0,0,,,
Burkina Faso,BFA,,,,,,,0,0,0,0,0,0,0,0,0,0,0,0,0,0,0,0,0,0,0,0,0,0,0,0,0,0,0,0,0,,,
Bangladesh,BGD,,,,,,,4.9,6.1,5,4.7,4.9,5.5,5.7,5.8,5.8,5.8,6.7,1.7,1.4,1.1,1.51182406557377,1.4922018739726,1.24862804383562,1.45244702465753,6.69841570491803,5.72314316712329,6.73179129863014,6.50197765479452,5.60295068852459,3.7361911890411,6.56325517808219,7.05987106849315,5.32381137704918,6.25584858082192,5.83685329315069,,,
Bulgaria,BGR,,,,,,,115,111,111,64,46,33,34,35,43,40,33,29,26,25,21.9281810819672,21.4962709808219,23.336184230137,14.5478757369863,19.1714049508197,24.1853603835616,29.5551557589041,30.2254910794521,31.0109700983607,29.7832322630137,27.5846242849315,27.6291191671233,28.8350987213115,31.6895917150685,31.1800378849315,,,
Bahrain,BHR,,,,,,,62,58,61,60,63,65,64,56,61,55,62,54,57,64,58.1385245901639,47.0944109589041,51.7290410958904,54.885698630137,49.7498360655738,52.8238356164384,50.068602739726,42.7152328767123,40.5604918032787,42.7334794520548,42.1860821917808,49.3752328767123,44.1998360655738,45.6894246575342,39.138904109589,,,
The Bahamas,BHS,,,,,,,0,0,0,0,0,0,0,0,0,0,0,0,0,0,0,0,0,0,0,0,0,0,0,0,0,0,0,0,0,,,
Bosnia and Herzegovina,BIH,,,,,,,--,--,--,--,--,--,0,0,0,0,0,0,0,0,4.04577340983607,2.14744477808219,2.1594472109589,0.676653928767123,1.46362990163934,1.38714364931507,0.00522213698630137,0.00253150684931507,1.01152518032787,6.45516286027397,4.99399620821918,4.30681604383562,3.48612036065574,2.37396006575342,2.8720458739726,,,
Belarus,BLR,,,,,,,--,--,--,--,--,--,98,118,94,105,91,86,81,81,87.7703480655738,83.9693335561644,97.0524579945206,91.5710012054795,104.993204491803,120.452611956164,121.144071978082,118.719069928767,129.914206327869,138.750871989041,97.5155956273973,122.346624361644,138.28061557377,126.341217928767,112.816535868493,,,
Belize,BLZ,,,,,,,0,0,0,0,0,0,0,0,0,0,0,0,0,0,0,0,0,0,0,0,0,0,0.000840486557377049,0.000842789260273973,0.000842562726575343,0.000922382294794521,0.000423669652459016,0.00056318794520548,0.000470783171506849,,,
Bermuda,BMU,,,,,,,0,0,0,0,0,0,0,0,0,0,0,0,0,0,0,0,0,0,0,0,0,0,0,0,0,0,0,0,0,,,
Bolivia,BOL,,,,,,,4.9,6,5.8,6.3,7.2,7.9,7.2,0.1,0.8,0.8,0.5,0.5,0.5,0.6,5.44096409836066,8.46477468493151,9.98530047123288,8.74638496438356,8.50136078688525,10.2393718684932,10.3884041424658,10.2361479452055,9.49841259016393,6.72311815890411,7.70934835068493,8.18899824657534,6.73938049180328,7.55427215342466,8.24887246027397,,,
Brazil,BRA,,,,,,,248,231,214,226,235,225,237,231,236,233,266,295,336,306,303.659038251366,324.633010958904,310.263076712329,286.140884931507,296.321871584699,280.386019178082,284.004347945206,284.831394520548,281.269510928962,260.881504109589,255.970915068493,240.997926027397,248.312401639344,265.085657534247,279.920805479452,,,
Barbados,BRB,,,,,,,2.5,2.5,2.4,2.7,2.7,2.8,2.4,2.7,2.7,2.9,0.5,2.1,0.00079,0.000795616438356164,0.000553491147540984,0.000630518794520548,0.000394755945205479,0.000394336438356164,0.000404554754098361,0.000421184876712329,0.00042957501369863,0,0.000396,0,0.000396,0,0,0,0,,,
Brunei,BRN,,,,,,,0.08198,0.08793,0.0885,0.09453,0.08701,1,0.2,1.1,1.1,1.2,1.3,1.5,1.3,1.2,1.45962327868852,1.52168728767123,1.43511672328767,1.56882216986301,1.78571927868852,1.77149460821918,2.11346856986301,1.95376632328767,1.84788301639344,1.71251983561644,1.83170745205479,1.94708117260274,1.31694452459016,1.59508316712329,1.41966443835616,,,
Bhutan,BTN,,,,,,,0,0,0,0,0,0,0,0,0,0,0,0,0,0,0,0,0,0,0,0,0,0,0,0,0,0,0,0,0,,,
Botswana,BWA,,,,,,,0,0,0,0,0,0,0,0,0,0,0,0,0,0,0,0,0,0,0,0,0,0,0,0,0,0,0,0,0,,,
Central African Republic,CAF,,,,,,,0,0,0,0,0,0,0,0,0,0,0,0,0,0,0,0,0,0,0,0,0,0,0,0,0,0,0,0,0,,,
Canada,CAN,342,301,243,207,151,122,114,122,139,145,150,138,127,123,114.93698630137,108.312328767123,115.784153005464,124.443835616438,131.997260273973,116.797260273973,118.601092896175,132.4,124.386301369863,144.550684931507,157.33606557377,149.306849315068,140.372602739726,152.945205479452,141.920765027322,115.057534246575,121,119.868493150685,131.475409836066,122.468493150685,111.983561643836,,,
Switzerland,CHE,16,12,13,15,13,13,13,11,12,8.2,8.9,17,15,16,14.8849315068493,13.641095890411,15.7896174863388,13.4821917808219,12.5287671232877,14.0520547945205,13.2896174863388,13.7150684931507,13.1452054794521,13.4301369863014,12.3415300546448,10.8,10.3178082191781,10.3205479452055,10.5409836065574,6.75342465753425,6.6,6.07671232876712,4.86885245901639,6.45205479452055,6.96712328767123,,,
Chile,CHL,31,26,18,19,19,18,20,19,22,27,29,27,29,29,29.7643835616438,32.2739726027397,30.7021857923497,30.9178082191781,29.3178082191781,26.5123287671233,29.5546448087432,29.2794520547945,25.4712328767123,33.7260273972603,42.5573770491803,42.9013698630137,48.7945205479452,45.3561643835616,35.3633879781421,31.6602739726027,26,24.4630136986301,22.1256830601093,23.386301369863,22.2684931506849,,,
China,CHN,,,,,,,537,569,567,571,624,604,645,642,601,577,539,576,429,327,424.706996196721,392.58890068274,392.973037847671,428.063283202192,444.194984370492,400.01153360548,427.32181372274,449.169415324931,410.302350531148,349.533779947397,380.200720530411,318.057149694247,284.589454918356,338.982193676712,401.32523970411,,,
Ivory Coast,CIV,,,,,,,9.9,9.7,11,14,14,11,11,9.6,8.9,9.2,12,13,14,14,8.88352485245902,8.38424574246575,6.95458195068493,6.47686405479452,4.77058567213115,13.7979448767123,13.1928950465753,10.0543628712329,12.8924231803279,8.87768166575342,10.3378512986301,6.6011474630137,10.7590971803279,9.42752018630137,8.07929868493151,,,
Cameroon,CMR,,,,,,,11,11,11,11,13,11,5.3,3,3.1,2.9,2.7,3.1,3.2,3.5,7.64733724590164,6.94425971506849,6.10654635616438,7.47479345753425,7.55199072131147,6.72527233972603,6.97518164383562,7.22353130958904,6.99547347540984,5.20706991780822,6.57352711232877,6.89348778082192,5.49506018630137,3.83582623561644,5.3749458739726,,,
Congo-Kinshasa,COD,,,,,,,2.1,0.05888,0.1,0.1,0.1,0.6,2.4,3.2,3.2,3.3,3.4,2.5,2.4,0.2,0,0,0,0,0,0,0,0,0,0,0,0,0,0,0,,,
Congo-Brazzaville,COG,,,,,,,6,4.3,3.9,4.3,5.3,5.9,5,5,5.4,4.8,4.9,5.7,0,0,3.90731973770492,5.00831855342466,4.27018024109589,5.37591609863014,5.50468452459016,5.50102418630137,7.04369273424657,8.16201218630137,6.09123678688525,6.54974646575343,4.31825625205479,3.74947065205479,5.15302155616438,6.06256546849315,6.26763741369863,,,
Cook Islands,COK,,,,,,,0,0,0,0,0,0,0,0,0,0,0,0,0,0,0,0,0,0,0,0,0,0,0,0,0,0,0,0,0,,,
Colombia,COL,,,,,,,60,68,64,66,66,78,70,67,58,62,56,58,55,61,57.5040702295082,61.0909935452055,61.275761490411,57.6429288328767,64.768981704918,59.6804640657534,54.872409830137,64.6746295232877,64.5190115081967,63.0674136,70.5549540821918,76.9412260931507,80.0713107616438,79.1015415780822,87.0886154630137,,,
Comoros,COM,,,,,,,0,0,0,0,0,0,0,0,0,0,0,0,0,0,0,0,0,0,0,0,0,0,0,0,0,0,0,0,0,,,
Cabo Verde,CPV,,,,,,,0,0,0,0,0,0,0,0,0,0,0,0,0,0,0,0,0,0,0,0,0,0,0,0,0,0,0,0,0,,,
Costa Rica,CRI,,,,,,,3.8,4.5,3.9,5.2,3.8,3.1,4.6,4.9,4.2,5.8,5.6,6.1,0.5,0,0.0197821639344262,2.8464978739726,4.62574316712329,4.31561339178082,4.7762728852459,4.56072243287671,5.72461499178082,6.41842947945205,3.92585957377049,1.81104624657534,3.83897362191781,1.17150897534247,0,0,0,,,
Central & South America,CSAM,,,,,,,1182,1109,1147.1,1183.3,1162.9,1186.1,1185.6,1140.2,1094.464383561644,1121.9739726027397,1145.4021857923497,1141.817808219178,1142.118598219178,1117.1131243835616,1154.7016226894968,1204.752905565002,1117.6164742486358,1042.7030316720109,1133.8125120671803,1082.1235643503778,1109.2630725600447,1093.2431974826964,1207.2233003700876,1141.4584818188816,1051.242515079285,1073.5434096505355,1031.9504648083348,1047.4824229354083,1060.197345777254,,,
Former Czechoslovakia,CSK,184,181,151,149,127,125,122,119,105,101,75,60,56,--,--,--,--,--,--,--,--,--,--,--,--,--,--,--,--,--,--,--,--,--,,,,
Cuba,CUB,,,,,,,62,63,71,76,73,70,44,44,42,46,42,18,9.9,11,15.1294062622951,17.0916672328767,14.596019769863,19.3390442630137,16.180274,16.2668176767123,16.8344353972603,17.7384723616438,49.8788812131148,49.2916208219178,45.7380071342466,43.5840976109589,47.2708590575343,44.2354967671233,45.5835395178082,,,
Cayman Islands,CYM,,,,,,,0,0,0,0,0,0,0,0,0,0,0,0,0,0,0,0,0,0,0,0,0,0,0,0,0,0,0,0,0,,,
Cyprus,CYP,,,,,,,3.1,3.7,4.3,3.6,3.2,4.5,5,5.9,6,5.7,5.7,8,8.3,9.3,9.2442571147541,9.09965322739726,8.00703961643836,6.86436216986301,2.11020036065574,0,0,0,0,0,0,0,0,0,0,,,
Czechia,CZE,--,--,--,--,--,--,--,--,--,--,--,--,--,29,30.3287671232877,25.8904109589041,28.7978142076503,26.9123287671233,26.7150684931507,19.9342465753425,16.0601092896175,13.6575342465753,6.64931506849315,7.86301369863014,6.94808743169399,10.2712328767123,6.73698630136986,7.36986301369863,5.90437158469945,4.59452054794521,4.2,3.44931506849315,2.55464480874317,2.61643835616438,2.20821917808219,,,
East,DDR,171,164,170,171,180,178,179,155,116,79,61,--,--,--,--,--,--,--,--,--,--,--,--,--,--,--,--,--,--,--,--,--,--,--,,,,
Germany,DEU,,,,,--,--,--,--,--,--,--,217,250,254,248.545205479452,240.01095890411,235.371584699454,215.947945205479,239.449315068493,208.893150684931,230.29781420765,233.084931506849,215.312328767123,216.153424657534,246.986338797814,235.772602739726,241.816438356164,241.531506849315,211.879781420765,172.402739726027,140,137.024657534247,146.603825136612,137.443835616438,135.964383561644,,,
West,DEUW,354,383,388,321,171,145,131,132,162,169,172,--,--,--,--,--,--,--,--,--,--,--,--,--,--,--,--,--,--,--,--,--,--,--,,,,
Djibouti,DJI,,,,,,,0,0,0,0,0,0,0,0,0,0,0,0,0,0,0,0,0,0,0,0,0,0,0,0,0,0,0,0,0,,,
Dominica,DMA,,,,,,,0,0,0,0,0,0,0,0,0,0,0,0,0,0,0,0,0,0,0,0,0,0,0,0,0,0,0,0,0,,,
Denmark,DNK,40,32,36,40,38,35,38,40,42,43,39,36,39,42,40.3232876712329,42.4493150684931,42.2021857923497,30.7315068493151,28.2739726027397,28.8438356164384,30.7513661202186,29.3150684931507,29.9698630136986,27.0383561643836,26.7704918032787,24.8164383561644,25.9643835616438,25.0082191780822,24.2841530054645,22.2849315068493,21,20.2465753424658,26.7704918032787,26.7671232876712,29.6191780821918,,,
Dominican Republic,DOM,,,,,,,10,8.1,7.5,7.3,7.5,10,18,13,14,19,19,21,21,13,18.8123042622951,13.2689300054795,14.4418488328767,14.5023781150685,15.911423147541,14.7411252821918,14.6756416438356,13.6939116164384,11.912501442623,6.95346417534247,7.2339141369863,7.43675204383562,6.35177654794521,7.4629746739726,7.00376018630137,,,
Algeria,DZA,,,,,,,111,111,113,116,110,116,112,114,104,109,112,114,100,110,106.142995770492,110.821393117808,112.04673629589,116.942030005479,106.205001868852,95.3185030356164,102.560710750685,100.684602739726,115.303443213115,108.055428263014,112.252542443836,106.70597260274,93.3312328767123,97.7651506849315,120.317917808219,,,
Ecuador,ECU,,,,,,,38,35,45,43,46,46,45,37,27,30,61,54,62,63,70.0078993114754,64.6249832876712,62.4435850520548,55.7691569753425,60.1360016065574,63.2009972712329,64.2055456438356,71.6557580383562,68.4116503278689,63.5976693369863,57.2892734136986,66.1658025534247,60.2915300712329,71.4615243616438,65.8682370410959,,,
Egypt,EGY,,,,,,,190,197,197,203,214,219,218,221,227,226,229,238,237,232,198.732878918033,197.306158257534,192.243240887671,201.166834882192,213.31518095082,208.339038673973,202.578421709589,209.156896767123,181.56051357377,175.071547791781,169.317470761644,152.817510312329,174.609853249315,150.139622860274,153.66107549589,,,
Eritrea,ERI,,,,,,,--,--,--,--,--,--,--,--,6,5.6,5.6,5.6,0,0,0,0,0,0,0,0,0,0,0,0,0,0,0,0,0,,,
Western Sahara,ESH,,,,,,,0,0,0,0,0,0,0,0,0,0,0,0,0,0,0,0,0,0,0,0,0,0,0,0,0,0,0,0,0,,,
Spain,ESP,397,391,344,303,302,269,285,262,247,275,282,284,297,262,251.832876712329,244.128767123288,221.095628415301,240.731506849315,266.095890410959,249.621917808219,230.508196721311,208.235616438356,214.208219178082,179.008219178082,160.814207650273,159.380821917808,163.372602739726,165.046575342466,169.852459016393,161.641095890411,147,140.082191780822,115.18306010929,93.586301369863,79.2054794520548,,,
Estonia,EST,,,,,,,--,--,--,--,--,--,0,0,0,0,0,0,0,0,0,0,0,0,0,0,0,0,0,0,0,0,0,0,0,,,
Ethiopia,ETH,,,,,,,6,6.4,5.8,6.8,6.5,3.2,4.7,5.9,0,0,0,0,0,0,0,0,0,0,0,0,0,0,0,0,0,0,0,0,0,,,
European Union,EU27,3607,3327,2938,2689,2331.1,2087.4,2488.1,2402.4,2333.8,2294.5,2256.2,2189.5,2272.9,2216.9,2062.9123287671227,2006.2232876712324,1987.1535519125698,2016.6684931506843,2125.8972602739727,1881.4945205479441,1880.302036557376,1853.8430548926108,1846.623647375343,1810.1596667178092,1849.6194664590166,1847.308094827396,1822.728402181181,1730.9439633972606,1616.8269812568299,1447.2160246027402,1398.8413985972602,1317.903933534247,1310.7410879527206,1154.3647685808212,1125.337951978083,78.47834781369862,,
Eurasia,EURA,,,,,,,3517,3340,3145,3317,3194,3122,2382.6,1804.9,1846.5,1633.3,1675.1,1630.23679,1483.34397,1436.4035672547946,1357.6934754754127,1447.2356739148433,1560.0983502375118,1529.3492039931741,1563.4717699672158,1654.082906767119,1663.866890638312,1671.7586381260296,1681.521250524587,1674.709209961645,1757.6150998684882,1753.1499236712305,1758.8877200893774,1791.41405487123,1848.071120317813,,,
Europe,EURO,,,,,,,2993.1,2934.4,2881.8,2863.7,2849.9,2750,2725,2686.6,2487.8356164383554,2442.0589041095886,2430.3191256830614,2457.2808219178073,2545.0150684931505,2290.2876712328753,2278.907343049179,2255.023356920008,2211.3956869808226,2198.0639953753434,2253.6447246448097,2211.563270816437,2195.8499964824614,2096.0496742356163,1937.0194426775947,1685.4407655561652,1609.647041260274,1524.3230164273982,1480.1991432221569,1333.428752350684,1307.9013305643844,,,
Finland,FIN,81,63,47,44,37,36,28,31,31,25,29,26,21,19,19.1013698630137,22.4246575342466,21.1120218579235,19.5753424657534,22.9342465753425,21.9972602739726,24.2841530054645,23.0630136986301,24.7917808219178,22.3561643835616,25.7322404371585,23.2739726027397,23.9424657534247,24.772602739726,24.0546448087432,25.8739726027397,22,23.4520547945205,22.6830601092896,24.227397260274,21.5561643835616,,,
Fiji,FJI,,,,,,,0,0,0,0,0,0,0,0,0,0,0,0,0,0,0,0,0,0,0,0,0,0,0,0,0,0,0,0,0,,,
Falkland Islands,FLK,,,,,,,0,0,0,0,0,0,0,0,0,0,0,0,0,0,0,0,0,0,0,0,0,0,0,0,0,0,0,0,0,,,
France,FRA,615,531,404,349,275,259,250,228,220,220,219,220,220,223,187.898630136986,187.98904109589,183.245901639344,191.767123287671,222.569863013699,174.150684931507,178.72131147541,190.871232876712,181.750684931507,194.065753424658,209.218579234973,208.857534246575,210.041095890411,202.2,200.937158469945,167.523287671233,163,159.452054794521,145.090163934426,119,114.509589041096,,,
Faroe Islands,FRO,,,,,,,0,0,0,0,0,0,0,0,0,0,0,0,0,0,0,0,0,0,0,0,0,0,0,0,0,0,0,0,0,,,
Gabon,GAB,,,,,,,3.2,3.3,3.1,5.3,5.4,5.5,5.6,5,5.6,5.6,6.5,5.4,4.6,5.4,4.82029652459016,4.60465367671233,6.81013295342466,5.36946036164384,5.93146268852459,5.9171210630137,6.11565340273973,6.70560910684932,6.83771416393443,8.36968395616438,9.88265049863014,10.0483659616438,7.22578298360656,8.04675218630137,7.7126512109589,,,
United Kingdom,GBR,474,386,340,298,273,267,259,261,255,266,280,273,258,275,244.358904109589,234.802739726027,242.846994535519,248.490410958904,238.191780821918,215.446575342466,209.060109289617,210.501369863014,186.446575342466,203.498630136986,228.92349726776,207.564383561644,216.950684931507,208.676712328767,191.866120218579,149.046575342466,132,139.852054794521,127.448087431694,114.616438356164,95.6,,,
Georgia,GEO,,,,,,,--,--,--,--,--,--,3.6,1.9,1.5,0.3,0.1,0.2,0.3,0.5,0.186771868852459,0.186947967123288,0.224141983561644,0.24262941369863,0.260403409836066,0.0759727561643836,0.0757029698630137,0.246034652054794,0.32064,0.0941904,0,0,0.00207258082191781,0,0,,,
Ghana,GHA,,,,,,,6,4.5,5,5.3,4,2.7,3.7,3.7,5.6,5.5,2.2,5.5,5.5,5.7,5.05805314754098,5.06678866849315,3.91017340273973,3.39036519452055,4.09426114754098,4.20203585753425,3.10774076712329,1.25563308493151,4.45121878688525,0.554126104109589,1.49602382465753,2.53861463013699,1.86765963934426,1.43053019178082,0.747344679452055,,,
Gibraltar,GIB,,,,,,,0,0,0,0,0,0,0,0,0,0,0,0,0,0,0,0,0,0,0,0,0,0,0,0,0,0,0,0,0,,,
Guinea,GIN,,,,,,,0,0,0,0,0,0,0,0,0,0,0,0,0,0,0,0,0,0,0,0,0,0,0,0,0,0,0,0,0,,,
Guadeloupe,GLP,,,,,,,0,0,0,0,0,0,0,0,0,0,0,0,0,0,0,0,0,0,0,0,0,0,0,0,0,0,0,0,0,,,
The,GMB,,,,,,,0,0,0,0,0,0,0,0,0,0,0,0,0,0,0,0,0,0,0,0,0,0,0,0,0,0,0,0,0,,,
Guinea-Bissau,GNB,,,,,,,0,0,0,0,0,0,0,0,0,0,0,0,0,0,0,0,0,0,0,0,0,0,0,0,0,0,0,0,0,,,
Equatorial Guinea,GNQ,,,,,,,0,0,0,0,0,0,0,0,0,0,0,0,0,0,0,0,0,0,0,0,0,0,0,0,0,0,0,0,0,,,
Greece,GRC,127,138,118,99,78,79,115,109,97,99,99,95,93,78,93.7972602739726,107.106849315068,122.109289617486,126.331506849315,122.978082191781,111.78904109589,132.349726775956,130.076712328767,127.021917808219,131.764383561644,125.032786885246,122.920547945205,122.797260273973,125.750684931507,105.877049180328,105.301369863014,104,90.9534246575342,98.3196721311475,100.569863013699,106.783561643836,,,
Grenada,GRD,,,,,,,0,0,0,0,0,0,0,0,0,0,0,0,0,0,0,0,0,0,0,0,0,0,0,0,0,0,0,0,0,,,
Greenland,GRL,,,,,,,0,0,0,0,0,0,0,0,0,0,0,0,0,0,0,0,0,0,0,0,0,0,0,0,0,0,0,0,0,,,
Guatemala,GTM,,,,,,,2.5,3.2,3.2,3.3,3.8,3.3,5.4,5.2,5.4,5.7,5.2,4.5,4.7,6.1,6.00962619672131,5.50692470136986,4.01160624657534,0.0213192657534247,0.0190776065573771,0.0156002301369863,0.0171296219178082,0.0200412164383562,0.0142693442622951,0.0209019287671233,0.016675397260274,0.0196361753424658,0.0171430491803279,0.0140108054794521,0.0171636164383562,,,
French Guiana,GUF,,,,,,,0,0,0,0,0,0,0,0,0,0,0,0,0,0,0,0,0,0,0,0,0,0,0,0,0,0,0,0,0,,,
Guam,GUM,,,,,,,0,0,0,0,0,0,0,0,0,0,0,0,0,0,0,0,0,0,0,0,0,0,0,0,0,0,0,0,0,,,
Guyana,GUY,,,,,,,0,0,0,0,0,0,0,0,0,0,0,0,0,0,0,0,0,0,0,0,0,0,0,0,0,0,0,0,0,,,
Hawaiian Trade Zone,HITZ,,,,,,,20,--,--,--,--,--,--,--,--,--,--,--,--,--,--,--,--,--,--,--,--,--,--,--,--,--,--,--,--,,,
Hong Kong,HKG,,,,,,,0,0,0,0,0,0,0,0,0,0,0,0,0,0,0,0,0,0,0,0,0,0,0,0,0,0,0,0,0,,,
Honduras,HND,,,,,,,1.6,1.5,1.6,2.9,3.5,3.4,2.9,0,0,0,0,0,0,0,0,0,0,0,0,0,0,0,0,0,0,0,0,0,0,,,
Croatia,HRV,,,,,,,--,--,--,--,--,--,36,32,32,34,26,28,27,31,21.6615458688525,19.9997177753425,20.7884584109589,20.3943258739726,19.8911640327869,22.5913861808219,21.3468300164384,23.0059576438356,21.7676451147541,20.8034757369863,17.0442750575342,14.3420819835616,11.319131309589,10.3289093589041,8.55421071780822,,,
Haiti,HTI,,,,,,,0,0,0,0,0,0,0,0,0,0,0,0,0,0,0,0,0,0,0,0,0,0,0,0,0,0,0.00246111475409836,0,0,,,
Hungary,HUN,65,63,54,54,42,37,34,29,34,35,30,32,34,38,31.4739726027397,29.4054794520548,26.3469945355191,24.7424657534247,22.9561643835616,24.0191780821918,24.0546448087432,23.1342465753425,7.4027397260274,6.48493150684932,5.58469945355191,3.85479452054795,4.22465753424658,3.53424657534247,3.57650273224044,2.91780821917808,2,2.36986301369863,1.58469945355191,1.82191780821918,1.02191780821918,,,
Indonesia,IDN,,,,,,,92,181,192,174,202,206,228,225,219,224,173,216,207,208,235.463233180328,230.543943156164,220.000987726027,221.980827846575,205.984801508197,195.236419627397,190.498767978082,187.548233457534,184.50843652459,189.670201216438,190.460216054795,161.172,139.423278688525,131.557808219178,135.042904109589,,,
India,IND,,,,,,,152,167,178,176,185,183,207,205,198,191,204,214,292,227,207.297049180328,223.100876712329,222.006082191781,243.993205479452,272.404918032787,261.017260273973,286.416493150685,288.368876712329,321.790819672131,334.751671232877,374.401479452055,336.339123287671,273.933442622951,244.595342465753,217.480931506849,,,
Ireland,IRL,16,6,4,8,8.1,8.4,10,9.7,8.5,8.9,11,11,12,12,14.5178082191781,13.8767123287671,13.6256830601093,18.0986301369863,19.4383561643836,17.4575342465753,20.3743169398907,20.4630136986301,18.8904109589041,17.772602739726,17.0409836065574,18.6301369863014,19.4575342465753,22.3205479452055,20.4644808743169,16.4630136986301,17,18.9452054794521,17.0382513661202,16.5917808219178,16.5616438356164,,,
Iran,IRN,,,,,,,203,185,210,228,300,261,265,283,281,271,270,355,371,404,517.114426229508,504.134630136986,504.025150684931,485.158191780822,470.239672131148,478.881369863014,479.30104109589,459.284547945206,485.142786885246,478.662410958904,480.523561643836,484.282356164384,501.283278688525,487.749205479452,427.71797260274,,,
Iraq,IRQ,,,,,,,128,115,148,162,160,95,124,152,171,171,170,146,149,144,156.717745180328,141.231017490411,178.298348679452,140.661087616438,161.483715573771,158.281220087671,164.954207638356,106.481792482192,215.605177540984,216.654157873973,252.963572942466,253.287832241096,283.766162295082,293.276843671233,248.272625687671,,,
Iceland,ISL,0,0,0,0,0,0,0,0,0,0,0,0,0,0,0,0,0,0,0,0,0,0,0,0,0,0,0,0,0,0,0,0,0,0,0,,,
Israel,ISR,57,61,70,65,62,61,57,59,61,64,70,68,78,80,80.3397260273973,80.3232876712329,70.1857923497268,70.1616438356164,73.8054794520548,70.7972602739726,69.3934426229508,65.2301369863014,61.4876712328767,62.7835616438356,57.6448087431694,59.8876712328767,58.7506849315068,50.8356164383562,51.1311475409836,44.4520547945205,46,45.3369863013699,32.9836065573771,54.5095890410959,43.3643835616438,,,
Italy,ITA,700,670,608,550,459,388,416,414,415,411,447,430,416,409,368.235616438356,351.958904109589,338.893442622951,342.043835616438,358.071232876712,325.241095890411,313.849726775956,321.386301369863,323.652054794521,304.915068493151,308.931693989071,330.471232876712,306.471232876712,307.038356164384,258.975409836066,233.032876712329,197,159.78904109589,172.745901639344,109.353424657534,108.750684931507,,,
Jamaica,JAM,,,,,,,13,11,6.8,8.3,11,8.6,11,6.5,7.3,9.3,9.2,9.5,9.8,5,9.87510340983606,9.64000806575343,11.073532569863,9.25249009315069,6.75797242622951,5.00771552876712,10.4963007780822,11.1513914958904,14.2591109508197,13.9059213041096,13.2628845369863,13.5527103123288,12.8844016721311,13.0345051726027,10.8338657753425,,,
Jordan,JOR,,,,,,,13,14,12,14,15,11,15,18,18,19,19,20,24,24,28.244019442623,26.2322624876712,25.3353241972603,24.8691424438356,28.628684,26.4756772897644,25.1517946386082,23.018388240789,19.2507101316393,17.7542612526575,20.6314578102575,16.714577621063,19.1339821998361,17.2660985328,15.6416200472877,,,
Japan,JPN,1915,1234,1132,1027,937,764,693,655,665,695,749,747,791,795,864.142465753425,808.687671232877,741.808743169399,763.854794520548,739.443835616438,683.043835616438,649.44262295082,598.449315068493,568.594520547945,649.764383561644,576.125683060109,576.643835616438,552.945205479452,525.997260273973,512.786885245902,423.213698630137,388,398.375342465753,461.232240437158,382.668493150685,346.920547945206,,,
Kazakhstan,KAZ,,,,,,,--,--,--,--,--,--,110,96,81,83,73,64,58,41,43.3973811147541,55.6063685917808,53.1981834739726,58.3701251506849,51.7167966885246,67.7482211506849,63.8356491616438,50.2085909917808,61.4683897377049,62.7716860273973,73.1113271342466,81.7955036712329,75.5606402630137,71.9408067287671,74.7665238575342,,,
Kenya,KEN,,,,,,,12,12,12,12,13,12,13,13,12,10,9.8,9.5,9.7,9.7,11.7514561639344,10.2180523068493,10.1489197150685,10.3085570630137,11.7366275081967,11.2051258849315,11.3033162630137,10.1584557369863,9.77335714754098,9.49034275068493,8.61181939726027,9.92825473972603,5.71371760655738,3.51745331506849,3.72156345205479,,,
Kyrgyzstan,KGZ,,,,,,,--,--,--,--,--,--,0,0,0,0,0,0.02907,0.04041,0.9,0.85788262295082,0.765905161643836,0.755207968654532,0.75314455890411,0.787460032786885,0.788845709589041,0.824895123287671,1.0536437260274,1.10792042622951,0.737044339726027,0.828326038356164,0.862911517808219,0.732766454794521,0.768045205479452,0.970386904109589,,,
Cambodia,KHM,,,,,,,0,0,0,0,0,0,0,0,0,0,0,0,0,0,0,0,0,0,0,0,0,0,0,0,0,0,0,0,0,,,
Kiribati,KIR,,,,,,,0,0,0,0,0,0,0,0,0,0,0,0,0,0,0,0,0,0,0,0,0,0,0,0,0,0,0,0,0,,,
Saint Kitts and Nevis,KNA,,,,,,,0,0,0,0,0,0,0,0,0,0,0,0,0,0,0,0,0,0,0,0,0,0,0,0,0,0,0,0,0,,,
South Korea,KOR,252,241,223,248,226,196,197,193,237,281,275,431,511,540,562.561643835616,597.61095890411,607.554644808743,640.6,565.78904109589,648.430136986301,619.800546448087,606.465753424658,507.506849315069,548.857534246575,544.357923497268,571.21095890411,560.830136986301,496.523287671233,405.355191256831,336.6,341,336.575342465753,281.265027322404,215.605479452055,148.419178082192,,,
Kuwait,KWT,,,,,,,261,282,264,272,180,32,194,199,187,186,187,192,209,215,166.059011672131,118.979298082192,145.377747024658,188.831889106849,187.595102885246,177.688836558904,228.588198147945,221.76662649863,216.212075737705,203.348110126027,208.962711057534,206.268808273973,207.516643901639,197.549845808219,197.57055149589,,,
Laos,LAO,,,,,,,0,0,0,0,0,0,0,0,0,0,0,0,0,0,0,0,0,0,0,0,0,0,0,0,0,0,0,0,0,,,
Lebanon,LBN,,,,,,,13,9.7,7.8,8,4.7,3.2,3,2.6,0,0,0,0,0,0,0,0,0,0,0,0,0,0,0,0,0,0,0,0,0,,,
Liberia,LBR,,,,,,,0,0,0,0,0,0,0,0,0,0,0,0,0,0,0,0,0,0,0,0,0,0,0,0,0,0,0,0,0,,,
Libya,LBY,,,,,,,57,79,86,76,91,92,91,93,91,97,98,92,92,94,120.464818557377,122.137303035616,120.154761238356,117.534761654795,135.534114032787,134.223995934247,125.277111978082,101.175072821918,109.791252852459,93.4344889972603,119.530341369863,31.9099225972603,49.290069139726,15.7122433972603,31.4941153315069,,,
Saint Lucia,LCA,,,,,,,0,0,0,0,0,0,0,0,0,0,0,0,0,0,0,0,0,0,0,0,0,0,0,0,0,0,0,0,0,,,
Sri Lanka,LKA,,,,,,,11,11,12,8.5,11,11,9.5,11,13,11,15,13,14,13,14.0046952459016,13.091363539726,14.7278975342466,13.6735784876712,14.8637055409836,11.8696726684932,14.5148844821918,14.5664596931507,13.7754059344262,14.7585203835616,12.9586415013699,11.6905939068493,12.1858070163934,13.6265606794521,12.1485583890411,,,
Lesotho,LSO,,,,,,,0,0,0,0,0,0,0,0,0,0,0,0,0,0,0,0,0,0,0,0,0,0,0,0,0,0,0,0,0,,,
Lithuania,LTU,,,,,,,--,--,--,--,--,--,29,32,26,18,18,27,27,17,15.8675606885246,23.0520143013699,24.1878555287671,27.1478426630137,32.8075167868852,35.3515674410959,37.6174584,26.7734461808219,38.1607157704918,32.6463576986301,34.2721156931507,34.6655543013699,33.6198633863014,36.0141031232877,29.132854060274,,,
Luxembourg,LUX,0,0,0,0,0,0,0,0,0,0,0,0,0,0,0,0,0,0,0,0,0,0,0,0,0,0,0,0,0,0,0,0,0,0,0,,,
Latvia,LVA,,,,,,,--,--,--,--,--,--,0,0,0,0,0,0,0,0,0,0,0,0,0,0,0,0,0,0,0,0,0,0,0,,,
Macau,MAC,,,,,,,0,0,0,0,0,0,0,0,0,0,0,0,0,0,0,0,0,0,0,0,0,0,0,0,0,0,0,0,0,,,
Morocco,MAR,,,,,,,36,29,30,32,39,38,41,47,48,44,42,33,37,48,44.7943612131148,45.5994226520548,38.0990194520548,33.0235729972603,44.6772157377049,50.711322509589,44.8402284493151,39.8796671013699,35.552404852459,29.4850160876712,36.4950249863014,51.9622399890411,45.504259442623,41.7645786082192,31.9862516712329,,,
Moldova,MDA,,,,,,,--,--,--,--,--,--,0,0,0,0,0,0,0,0,0,0,0,0,0,0.0559852273972603,0.0372280109589041,0.0932465095890411,0.13013462295082,0.29714781369863,0.224194060273973,0.1872192,0.223455583561644,0.223455583561644,0.000560547945205479,,,
Madagascar,MDG,,,,,,,2.5,2.3,2.8,1.6,2.3,2.6,1.3,1.4,1.4,1.4,1.4,1.4,1.4,1.4,3.42703245619672,1.67268231569753,0.914195563068493,1.49743367671233,2.28398395735082,0,0,0,0,0,0,0,0,0,0,,,
Maldives,MDV,,,,,,,0,0,0,0,0,0,0,0,0,0,0,0,0,0,0,0,0,0,0,0,0,0,0,0,0,0,0,0,0,,,
Mexico,MEX,324,375,370,371,400,398,405,425,421,427,425,413,408,439,422.86301369863,417.427397260274,422.658469945355,427.060273972603,446.520547945205,424.608219178082,424.434426229508,435.901369863014,460.775342465753,392.002739726027,369.653005464481,352.18904109589,325.887671232877,302.071232876712,289.262295081967,316.775342465753,323,308.005479452055,273.939890710382,269.356164383562,259.78904109589,,,
Middle East,MIDE,,,,,,,1314,1335.7,1432.8,1529,1541.7,1255.2,1473,1517.6,1481.3397260273973,1406.323287671233,1384.1857923497269,1463.1616438356164,1514.805479452055,1618.7972602739726,1649.0475092131148,1569.283860043836,1596.3463840109587,1603.5059255890405,1601.8743139890719,1633.8544420678472,1674.5656728194297,1544.296789194214,1698.842151934919,1692.0287932526578,1682.0432412075186,1645.0243969964065,1700.7619823965572,1698.9426657437587,1596.6092019979726,,,
North Macedonia,MKD,,,,,,,--,--,--,--,--,--,8.6,7.6,0.8,0.9,3.3,3.3,5.4,4.7,7.06404947540984,5.31259163835616,4.77320229041096,6.4757381260274,5.34932229508197,5.63368583013699,6.24610957808219,7.61739932054795,6.83090744262295,6.86560622465753,4.97055323835617,4.67297473972603,1.83148770491803,0.404999309589041,0.000308482191780822,,,
Mali,MLI,,,,,,,0,0,0,0,0,0,0,0,0,0,0,0,0,0,0,0,0,0,0,0,0,0,0,0,0,0,0,0,0,,,
Malta,MLT,,,,,,,0,0,0,0,0,0,0,0,0,0,0,0,0,0,0,0,0,0,0,0,0,0,0,0,0,0,0,0,0,,,
Burma,MMR,,,,,,,4.3,2.4,2.2,2.1,2.5,3,3.1,3,2,2.2,2,2.1,2.1,1.5,2.72572196721312,2.3201872109589,1.96615006027397,1.34382792328767,1.24913675409836,1.25115606575342,0.976945873972603,1.24572976438356,1.32279445901639,1.37617229589041,1.07593926575342,0.943670104109589,0.848342229508197,0.755817863013699,0.712284032876712,,,
Montenegro,MNE,,,,,,,,,,,,,,,,,,,,--,--,--,--,--,--,--,0,0,0,0,0,0,0,0,0,,,
Mongolia,MNG,,,,,,,0,0,0,0,0,0,0,0,0,0,0,0,0,0,0,0,0,0,0,0,0,0,0,0,0,0,0,0,0,,,
Mozambique,MOZ,,,,,,,0,0,0,0,0,0,0,0,0,0,0,0,0,0,0,0,0,0,0,0,0,0,0,0,0,0,0,0,0,,,
Mauritania,MRT,,,,,,,0,6.8,0.6,0.05414,0.6,0.7,6.1,6.7,6.4,6.7,6.8,6.8,6.9,6.9,0,0,0,0,0,0,0,0,0,0,0,0,0,0,0,,,
Montserrat,MSR,,,,,,,0,0,0,0,0,0,0,0,0,0,0,0,0,0,0,0,0,0,0,0,0,0,0,0,0,0,0,0,0,,,
Martinique,MTQ,,,,,,,2.7,2.8,2.8,3,3.4,3.2,3.4,5.4,5.2,5.2,5.2,5.2,5.2,5.2,5.2819002912459,5.32920284495343,5.70332331734794,5.70071753283288,6.15376092881967,5.92775415070685,5.99783667050959,6.6043194816,6.47943628790164,6.6241976597589,6.91762265792877,7.31622073410411,7.45431512891803,7.64109078680548,8.08857295989041,,,
Mauritius,MUS,,,,,,,0,0,0,0,0,0,0,0,0,0,0,0,0,0,0,0,0,0,0,0,0,0,0,0,0,0,0,0,0,,,
Malawi,MWI,,,,,,,0,0,0,0,0,0,0,0,0,0,0,0,0,0,0,0,0,0,0,0,0,0,0,0,0,0,0,0,0,,,
Malaysia,MYS,,,,,,,38,39,42,32,63,58,54,58,43,46,55,57,64,53,52.2401299344262,48.0736398246575,48.8288797479452,38.6957024547945,39.5874616104918,38.6168508032877,42.0562153315069,43.0722192231452,43.7384267690164,27.8700073020493,11.9680466038356,16.6932194958904,36.6247561311475,30.5456004624658,49.7190136109589,,,
Namibia,NAM,,,,,,,--,--,--,--,0,0,0,0,0,0,0,0,0,0,0,0,0,0,0,0,0,0,0,0,0,0,0,0,0,,,
New Caledonia,NCL,,,,,,,0,0,0,0,0,0,0,0,0,0,0,0,0,0,0,0,0,0,0,0,0,0,0,0,0,0,0,0,0,,,
Niger,NER,,,,,,,0,0,0,0,0,0,0,0,0,0,0,0,0,0,0,0,0,0,0,0,0,0,0,0,0,0.0165235068493151,0.153493278688525,0.228518761643836,0.21037002739726,,,
Nigeria,NGA,,,,,,,42,38,39,46,50,60,51,53,55,64,65,53,32,36,30.4758787868852,58.9692233753425,56.1021396493151,39.2890722082192,40.664843442623,62.8319433205479,45.0963273534247,21.5514663123288,32.3469690819672,14.7840278465753,24.7143882082192,32.6122604383562,24.809195147541,23.7596754410959,18.4553326684932,,,
Nicaragua,NIC,,,,,,,4.1,4.1,4.2,4.1,4,4.5,4.8,4.2,3.8,3.7,4.7,6.4,8.5,8,7.6441937704918,8.94783126575343,7.67949277808219,7.53407168219178,8.02838354098361,7.13214815342466,7.57912767123288,7.41647079452055,6.4786637704918,7.41721975890411,6.99046428493151,6.68444732054795,4.39492075409836,5.6756839890411,5.60208289315069,,,
Niue,NIU,,,,,,,0,0,0,0,0,0,0,0,0,0,0,0,0,0,0,0,0,0,0,0,0,0,0,0,0,0,0,0,0,,,
Netherlands,NLD,292,237,182,227,272,228,249,244,253,249,236,256,259,263,223.808219178082,227.553424657534,234.789617486339,234.021917808219,255.331506849315,196.928767123288,197.625683060109,190.515068493151,224.550684931507,218.827397260274,230.401639344262,218.553424657534,214.72602739726,168.312328767123,152.398907103825,150.13698630137,173,149.780821917808,153.245901639344,149.016438356164,150.191780821918,,,
Netherlands Antilles,NLDA,,,,,,,57,50,55,62,67,76,89,95,95,95,95,95,99,76,67.2401876393443,84.1570093479452,70.4869375890411,62.986833139726,60.9844082622951,69.6562713534247,66.5127975780822,77.0378987178082,74.8928187213115,76.2782655452055,28.8695887232877,56.5586827068493,58.870305139726,71.5829589369863,66.4973271123288,,,
North America,NOAM,,,,,,,1408,1432,1486,1526,1525,1485,1427,1397,1363.652054794521,1313.687671232876,1263.972677595628,1259.147945205479,1340.043835616438,1239.594520547945,1239.327868852459,1288.895890410959,1186.161643835616,1196.553424657534,1181.989071038251,1129.495890410958,1101.260273972603,1128.016438356164,1051.183060109289,1029.832876712328,1029,964.87397260274,906.415300546448,858.824657534247,806.772602739726,,,
Non-OECD,NOEC,,,,,,,8115.5,7961.8,8068.9,8362,8430.9,7971,7472.1,6903.8,6831.8,6631.31382,6680.21379,6772.75115,6552.15801,6424.1176185643835,6397.787432582683,6438.588930415574,6460.938652909136,6414.452115602381,6612.750232014072,6633.6688166736685,6671.306552148664,6482.587341536898,6714.461033356583,6421.7461348256475,6486.546763181329,6286.357547446761,6225.678062114842,6160.649555301354,6144.692822185376,,,
Norway,NOR,35,25,21,18,16,15,15,19,16,27,20,25,27,26,28.0986301369863,28.413698630137,28.6693989071038,31.2082191780822,33.0630136986301,33.5232876712329,30.0464480874317,29.1068493150685,26.5616438356164,30.0575342465753,32.4972677595628,28.4657534246575,34.7260273972603,36.5643835616438,41.7322404371585,35.9972602739726,34,31.3315068493151,28.4426229508197,29.8986301369863,30.7835616438356,,,
Nepal,NPL,,,,,,,0,0,0,0,0,0,0,0,0,0,0,0,0,0,0,0,0,0,0,0,0,0,0,0,0,0,0,0,0,,,
Nauru,NRU,,,,,,,0,0,0,0,0,0,0,0,0,0,0,0,0,0,0,0,0,0,0,0,0,0,0,0,0,0,0,0,0,,,
New Zealand,NZL,18,11,8,7,6.3,5.5,3.8,5.8,5.1,6.2,7.1,7,7.5,7,9.30684931506849,7.48219178082192,8.09836065573771,8.92054794520548,9.12328767123288,9.23287671232877,6.57377049180328,6.07671232876712,7.81095890410959,6.51780821917808,6.3879781420765,7.95068493150685,6.93424657534247,7.3013698630137,8.78688524590164,10.1835616438356,6.9,11.1287671232877,10.2650273224044,10.1068493150685,9.34246575342466,,,
OECD - Asia And Oceania,OEAO,,,,,,,930.8,893.8,946.1,1026.2,1076.1,1236,1356.5,1386,1477.5808219178082,1460.0493150684938,1389.0683060109288,1446.4767123287672,1345.4849315068486,1371.6219178082185,1312.573770491803,1244.7890410958908,1111.7945205479455,1230.1561643835614,1144.4125683060108,1176.5863013698631,1139.410958904109,1047.3397260273978,944.2349726775964,785.8,752.9,762.9616438356156,770.377049180327,621.5342465753426,516.671232876713,,,
OECD,OECD,,,,,,,5177.8,5107.5,5125.6,5298.3,5335,5434,5530.4,5524,5389.9726027397255,5277.093150684931,5140.448087431695,5219.884931506848,5298.76712328767,4978.813698630135,4911.426229508195,4845.295890410958,4555.305058630138,4690.983561643836,4651.532786885246,4582.936986301368,4512.528767123288,4323.830136986301,3980.278688524589,3530.9013698630133,3436.067123287671,3268.3890410958907,3147.9590163934413,2832.153424657534,2640.846575342467,,,
OECD - Europe,OEEU,,,,,,,2619,2565.7,2502.5,2509.1,2513.9,2523,2535.9,2520,2330.635616438355,2293.7589041095885,2302.5191256830617,2332.1808219178074,2427.5150684931505,2174.2876712328753,2179.2950819672114,2150.268493150684,2099.893150684932,2101.7287671232884,2159.284153005465,2108.24109589041,2100.9808219178085,1997.408219178082,1843.2841530054634,1592.8958904109597,1527.6,1449.3945205479463,1415.1174863387973,1273.8986301369853,1251.7698630136995,,,
OECD - North America,OENA,,,,,,,1408,1432,1486,1526,1525,1485,1427,1397,1363.652054794521,1313.687671232876,1263.972677595628,1259.147945205479,1340.043835616438,1239.594520547945,1239.327868852459,1288.895890410959,1186.161643835616,1196.553424657534,1181.989071038251,1129.495890410958,1101.260273972603,1128.016438356164,1051.183060109289,1029.832876712328,1029,964.87397260274,906.415300546448,858.824657534247,806.772602739726,,,
Oman,OMN,,,,,,,25,21,25,25,29,30,29,24,35,39,39,35,39,42,40.4331147540984,32.8255890410959,40.9270684931507,41.9306301369863,38.9227868852459,42.3138082191781,40.9453150684932,36.1099726027397,74.2426229508197,68.6071232876712,49.2292602739726,53.5172054794521,52.17,55.9257534246575,55.4513424657534,,,
OPEC - Africa,OPAF,,,,,,,225.2,243.3,253.1,255.3,268.4,285.5,271.6,277,267.6,289.6,293.5,277.4,240.6,259.4,277.12969754098367,312.1336948931501,310.6918581698624,298.0547115945206,307.30179724590135,317.45120429589076,298.8373427506848,251.4434394410961,283.2334112459019,243.9279073643838,283.60142104109633,198.79938381369888,193.74167593325845,166.80184606027402,201.64519055342453,,,
OPEC,OPEC,,,,,,,1513.2,1496.6,1670,1748.6,1734.7,1512.4,1662.6,1735,1692,1676.4,1643.4,1702.1,1627.6,1763.4,1869.9701277049178,1863.7051222684934,1859.5019393095884,1820.8458706520537,1905.5494159016403,1880.1643979178086,1945.06165939726,1743.1937161643843,1994.418924262296,1977.9410553863015,1967.905468931508,1906.0083363945214,1971.5234541955538,1893.1636134246571,1853.786616920548,1826.6074558027387,,
Non-OPEC,OPNO,8840,7497,6650,6007,5494.4,5001.9,11780.18198,11572.84681,11524.58942,11911.85962,12031.28701,11892.6,11339.9,10692.8,10529.772602739726,10232.006970684932,10177.261877431694,10290.536081506849,10223.32513328767,9639.531317194518,9439.243534385962,9420.17969855804,9156.741772229685,9284.589806594164,9358.733602997678,9336.441405057227,9238.773659874692,9063.223762358815,8700.320797618877,7974.70644930236,7954.708417537492,7648.7382521481295,7402.11362431273,7099.63936653423,6931.752780607296,4553.708707639463,418,429
OPEC - South America,OPSA,,,,,,,271,212,290,274,258,295,260,272,269,307,281,282,213,230,264.193552491803,282.350621654795,253.319186860274,217.926155835616,278.439875803279,231.83387049863,251.11420780274,201.758318432877,296.712990491803,313.631579375342,273.025172778082,320.672938257534,302.770536688525,265.892989676712,270.329513523288,264.216323736986,,
Pakistan,PAK,,,,,,,29,30,30,32,35,40,39,34,36,34,37,41,38,39,57.8359475409836,60.6766487671233,59.0527035616438,58.9614706849315,60.146931147541,64.4354432876712,61.4247583561644,63.8064164383562,59.4372590163934,48.167083890411,46.9910561753425,42.1322485150685,51.1242553442623,56.5355197150685,57.0740517369863,,,
Panama,PAN,,,,,,,8.3,11,6.4,5.5,6.8,11,20,19,12,5,21,20,24,24,22.2262896393443,17.0126250739726,6.5263890739726,0,0,0,0,0,0,0,0,0,0,0,0,,,
Peru,PER,,,,,,,76,81,77,66,68,69,69,63,65,54,52,51,62,51,54.8085245901639,59.6298082191781,57.2942465753425,59.2101369863014,60.4859016393443,53.9733698630137,52.5136438356164,50.7802191780822,51.405737704918,42.6604931506849,44.3209315068493,44.0472328767123,31.2255737704918,30.7089863013699,31.4388493150685,,,
Persian Gulf,PERG,,,,,,,1085,1108,1194,1291,1285,1009,1210,1253,1230,1149,1145,1208,1250,1357,1404.751185704918,1329.4549370301372,1362.5484197589037,1369.1665895013693,1382.6076579344272,1391.8611391561647,1460.338495824657,1342.2211127342468,1460.8837163934436,1469.5898740602743,1462.9920914301379,1443.7725835726037,1528.9875011475408,1516.640829928767,1429.0334375671232,,,
Philippines,PHL,,,,,,,49,58,59,63,75,69,78,81,72,80,130,130,116,113,103.657438754098,91.7346026630137,74.4805010630137,74.0025880438356,66.2141644590164,65.8873844383562,59.9012211945206,60.5389801643836,46.0365748196721,30.8485976547945,36.9148056328767,37.8704294136986,32.8938812786885,30.5300637369863,32.6349442191781,,,
Papua New Guinea,PNG,,,,,,,0,0,0,0,0,0,0,0,0,0.01382,0.01379,0.01436,0.01325,0.0132556931506849,0,0,0,0,1.94309926531475,2.81830012458082,2.19798760444932,1.53149062382466,2.40388217895082,1.9258056,2.35760344109589,1.93513854246575,2.81621861639344,3.58613844493151,3.19587326465753,,,
Poland,POL,80,67,58,53,57,58,56,57,57,65,64,62,53,59,57.5890410958904,61.0191780821918,61.103825136612,61.0931506849315,54.4821917808219,56.1068493150685,46.7021857923497,46.1041095890411,54.8191780821918,60.9616438356164,56.4289617486339,47.6438356164384,62.2602739726027,50.6821917808219,50.1748633879781,47.8191780821918,59,60.841095890411,60.9207650273224,60.8904109589041,65.3150684931507,,,
Puerto Rico,PRI,,,,,,,31,33,25,27,34,30,30,24,25,17,15,10,9.6,14,15.707650273224,4.12328767123288,10.7762915068493,15.3506849315069,11.4535519125683,11.4849315068493,8.8986301369863,6.53698630136986,3.18852459016393,0.00821917808219178,0,0,0,0,0,,,
North Korea,PRK,,,,,,,12,12,12,11,12,12,7,5.9,7.9,7.4,3.9,4.7,6.6,9.1,1.55836229508197,2.32446752876712,2.3247760109589,2.26618152328767,2.27988770491803,1.91561635068493,1.46624330958904,1.75937053150685,1.79433052459016,2.07330802191781,2.11229723835616,2.11171896986301,2.10594924590164,2.32714730958904,2.1319122739726,,,
Portugal,PRT,60,57,68,66,54,48,51,47,48,65,66,67,76,70,75.4547945205479,66.2657534246575,58.2131147540984,59.5342465753425,65.1342465753425,61.2657534246575,59.2786885245902,52.5013698630137,50.3287671232877,49.3232876712329,52.4863387978142,56.5315068493151,60.9150684931507,54.3397260273973,52.1830601092896,39.0191780821918,42,46.1041095890411,46.6502732240437,41.0739726027397,40.5753424657534,,,
Paraguay,PRY,,,,,,,0.8,1,1,1.1,1,1,1.6,1.3,1.3,1.3,1,1.1,0.8,0.8,0.790918360655738,0.646293895890411,0.68132202739726,0.586649194520548,0.398226852459016,0.208613523287671,0,0,0,0,0,0,0,0,0,,,
Palestinian Territories,PSE,,,,,,,--,--,--,--,--,--,--,--,--,--,--,0,0,0,0,0,0,0,0,0,0,0,0,0,0,0,0,0,0,,,
French Polynesia,PYF,,,,,,,0,0,0,0,0,0,0,0,0,0,0,0,0,0,0,0,0,0,0,0,0,0,0,0,0,0,0,0,0,,,
Qatar,QAT,,,,,,,12,13,10,16,19,18,20,16,19,19,19,17,19,19,17.965783442623,13.1397203506849,15.3284843835616,9.41588764931507,13.0500790163934,8.15798041643836,15.1597842410959,9.51392156712329,5.85070206557377,6.47482596164384,9.5271341260274,7.86133637260274,9.77642350819672,10.4826275835616,8.08262061369863,,,
Reunion,REU,,,,,,,0,0,0,0,0,0,0,0,0,0,0,0,0,0,0,0,0,0,0,0,0,0,0,0,0,0,0,0,0,,,
Romania,ROU,,,,,,,163,163,164,166,156,101,90,73,65,58,47,41,39,36,26.0759016393443,32.6995081967213,37.4054794520548,28.5011506849315,28.3686885245902,31.146904109589,23.7103278688525,21.6404383561644,21.2537704918033,16.1117260273973,13.9403835616438,13.1740273972603,10.2265573770492,6.64175342465754,5.85715068493151,,,
Russia,RUS,,,,,,,--,--,--,--,--,--,1691,1227,1370,1156,1263,1229,1077,1058,1018.54686760656,1063.49653989041,1125.86473075069,1080.5605670137,1107.76305560656,1194.06734646575,1248.67983281096,1296.24613992329,1320.17048796721,1332.0760478137,1435.69645795068,1412.0931427726,1439.82631459726,1496.3535451726,1576.56463084932,,,
Rwanda,RWA,,,,,,,0,0,0,0,0,0,0,0,0,0,0,0,0,0,0,0,0,0,0,0,0,0,0,0,0,0,0,0,0,,,
Saudi Arabia,SAU,,,,,,,378,410,454,501,512,482,492,495,452,408,388,405,408,470,447.930491803279,464.466575342466,432.005917808219,464.046904109589,472.095737704918,487.58498630137,495.887178082192,477.768328767123,476.444754098361,497.565863013699,445.417150684932,416.916,460.049508196721,455.343287671233,481.308164383562,,,
Former Serbia and Montenegro,SCG,,,,,,,--,--,--,--,--,--,10,8.9,7.4,6.7,12,15,11,8.6,8.73171649180328,13.1574799561644,13.4818488986301,17.7058815780822,16.4912181311475,17.0387355616438,--,--,--,--,--,--,--,--,--,,,
Sudan,SDN,,,,,,,5.7,3.7,4.5,3.1,2.9,7.9,6,6,5.3,6.1,6.1,6.1,6.2,6,6.84401183606557,6.58167987945206,7.39647550684932,9.02082627945205,8.59333242622951,8.93872208219178,12.039174969863,13.3961124164384,14.3039259672131,16.2764352657534,13.691707660274,12.6977342465753,8.35838718032787,9.25932618082192,9.6329664,,,
Senegal,SEN,,,,,,,3.1,4,5.1,4.2,5,4.2,3.8,4.3,4.4,4.4,4.3,4.8,4.7,4.4,4.555024,4.46779712876712,4.9031541369863,6.06532888767123,6.25377278688525,5.32513502465754,1.90976968767123,3.60921254794521,4.6882051147541,3.67591726027397,2.54539992328767,3.3864504,3.93530944262295,3.32471194520548,3.25732786849315,,,
Singapore,SGP,,,,,,,211,147,220,238,259,232,249,253,288,293,229,227,234,185,143.396124131148,134.325805282192,127.774340646575,174.185709994521,205.920534098361,218.299412317808,203.083477052055,195.007570520548,162.923933409836,99.6188507835617,138.651873139726,142.204283309589,104.02318295082,112.809793512329,58.7212564931507,,,
Saint Helena,SHN,,,,,,,0,0,0,0,0,0,0,0,0,0,0,0,0,0,0,0,0,0,0,0,0,0,0,0,0,0,0,0,0,,,
Solomon Islands,SLB,,,,,,,0,0,0,0,0,0,0,0,0,0,0,0,0,0,0,0,0,0,0,0,0,0,0,0,0,0,0,0,0,,,
Sierra Leone,SLE,,,,,,,1.2,1.6,1.7,1.7,1.7,1.7,1,1.3,0.6,1,1,1,1,1,0,0,0,0,0,0,0,0,0,0,0,0,0,0,0,,,
El Salvador,SLV,,,,,,,3.9,4.5,4.5,3.6,4.5,5.4,4.9,5.5,6,4.6,5.8,7.1,9.3,10,10.1287621967213,11.0399582794521,10.9478610739726,9.25968588493151,10.6224747213115,10.6534333479452,8.65574593972603,8.96181603287671,7.68182173770492,8.71731603287671,8.7143778739726,7.11159031232877,5.66162383561644,0,0,,,
Somalia,SOM,,,,,,,0.4,0.3,0.3,0.3,0.4,0.2,0.2,0.3,0.3,0.3,0.3,0.3,0.3,0.3,0.153117967213115,0.375386630136986,0.402414082191781,0.402414082191781,0.493499180327869,0.494851232876712,0.507989138630137,0,0,0,0,0,0,0,0,,,
Saint Pierre and Miquelon,SPM,,,,,,,0,0,0,0,0,0,0,0,0,0,0,0,0,0,0,0,0,0,0,0,0,0,0,0,0,0,0,0,0,,,
Serbia,SRB,,,,,,,,,,,,,,,,,,,,--,--,--,--,--,--,--,13.0303160327869,15.4591977863014,11.238898,12.2215033315068,13.4032253589041,10.5659507178082,9.21114445901639,8.08163868493151,7.54737290958904,,,
South Sudan,SSD,,,,,,,--,--,--,--,--,--,--,--,--,--,--,--,--,--,--,--,--,--,--,--,--,--,--,--,--,--,0,0,0,,,
Sao Tome and Principe,STP,,,,,,,0,0,0,0,0,0,0,0,0,0,0,0,0,0,0,0,0,0,0,0,0,0,0,0,0,0,0,0,0,,,
Former U.S.S.R.,SUN,,,,,,,3517,3340,3145,3317,3194,3122,--,--,--,--,--,--,--,--,--,--,--,--,--,--,--,--,--,--,--,--,--,--,--,,,
Suriname,SUR,,,,,,,0,0,0,0,0,0,0,0,0,0,0,0,0,0,4.76372013114754,5.81539014097973,11.6708267835616,11.1179920109589,10.5676856,11.2011716120548,10.5996170432877,12.2761416723288,15.3862851803279,15.1829241205479,14.4166693873973,5.26298466016438,4.68367489114754,5.74215886750685,3.07995660953425,,,
Slovakia,SVK,,,,,--,--,--,--,--,--,--,--,--,26,24.1205479452055,18.7342465753425,20.1857923497268,20.2547945205479,21.5260273972603,20.6602739726027,9.57103825136612,13.6219178082192,10.9561643835616,11.2246575342466,11.2622950819672,11.1698630136986,11.841095890411,9.26027397260274,8.42076502732241,10.3205479452055,9.8,5.99178082191781,8.09016393442623,7.79178082191781,8.78904109589041,,,
Slovenia,SVN,,,,,,,--,--,--,--,--,--,1.9,2,1.64657534246575,3.05753424657534,2.13934426229508,3.05753424657534,1.4,1.12876712328767,0.737704918032787,0,0,0,0,0,0,0,0,0,0,0,0,0,0,,,
Sweden,SWE,148,108,96,106,78,72,74,76,69,86,90,94,100,106,101.221917808219,96.7534246575343,102.595628415301,110.093150684932,105.320547945205,100.216438356164,112.314207650273,104.627397260274,89.2958904109589,90.7424657534247,95.327868852459,98.041095890411,91.6301369863014,74.2739726027397,81.7158469945355,78.1780821917808,91,87.8465753424658,89.8469945355191,72.9095890410959,55.8767123287671,,,
Eswatini,SWZ,,,,,,,0,0,0,0,0,0,0,0,0,0,0,0,0,0,0,0,0,0,0,0,0,0,0,0,0,0,0,0,0,,,
Seychelles,SYC,,,,,,,0,0,0,0,0,0,0,0,0,0,0,0,0,0,0,0,0,0,0,0,0,0,0,0,0,0,0,0,0,,,
Syria,SYR,,,,,,,92,95,106,98,98,82,95,97,97,94,97,101,99,98,92.4448323934426,103.044825172603,96.777837139726,90.5217887671233,85.7075748196721,102.997658334247,80.8830592438356,81.0631333479452,82.6480473442623,78.0377530520548,91.356014860274,76.1174140273973,63.3678386557377,42.0147467506849,42.0147467506849,,,
Turks and Caicos Islands,TCA,,,,,,,0,0,0,0,0,0,0,0,0,0,0,0,0,0,0,0,0,0,0,0,0,0,0,0,0,0,0,0,0,,,
Chad,TCD,,,,,,,0,0,0,0,0,0,0,0,0,0,0,0,0,0,0,0,0,0,0,0,0,0,0,0,0,0,0,0,0,,,
Togo,TGO,,,,,,,0,0,0,0,0,0,0,0,0,0,0,0,0,0,0,0,0,0,0,0,0,0,0,0,0,0,0,0,0,,,
Thailand,THA,,,,,,,39,39,46,63,64,66,77,86,105,110,159,159,144,145,130.640726562601,122.203293680296,114.607233706556,117.240162421573,129.216491619342,119.547524212906,122.693768087258,125.114918777565,132.14306123078,133.5977685252,118.728134839597,115.200612565796,121.170083233323,118.713151207788,113.1515013598,,,
Tajikistan,TJK,,,,,,,--,--,--,--,--,--,0,0,0,0,0,0.00772,0.00356,0.00356725479452055,0.00355750819672131,0.00356725479452055,0.00326998356164384,0.00326998356164384,0.00385396721311475,0.00416179726027397,0.0047563397260274,0.00535088219178082,0.00533626229508197,0.00535088219178082,0.00564815342465753,0.00564815342465753,0.333416426229508,0.242600843835616,0.150163693150685,,,
Turkmenistan,TKM,,,,,,,--,--,--,--,--,--,30,24,20,25,16,31,42,45,28.3526468852459,32.836082630137,37.6154329972603,42.6624868273973,42.6722220327869,42.0737660712329,41.309444909589,40.3334966794521,39.9363390819672,39.3512949041096,42.5383916054795,43.0067118246575,41.5026433770492,34.3123096438356,33.2621172164384,,,
Timor-Leste,TLS,,,,,,,,,,,,,,,,,,,,--,--,--,--,0,0,0,0,0,0,0,0,0,0,0,0,,,
Tonga,TON,,,,,,,0,0,0,0,0,0,0,0,0,0,0,0,0,0,0,0,0,0,0,0,0,0,0,0,0,0,0,0,0,,,
Trinidad and Tobago,TTO,,,,,,,54,45,44,42,46,56,63,50,46,44,47,47,47,61,61.8916147868852,65.5626383342466,58.4957952,60.8953324273973,55.4847441311475,59.9376631890411,54.7804828931507,53.9265658520548,49.7359367540984,48.5091639780822,41.9993442739726,46.7534294794521,43.2309016065574,54.6275881643836,48.6097152,,,
Tunisia,TUN,,,,,,,12,12,12,12,11,10,8.3,8.7,8.8,12,12,12,12,12,12.4109938688525,11.387111309589,11.4942151561644,11.5942157260274,11.2549051803279,11.5945043178082,11.4744625315068,12.2707624438356,12.617814852459,11.5243829917808,1.87725445479452,4.77122459178082,11.5994007540984,11.2164543780822,10.7139995506849,,,
Turkiye,TUR,105,103,132,123,119,120,125,150,165,147,154,157,157,164,152.380821917808,166.378082191781,157.75956284153,155.331506849315,145.134246575342,148.071232876712,141.374316939891,149.449315068493,140.841095890411,142.038356164384,138.251366120219,127.378082191781,128.487671232877,112.547945205479,94.5109289617486,53.227397260274,49,44.041095890411,27.6174863387978,53.241095890411,67.8054794520548,,,
Taiwan,TWN,,,,,,,151,146,165,200,203,195,194,204,203,246,264,266,276,291,257.181221431763,239.638356164384,204.387731541311,237.94584302576,227.233597965426,202.238683553028,189.905160678901,157.70250710778,141.895453139499,124.332988713707,114.330559145343,118.981493926079,118.625700244011,77.0129749289222,74.2276557249935,,,
Tanzania,TZA,,,,,,,2.1,2,2.7,5.2,3.7,4,3,4.6,4.6,4.6,4.6,4.7,4.7,4.9,0,0,0,0,0,0,0,0,0,0,0,0,0,0,0,,,
Uganda,UGA,,,,,,,0,0,0,0,0,0,0,0,0,0,0,0,0,0,0,0,0,0,0,0,0,0,0,0,0,0,0,0,0,,,
Ukraine,UKR,,,,,,,--,--,--,--,--,--,327,185,140,127,97,82,87,86,53.6571878688525,104.583832734247,139.377121676712,151.554978805479,147.329203278689,112.777816865753,74.2497979726027,67.5986507506849,48.0566610819672,50.7820654356164,57.1755006246575,42.5168740273973,15.9214316712329,13.2273825534247,10.4055804164384,,,
Uruguay,URY,,,,,,,6.9,6.8,8,8,7.6,6.9,7,3,0,9.4,11,8.4,10,8.9,11.9151336393443,9.80913688767123,5.69747963835616,8.6558421369863,10.0290397704918,9.82296861369863,7.47860515068493,7.18467004931507,10.2267400655738,11.6864401643836,9.04827152876712,6.02188993972603,8.10585740983607,7.4245759890411,7.08919338082192,,,
United States,USA,1580,1321,1070,852,891,882,889,885,926,954,950,934,892,835,825.852054794521,787.947945205479,725.530054644809,707.643835616438,761.52602739726,698.18904109589,696.292349726776,720.594520547945,601,660,655,628,635,673,620,598,585,537,501,467,435,,,
U.S. Pacific Islands,USIQ,,,,,,,0,0,0,0,0,0,0,0,0,0,0,0,0,0,0,0,0,0,0,0,0,0,0,0,0,0,0,0,0,,,
Uzbekistan,UZB,,,,,,,--,--,--,--,--,--,33,37,36,38,42,38,35,34,32.7974338360656,32.7570890819672,33.2502678688525,29.7210624918033,27.5832121311475,22.863154,21.0102330163934,14.7319806575342,10.7588006229508,10.3334056109589,10.3586848438356,9.32515617534247,5.9769938630137,5.02199980273973,4.4206434739726,,,
Saint Vincent/Grenadines,VCT,,,,,,,0,0,0,0,0,0,0,0,0,0,0,0,0,0,0,0,0,0,0,0,0,0,0,0,0,0,0,0,0,,,
Venezuela,VEN,,,,,,,271,212,290,274,258,295,260,272,269,307,281,282,213,230,264.193552491803,282.350621654795,253.319186860274,217.926155835616,278.439875803279,231.83387049863,251.11420780274,201.758318432877,296.712990491803,313.631579375342,273.025172778082,320.672938257534,302.770536688525,265.892989676712,270.329513523288,,,
British Virgin Islands,VGB,,,,,,,0,0,0,0,0,0,0,0,0,0,0,0,0,0,0,0,0,0,0,0,0,0,0,0,0,0,0,0,0,,,
U.S. Virgin Islands,VIR,,,,,,,92,105,83,119,87,65,74,88,83,80,69,71,73,82,65.5737704918033,62.7095890410959,59.7205479452055,50.6849315068493,54.1912568306011,54.3397260273973,54.4328767123288,48.3369863013699,51.8934426229508,46.2520547945205,54.5671232876712,21.358904109589,0.939890710382514,0,0,,,
Vietnam,VNM,,,,,,,0,0,0.00092,0.01095,0.2,0.2,0.2,0.2,0.2,0.2,0.2,0.2,0.2,0,0,0.0132,0,0,0,0,0,0,0,1.11261649315069,4.33278634520548,3.00666095342466,2.67084118032787,2.49751357808219,4.20868540273973,,,
Vanuatu,VUT,,,,,,,0,0,0,0,0,0,0,0,0,0,0,0,0,0,0,0,0,0,0,0,0,0,0,0,0,0,0,0,0,,,
Wake Island,WAK,,,,,,,0,0,0,0,0,0,0,0,0,0,0,0,0,0,0,0,0,0,0,0,0,0,0,0,0,0,0,0,0,,,
World,WORL,,,,,,,13293.3,13069.3,13194.5,13660.3,13765.9,13405,13002.5,12427.8,12221.772602739726,11908.406970684931,11820.661877431696,11992.636081506847,11850.92513328767,11402.931317194518,11309.213662090879,11283.884820826534,11016.243711539273,11105.435677246218,11264.28301889932,11216.605802975037,11183.835319271951,10806.417478523199,10694.739721881173,9952.64750468866,9922.613886469,9554.746588542652,9373.637078508284,8992.802979958888,8785.539397527844,,,
Australia and New Zealand,WP11,102,85,80,75,56.3,58.5,40.8,45.8,44.1,50.2,52.1,58,54.5,51,50.87671232876709,53.75068493150682,39.70491803278691,42.02191780821918,40.25205479452058,40.14794520547947,43.33060109289618,39.87397260273972,35.69315068493149,31.53424657534248,23.9289617486339,28.73150684931505,25.63561643835617,24.8191780821918,26.09289617486334,25.986301369863,23.9,28.0109589041096,27.8797814207651,23.2602739726027,21.33150684931506,,,
IEO - Africa,WP12,,,,,,,598.2,616.95888,625.5,639.85414,675.7,685,656.1,680.5,675.4,702.2,713.5,685.3,654.5,715.2,683.2829785545573,710.254918501998,747.0165852726565,689.7302812931512,705.3542098262034,738.2595320876719,688.3154572043833,627.8250827835616,645.1919816721309,578.2912943013702,596.2868670575349,513.5249304328772,535.3694686628342,469.2496224000001,480.2852336935704,,,
Brazil,WP13,,,,,,,248,231,214,226,235,225,237,231,236,233,266,295,336,306,303.659038251366,324.633010958904,310.263076712329,286.140884931507,296.321871584699,280.386019178082,284.004347945206,284.831394520548,281.269510928962,260.881504109589,255.970915068493,240.997926027397,248.312401639344,265.085657534247,279.920805479452,,,
Canada,WP14,342,301,243,207,151,122,114,122,139,145,150,138,127,123,114.93698630137,108.312328767123,115.784153005464,124.443835616438,131.997260273973,116.797260273973,118.601092896175,132.4,124.386301369863,144.550684931507,157.33606557377,149.306849315068,140.372602739726,152.945205479452,141.920765027322,115.057534246575,121,119.868493150685,131.475409836066,122.468493150685,111.983561643836,,,
China,WP15,,,,,,,537,569,567,571,624,604,645,642,601,577,539,576,429,327,424.706996196721,392.58890068274,392.973037847671,428.063283202192,444.194984370492,400.01153360548,427.32181372274,449.169415324931,410.302350531148,349.533779947397,380.200720530411,318.057149694247,284.589454918356,338.982193676712,401.32523970411,,,
India,WP16,,,,,,,152,167,178,176,185,183,207,205,198,191,204,214,292,227,207.297049180328,223.100876712329,222.006082191781,243.993205479452,272.404918032787,261.017260273973,286.416493150685,288.368876712329,321.790819672131,334.751671232877,374.401479452055,336.339123287671,273.933442622951,244.595342465753,217.480931506849,,,
Japan,WP17,1915,1234,1132,1027,937,764,693,655,665,695,749,747,791,795,864.142465753425,808.687671232877,741.808743169399,763.854794520548,739.443835616438,683.043835616438,649.44262295082,598.449315068493,568.594520547945,649.764383561644,576.125683060109,576.643835616438,552.945205479452,525.997260273973,512.786885245902,423.213698630137,388,398.375342465753,461.232240437158,382.668493150685,346.920547945206,,,
Mexico,WP18,355,401,388,390,419,416,425,444,443,454,454,440,437,468,452.6273972602738,449.7013698630137,453.3606557377047,457.9780821917811,475.8383561643831,451.1205479452053,453.9890710382512,465.1808219178085,486.2465753424653,425.7287671232873,412.2103825136613,395.0904109589037,374.6821917808222,347.4273972602736,324.6256830601091,348.4356164383557,349,332.4684931506851,296.0655737704913,292.742465753425,282.0575342465749,,,
IEO - Middle East,WP19,,,,,,,1257,1276.7,1371.8,1465,1471.7,1187.2,1395,1437.6,1401,1326,1314,1393,1441,1548,1579.6540665901641,1504.0537230575346,1534.8587127780818,1540.722363945205,1544.2295052459026,1573.9667708349705,1615.8149878879228,1493.461172755858,1647.7110043939354,1647.5767384581372,1636.0432412075186,1599.6874106950365,1667.7783758391802,1644.433076702663,1553.2448184363288,,,
Western Europe,WP21,4294,3914,3514,3208,2814.1,2563.4,2676,2624.7,2563.5,2573.1,2583.9,2591,2642.9,2632,2436.9753424657524,2392.082191780821,2390.704918032788,2429.3424657534238,2528.3205479452054,2262.084931506848,2264.556085278687,2238.5506444383554,2185.568677446576,2191.660171430138,2249.73647853552,2203.4803345643827,2197.3489652493154,2075.01728179726,1932.5760163169389,1669.9943029041103,1607.8721156931506,1529.397061150686,1481.720956282476,1364.422322301369,1324.2671006356172,30.9770795506849,,
Other Americas,WP22,,,,,,,914,859,911.1,930.3,898.9,934.1,919.6,880.2,828.7,856.7,848.7,815.9,776.80079,784.6007956164384,821.4879396293877,850.8404425513037,781.8821646595945,722.8361193432435,794.9332634333009,758.8361753092821,776.4642040668936,763.0556385785867,890.5904014629836,848.9167037366899,769.2716000107922,808.0824699245084,761.5123801088815,759.0104640312984,758.008047147117,,,
Other Asia-Pacific,WP23,,,,,,,661.28198,671.58793,785.28942,828.40548,931.68701,898.7,944.7,968,996,1060.81382,1076.11379,1119.21436,1104.61325,1059.9132556931506,1001.6750483878068,947.9593969789264,870.8349463656745,943.3171616007577,963.1239466572965,929.611101225309,897.5646898171838,860.3496402802599,797.4303917116885,680.8006319053395,689.2769220134336,662.9490219439297,631.1530520609411,588.3490214057515,550.225158349451,,,
Eastern Europe and Eurasia,WP24,,,,,,,3891.1,3708.7,3524.3,3671.6,3530,3349,851.7,712.5,607.7,607.6,521.9,499.33679,496.84397,477.4035672547945,422.8913082622953,465.44198349238764,521.5483002539451,517.9760225685153,517.2617692131149,527.9861677863004,472.43877399200517,447.38050707945195,416.92533645901653,402.5316795945204,369.69356748493146,381.3197224767125,350.5231989891754,318.576528789041,298.505102958904,332.4083555835621,,
Russia,WP25,,,,,,,,,,,,,1691,1227,1370,1156,1263,1229,1077,1058,1018.54686760656,1063.49653989041,1125.86473075069,1080.5605670137,1107.76305560656,1194.06734646575,1248.67983281096,1296.24613992329,1320.17048796721,1332.0760478137,1435.69645795068,1412.0931427726,1439.82631459726,1496.3535451726,1576.56463084932,,,
South Korea and other OECD Asia,WP26,252,241,223,248,226,196,197,193,237,281,275,431,511,540,562.561643835616,597.61095890411,607.554644808743,640.6,565.78904109589,648.430136986301,619.800546448087,606.465753424658,507.506849315069,548.857534246575,544.357923497268,571.21095890411,560.830136986301,496.523287671233,405.355191256831,336.6,341,336.575342465753,281.265027322404,215.605479452055,148.419178082192,,,
United States,WP27,1580,1321,1070,852,891,882,889,885,926,954,950,934,892,835,825.852054794521,787.947945205479,725.530054644809,707.643835616438,761.52602739726,698.18904109589,696.292349726776,720.594520547945,601,660,655,628,635,673,620,598,585,537,501,467,435,,,
Samoa,WSM,,,,,,,0,0,0,0,0,0,0,0,0,0,0,0,0,0,0,0,0,0,0,0,0,0,0,0,0,0,0,0,0,,,
Kosovo,XKS,,,,,,,,,,,,,,,,,,,,,,,,,,,,,0,0,0,0,0,0,0,,,
Yemen,YEM,,,,,,,29,29,27,29,40,52,43,43,21,25,14,29,29,27,13.780914295082,12.4961093260274,9.27006318904109,14.2342130958904,8.36280160655738,10.3184878356164,8.49632311232877,11.048565830137,10.6859075737705,13.5877268054795,11.8344168328767,9.56562999452055,4.11905383606557,12.5856480657534,11.1036716054795,,,
Former Yugoslavia,YUG,,,,,,,79,78,88,110,122,83,--,--,--,--,--,--,--,--,--,--,--,--,--,--,--,--,--,--,--,--,--,--,--,,,
South Africa,ZAF,,,,,,,65,65,65,66,68,63,48,57,55,63,70,53,66,105,101.834547311475,99.4742523945205,152.789519506849,100.051006652055,81.6467806885246,98.3102667616438,80.4054290630137,68.0933477917808,77.7430073442623,72.4964305315068,59.915976230137,61.1676174575343,71.5466571803279,66.6997728657534,49.4678092990504,,,
Zambia,ZMB,,,,,,,2,2,1.9,1.9,2.8,1.8,2.7,1.8,1.8,1.8,1.9,1.9,1.9,0.8,0.0609420327868852,0.643386608219178,0.96227138630137,1.20335674520548,1.38027662295082,1.16410823013699,1.14350518356164,1.28366127123288,1.38022613114754,1.70443656986301,1.82339036712329,1.94474150136986,2.0848975890411,1.6034608109589,1.7870901369863,,,
Zimbabwe,ZWE,,,,,,,0,0,0,0,0,0,0,0,0,0,0,0,0,0,0,0,0,0,0,0,0,0,0,0,0,0,0,0,0,,,
