Country,Code,1980,1981,1982,1983,1984,1985,1986,1987,1988,1989,1990,1991,1992,1993,1994,1995,1996,1997,1998,1999,2000,2001,2002,2003,2004,2005,2006,2007,2008,2009,2010,2011,2012,2013,2014,2015,2016,2017,2018,2019,2020,2021,2022
Aruba,ABW,--,--,--,--,--,--,0,0,0,0,0,0,0,0,0,0,0,0,0,0,0,0,0,0,0,0,0,0,0,0,0,0,0,0,0,0,0,0,0,0,,,
Afghanistan,AFG,0,0,0,0,0,0,0,0,0,0,0,0,0,0,0,0,0,0,0,0,0,0,0,0,0,0,0,0,0,0,0,0,0,0,0,0,0,0,0,0,,,
Africa,AFRC,0.0007824348,0.000780297,0.0009103465,0.001040396,0.0010432464,0.001040396,0.001040396,0.001040396,0.0010432464,0.001040396,0.001040396,0.001040396,0.0010432464,0.000260099,0.000260099,0.000260099,0.0002608116,0.0003901485,0.0003901485,0.000260099,0.0002608116,0.000260099,0.000260099,0.000260099,0.0002608116,0.000260099,0.0003901485,0.000260099,0.0003912174,0.003025530865245,0.00498942363713,0.0072872556462,0.00920873979736,0.009708032044175,0.0107554949497,0.0106526143123,0.011494584502368,0.006657573,0.006769383,0.006881213,0.00592654,0.00603836,0.00615019
Angola,AGO,0,0,0,0,0,0,0,0,0,0,0,0,0,0,0,0,0,0,0,0,0,0,0,0,0,0,0,0,0,0,0,0,0,0,0,0,0,0,0,0,,,
Albania,ALB,0,0,0,0,0,0,0,0,0,0,0,0,0,0,0,0,0,0,0,0,0,0,0,0,0,0,0,0,0,0,0,0,0,0,0,0,0,0,0,0,0,0,0
United Arab Emirates,ARE,0,0,0,0,0,0,0,0,0,0,0,0,0,0,0,0,0,0,0,0,0,0,0,0,0,0,0,0,0,0,0,0,0,0,0,0,0,0,0,0,,,
Argentina,ARG,0,0,0,0,0,0,0,0,0,0,0,0,0,0,0,0,0,0,0,0,0,0,0,0,0,0.000391207,0.0006737,0.00724222,0.02795834,0.04632563,0.07252296,0.09686128,0.09990836,0.08702032,0.11387117,0.08761748,0.12163216,0.13452483,0.11786136,0.10618768,0.06238816,0.08856532,0.09901613
Armenia,ARM,--,--,--,--,--,--,--,--,--,--,--,--,0,0,0,0,0,0,0,0,0,0,0,0,0,0,0,0,0,0,0,0,0,0,0,0,0,0,0,0,,,
American Samoa,ASM,0,0,0,0,0,0,0,0,0,0,0,0,0,0,0,0,0,0,0,0,0,0,0,0,0,0,0,0,0,0,0,0,0,0,0,0,0,0,0,0,,,
Asia & Oceania,ASOC,0,0,0,0,0,0,0,0,0,0,0,0,0,0,0,0,0,0,0,0,0.0037817682,0.003901485,0.0107031797,0.0225768049,0.0272558736,0.0398363993,0.06304943,0.08393784,0.14155373232,0.15535285156754,0.175245504461565,0.247407617750025,0.301981408596786,0.364856275555975,0.394665574957365,0.322870529,0.390384965,0.416009192,0.538417622,0.704389916,0.71204334,0.78026841,0.87911555
Antarctica,ATA,0,0,0,0,0,0,0,0,0,0,0,0,0,0,0,0,0,0,0,0,0,0,0,0,0,0,0,0,0,0,0,0,0,0,0,0,0,0,0,0,,,
Antigua and Barbuda,ATG,0,0,0,0,0,0,0,0,0,0,0,0,0,0,0,0,0,0,0,0,0,0,0,0,0,0,0,0,0,0,0,0,0,0,0,0,0,0,0,0,,,
Australia,AUS,0,0,0,0,0,0,0,0,0,0,0,0,0,0,0,0,0,0,0,0,0,0,0,0,0,0.000520198,0.00115467,0.0034963,0.00485997,0.00722424,0.0088792,0.00902526,0.00963242,0.0094535,0.01021887,0.00923208,0.00591743,0.00752739,0.00654336,0.00628824,0.00482324,0.00475587,0.00441902
Austria,AUT,0,0,0,0,0,0,0,0,0,0,0,0,0,0,0,0,0,0,0,0,0.00074532972,0.0008215347,0.00088021575,0.0008997761,0.00094146912,0.00103669855,0.0050465703,0.0103268063,0.01154730366,0.01438411590718,0.015389633205425,0.014289941666975,0.009829,0.00940994,0.01518296,0.01759081,0.01608691,0.01422926,0.01430024,0.01577806,0.01366242,0.015123,0.01681063
Azerbaijan,AZE,--,--,--,--,--,--,--,--,--,--,--,--,0,0,0,0,0,0,0,0,0,0,0,0,0,0,0,0,0,0,0,0,0,0,0,0,0,0,0,0,,,
Burundi,BDI,0,0,0,0,0,0,0,0,0,0,0,0,0,0,0,0,0,0,0,0,0,0,0,0,0,0,0,0,0,0,0,0,0,0,0,0,0,0,0,0,,,
Belgium,BEL,0,0,0,0,0,0,0,0,0,0,0,0,0,0,0,0,0,0,0,0,0,0,0,0,0,0,0,0,0.0005216232,0.01459564797725,0.01912930914548,0.021641550534645,0.018732,0.0174304,0.02282098,0.01532484,0.01475975,0.01768061,0.01684065,0.01782302,0.01842752,0.01710356,0.0162336
Benin,BEN,0,0,0,0,0,0,0,0,0,0,0,0,0,0,0,0,0,0,0,0,0,0,0,0,0,0,0,0,0,0,0,0,0,0,0,0,0,0,0,0,,,
Burkina Faso,BFA,0,0,0,0,0,0,0,0,0,0,0,0,0,0,0,0,0,0,0,0,0,0,0,0,0,0,0,0,0,0,0,0,0,0,0,0,0,0,0,0,,,
Bangladesh,BGD,0,0,0,0,0,0,0,0,0,0,0,0,0,0,0,0,0,0,0,0,0,0,0,0,0,0,0,0,0,0,0,0,0,0,0,0,0,0,0,0,,,
Bulgaria,BGR,0,0,0,0,0,0,0,0,0,0,0,0,0,0,0,0,0,0,0,0,0,0,0,0,0,0,0,0,0.0003922788,0.0007430194551,0.0007430194551,0.000625694519765,0.000283,0.00186896,0.00268871,0.00236055,0.00292923,0.00385219,0.004974,0.00654322,0.00527447,0.00756055,0.01034436
Bahrain,BHR,0,0,0,0,0,0,0,0,0,0,0,0,0,0,0,0,0,0,0,0,0,0,0,0,0,0,0,0,0,0,0,0,0,0,0,0,0,0,0,0,,,
The Bahamas,BHS,0,0,0,0,0,0,0,0,0,0,0,0,0,0,0,0,0,0,0,0,0,0,0,0,0,0,0,0,0,0,0,0,0,0,0,0,0,0,0,0,,,
Bosnia and Herzegovina,BIH,--,--,--,--,--,--,--,--,--,--,--,--,0,0,0,0,0,0,0,0,0,0,0,0,0,0,0,0,0,0,0,0,0,0,0,0,0,0,0,0,0,0,
Belarus,BLR,--,--,--,--,--,--,--,--,--,--,--,--,0,0,0,0,0,0,0,0,0,0,0,0,0,0,0,0,0.00031382304,0.00089945531026,0.0014860389102,0.00121232310851,0.001133,0.000899,0.000942,0.000742,0.000694,0.000682,0.000478,0.000546,,,
Belize,BLZ,0,0,0,0,0,0,0,0,0,0,0,0,0,0,0,0,0,0,0,0,0,0,0,0,0,0,0,0,0,0,0,0,0,0,0,0,0,0,0,0,,,
Bermuda,BMU,0,0,0,0,0,0,0,0,0,0,0,0,0,0,0,0,0,0,0,0,0,0,0,0,0,0,0,0,0,0,0,0,0,0,0,0,0,0,0,0,,,
Bolivia,BOL,0,0,0,0,0,0,0,0,0,0,0,0,0,0,0,0,0,0,0,0,0,0,0,0,0,0,0,0,0,0,0,0,0,0,0,0,0,0,0.00178915,0.00268372,0.00352007,0.00454943,0.00470039
Brazil,BRA,0.083342592,0.09350424,0.129867,0.17661912,0.252632232,0.26492868,0.23505927,0.25583799,0.263050056,0.26622735,0.26363001,0.2857074,0.263050056,0.25324065,0.28051272,0.2857074,0.316441404,0.34674489,0.31557681,0.29090208,0.239609952,0.25713666,0.28181139,0.32336883,0.328161456,0.35843292,0.35507646,0.45165832,0.56670518,0.55070872,0.62866847,0.54206669,0.55813064,0.64403942,0.68772946,0.7447953,0.69935429,0.70809085,0.85837455,0.96907081,0.90994082,0.8172472,0.84513216
Barbados,BRB,0,0,0,0,0,0,0,0,0,0,0,0,0,0,0,0,0,0,0,0,0,0,0,0,0,0,0,0,0,0,0,0,0,0,0,0,0,0,0,0,,,
Brunei,BRN,0,0,0,0,0,0,0,0,0,0,0,0,0,0,0,0,0,0,0,0,0,0,0,0,0,0,0,0,0,0,0,0,0,0,0,0,0,0,0,0,,,
Bhutan,BTN,0,0,0,0,0,0,0,0,0,0,0,0,0,0,0,0,0,0,0,0,0,0,0,0,0,0,0,0,0,0,0,0,0,0,0,0,0,0,0,0,,,
Botswana,BWA,0,0,0,0,0,0,0,0,0,0,0,0,0,0,0,0,0,0,0,0,0,0,0,0,0,0,0,0,0,0,0,0,0,0,0,0,0,0,0,0,,,
Central African Republic,CAF,0,0,0,0,0,0,0,0,0,0,0,0,0,0,0,0,0,0,0,0,0,0,0,0,0,0,0,0,0,0,0,0,0,0,0,0,0,0,0,0,,,
Canada,CAN,0,0,0,0,0,0,0,0,0,0,0,0,0,0,0,0,0,0,0,0.0022108415,0.0048250146,0.0050719305,0.00520198,0.00520198,0.005216232,0.005722178,0.00978784,0.01611198,0.02466978,0.03367349,0.03563107,0.04206149,0.04134334,0.04375539,0.05109507,0.05186181,0.05452125,0.05201836,0.04946771,0.05416008,0.05123672,0.05250182,0.05169973
Switzerland,CHE,0,0,0,0,0,0,0,0,0,0,0,0,0,0,0,0,0,0,0,0,0,0,0,0,0.00011768364,0.0002998548,0.0003389755,0.0005083574,0.00050975016,0.00020430785575,0.000238344820785,0.00020430785575,0.000245,0.000187,0.00019,0.000225,0.000269343,0.000272,0.000216,0.00049,0.00051329,0.00049663,0.00054496
Chile,CHL,0,0,0,0,0,0,0,0,0,0,0,0,0,0,0,0,0,0,0,0,0,0,0,0,0,0,0,0,0,0,0,0,0,0,0,0,0,0,0,0,,,
China,CHN,0,0,0,0,0,0,0,0,0,0,0,0,0,0,0,0,0,0,0,0,0,0,0.006502475,0.01820693,0.0223651254,0.032004879,0.04641015,0.05056965,0.06846389,0.07505806,0.07457406,0.08224615,0.09514295,0.10196272,0.10416189,0.09167948,0.08729058,0.10314305,0.09326267,0.1277965,0.13401803,0.1383198,0.16692775
Ivory Coast,CIV,0,0,0,0,0,0,0,0,0,0,0,0,0,0,0,0,0,0,0,0,0,0,0,0,0,0,0,0,0,0,0,0,0,0,0,0,0,0,0,0,,,
Cameroon,CMR,0,0,0,0,0,0,0,0,0,0,0,0,0,0,0,0,0,0,0,0,0,0,0,0,0,0,0,0,0,0,0,0,0,0,0,0,0,0,0,0,,,
Congo-Kinshasa,COD,0,0,0,0,0,0,0,0,0,0,0,0,0,0,0,0,0,0,0,0,0,0,0,0,0,0,0,0,0,0,0,0,0,0,0,0,0,0,0,0,,,
Congo-Brazzaville,COG,0,0,0,0,0,0,0,0,0,0,0,0,0,0,0,0,0,0,0,0,0,0,0,0,0,0,0.0001300495,0,0,0,0,0,0,0,0,0,0,0,0,0,,,
Cook Islands,COK,0,0,0,0,0,0,0,0,0,0,0,0,0,0,0,0,0,0,0,0,0,0,0,0,0,0,0,0,0,0,0,0,0,0,0,0,0,0,0,0,,,
Colombia,COL,0,0,0,0,0,0,0,0,0,0,0,0,0,0,0,0,0,0,0,0,0,0,0,0,0,0.0006502475,0.00594891,0.00608309,0.00572526,0.01354481,0.01944295,0.02458125,0.02703719,0.02797871,0.02895391,0.03024054,0.02910852,0.02842738,0.03163156,0.03044321,0.02847211,0.03313165,0.03406793
Comoros,COM,0,0,0,0,0,0,0,0,0,0,0,0,0,0,0,0,0,0,0,0,0,0,0,0,0,0,0,0,0,0,0,0,0,0,0,0,0,0,0,0,,,
Cabo Verde,CPV,0,0,0,0,0,0,0,0,0,0,0,0,0,0,0,0,0,0,0,0,0,0,0,0,0,0,0,0,0,0,0,0,0,0,0,0,0,0,0,0,,,
Costa Rica,CRI,0,0,0,0,0,0,0,0,0,0,0,0,0,0,0,0,0,0,0,0,0,0,0.001040396,0.001300495,0.0016952754,0.0027310395,0.0027310395,0.0037714355,0.0031297392,0,0,0,0.00163984942872,0.001719762558695,0.00172812328629,0.00192013684047,0.0020457350766,0,0,0,,,
Central & South America,CSAM,0.083342592,0.0936342895,0.1302571485,0.1770092685,0.2531538552,0.265188779,0.235579468,0.2564882375,0.263702085,0.267007647,0.2666211485,0.2886985385,0.2659189836,0.255581541,0.282593512,0.287528093,0.3182670852,0.348305484,0.316877305,0.2923326245,0.24109657812,0.2584631649,0.2870393799,0.3298973149,0.3344209344,0.3696182355,0.384947843,0.4895994685,0.6336344618,0.6249414416921,0.73695536767284,0.682386505041935,0.706594559299324,0.7801970015035,0.852344003162645,0.88044825973195,0.871280686156236,0.88685229,1.029593139,1.133618876,1.03216354,0.97046884,1.01027173
Former Czechoslovakia,CSK,0,0,0,0,0,0,0,0,0,0,0,0,0,--,--,--,--,--,--,--,--,--,--,--,--,--,--,--,--,--,--,--,--,--,--,--,--,--,--,--,,,
Cuba,CUB,,,,,,,,,,,0.002340891,0.0022108415,0.0020864928,0.001560594,0.001560594,0.0014305445,0.0014344638,0.0014305445,0.0011704455,0.0011704455,0.0014344638,0.001300495,0.001300495,0.001300495,0.001304058,0.001040396,0.0006502475,0.000520198,0.0003912174,0.00678002144092,0.006825202490325,0.0066888797992,0.00690864962808,0.00647992952524,0.00641900633718,0.0029090467734,0.002356052102316,0,0,0,,,
Cayman Islands,CYM,0,0,0,0,0,0,0,0,0,0,0,0,0,0,0,0,0,0,0,0,0,0,0,0,0,0,0,0,0,0,0,0,0,0,0,0,0,0,0,0,,,
Cyprus,CYP,0,0,0,0,0,0,0,0,0,0,0,0,0,0,0,0,0,0,0,0,0,0,0,0,0,0,0,0,0.00025498122,0.000273760790495,0.000234651826705,0.000234651826705,0.000137254429332,6.505e-05,0,2.623e-05,1.701e-05,5.103e-05,0,0,0,0,0
Czechia,CZE,--,--,--,--,--,--,--,--,--,--,--,--,--,0,0,0,0,0,0,0,0.00260865402,0.00275800935,0.00404899245,0.0043815184,0.00329514192,0.00493565775,0.0046543048,0.0039490737,0.00465698034,0.008562838173745,0.01036972198968,0.009683073444465,0.008672,0.00904583,0.01035558,0.00855895,0.00817711,0.00814005,0.00873497,0.01109282,0.01100749,0.0106894,0.01061391
East,DDR,0,0,0,0,0,0,0,0,0,0,0,--,--,--,--,--,--,--,--,--,--,--,--,--,--,--,--,--,--,--,--,--,--,--,--,--,--,--,--,--,,,
Germany,DEU,--,--,--,--,--,--,--,--,--,--,--,0,0,0,0,0,0,0,0,0,0.00972851424,0.0136140036,0.0213990229,0.0260152655,0.03982795896,0.061540022,0.1000707214,0.12411250855,0.11095336848,0.11016651555073,0.13169496395184,0.130286644899345,0.11736,0.12196359,0.13857747,0.12704565,0.12846526,0.12885432,0.13333831,0.13945315,0.12867351,0.13618748,0.13449107
West,DEUW,0,0,0,0,0,0,0,0,0,0,0,--,--,--,--,--,--,--,--,--,--,--,--,--,--,--,--,--,--,--,--,--,--,--,--,--,--,--,--,--,,,
Djibouti,DJI,0,0,0,0,0,0,0,0,0,0,0,0,0,0,0,0,0,0,0,0,0,0,0,0,0,0,0,0,0,0,0,0,0,0,0,0,0,0,0,0,,,
Dominica,DMA,0,0,0,0,0,0,0,0,0,0,0,0,0,0,0,0,0,0,0,0,0,0,0,0,0,0,0,0,0,0,0,0,0,0,0,0,0,0,0,0,,,
Denmark,DNK,0,0,0,0,0,0,0,0,0,0,0,0,0,0,0,0,0,0,0,0,0,0.0009780175,0.001564828,0.0017604315,0.0025498122,0.00275800935,0.00275800935,0.00275800935,0.00388356012,0.00337880400209,0.00310024066971,0.0032422301541,0.000881,0,0,0,0,0,0,0,0,0,0
Dominican Republic,DOM,0,0,0,0,0,0,0,0,0,0,0,0,0,0,0,0,0,0,0,0,0,0,0,0,0,0,0,0,0,0,0,0,0,0,0,0,0,,,,,,
Algeria,DZA,0,0,0,0,0,0,0,0,0,0,0,0,0,0,0,0,0,0,0,0,0,0,0,0,0,0,0,0,0,0,0,0,0,0,0,0,0,0,0,0,,,
Ecuador,ECU,0,0,0,0,0,0,0,0,0,0,0,0,0,0,0,0,0,0,0,0,0,0,0,0,0,0,0,0,0,0,0,0,0.00015655,0.00019904,0.00034441,0.00058371,0.0007671,0.00104218,0.0016381,0.00210864,0.00244072,0.00266436,0.00288801
Egypt,EGY,0,0,0,0,0,0,0,0,0,0,0,0,0,0,0,0,0,0,0,0,0,0,0,0,0,0,0,0,0,0.000896349272315,0.00111980733669,0.0012314426794,0,0,0,0,0,0,0,0,,,
Eritrea,ERI,--,--,--,--,--,--,--,--,--,--,--,--,--,--,0,0,0,0,0,0,0,0,0,0,0,0,0,0,0,0,0,0,0,0,0,0,0,0,0,0,,,
Western Sahara,ESH,0,0,0,0,0,0,0,0,0,0,0,0,0,0,0,0,0,0,0,0,0,0,0,0,0,0,0,0,0,0,0,0,0,0,0,0,0,0,0,0,,,
Spain,ESP,0,0,0,0,0,0,0,0,0,0,0,0,0,0,0,0,0,0,0,0,0.0031382304,0.00314921635,0.0055350425,0.0079309171,0.0096293685,0.01285958875,0.0115680691,0.01616475135,0.01649370948,0.038719542280575,0.04405000116696,0.03631489340798,0.025606,0.03522068,0.05350787,0.05012256,0.05569812,0.07198613,0.07253436,0.08255594,0.07742551,0.07497038,0.07423529
Estonia,EST,--,--,--,--,--,--,--,--,--,--,--,--,0,0,0,0,0,0,0,0,0,0,0,0,0,0,0,0,0,0,0,0,0,0,0,0,0,0,0,0,0,0,0
Ethiopia,ETH,0,0,0,0,0,0,0,0,0,0,0,0,0,0,0,0,0,0,0,0,0,0,0,0,0,0,0,0,0.0001304058,0.000112483714035,4.2157877775e-05,0.0001264589074,0.00018168995424,0.00021662188046,0.00027367132644,0.00038404528974,0.000461029081068,0,0,0,,,
European Union,EU27,0,0,0,0,0,0,0,0,0,0,0,0,0.0001304058,0.000780297,0.001040396,0.001040396,0.0016952754,0.002340891,0.0027310395,0.00260099,0.03355891332,0.0431025434,0.05823960075,0.0709152295,0.08799255612,0.12789301795,0.18449533455,0.24747901185,0.32760615714,0.421671982278645,0.464979143267555,0.44407758086885,0.44586736697109,0.46852032,0.5250141,0.51517133,0.4971789,0.54255688,0.57091891,0.60854004,0.58835308,0.60760896,0.60111277
Eurasia,EURA,0,0,0,0,0,0,0,0,0,0,0,0,0,0,0,0,0,0,0,0,0,0,0,0,0,0,0,6.502475e-05,0.00031382304,0.00089945531026,0.0015605889102,0.00194813310851,0.00253008,0.00581915,0.00418482,0.00420847,0.00438411,0.00459575,0.0046154,0.00491644,0.00458893,0.00480858,0.00503222
Europe,EURO,0,0,0,0,0,0,0,0,0,0,0,0,0.0001304058,0.000780297,0.001040396,0.001040396,0.0016952754,0.002340891,0.0027310395,0.00260099,0.03355891332,0.0431025434,0.05823960075,0.0709152295,0.08811023976,0.12919520655,0.18595058005,0.24922100135,0.32927140518,0.423031669098185,0.46641197601592,0.455215659952695,0.455859718732998,0.47911929,0.54455716,0.52988061,0.523850203,0.57912699,0.60512915,0.63803371,0.61733456,0.63919,0.63513973
Finland,FIN,0,0,0,0,0,0,0,0,0,0,0,0,0,0,0,0,0,0,0,0,0,0,0,0,6.52029e-05,0.000260099,0.000520198,0.0023842457,0.00484145898,0.010270921855545,0.01340437659779,0.00919273996821,0.011087,0.01311158,0.01465365,0.01713364,0.00430385,0.01225264,0.01144252,0.01441889,0.01375091,0.02769294,0.02598378
Fiji,FJI,0,0,0,0,0,0,0,0,0,0,0,0,0,0,0,0,0,0,0,0,0,0,0,0,0,0,0,0,0,0,0,0,0,0,0,0,0,0,0,0,,,
Falkland Islands,FLK,0,0,0,0,0,0,0,0,0,0,0,0,0,0,0,0,0,0,0,0,0,0,0,0,0,0,0,0,0,0,0,0,0,0,0,0,0,0,0,0,,,
France,FRA,0,0,0,0,0,0,0,0,0,0,0,0,0.0001304058,0.000780297,0.001040396,0.001040396,0.0016952754,0.002340891,0.0027310395,0.00260099,0.01419995454,0.0142198379,0.0152369761,0.01670506085,0.0174177021,0.0269583817,0.02964236905,0.0495331134,0.08986676892,0.10369732283994,0.09988997412927,0.091721461571735,0.103435,0.09742383,0.09917728,0.10477765,0.09586185,0.09331998,0.10581641,0.09863298,0.09195195,0.07653218,0.07463222
Faroe Islands,FRO,0,0,0,0,0,0,0,0,0,0,0,0,0,0,0,0,0,0,0,0,0,0,0,0,0,0,0,0,0,0,0,0,0,0,0,0,0,0,0,0,,,
Gabon,GAB,0,0,0,0,0,0,0,0,0,0,0,0,0,0,0,0,0,0,0,0,0,0,0,0,0,0,0,0,0,0,0,0,0,0,0,0,0,0,0,0,,,
United Kingdom,GBR,0,0,0,0,0,0,0,0,0,0,0,0,0,0,0,0,0,0,0,0,0,0,0,0,0,0.0003520863,0,0,0,0,0,0.00606325,0.00842119,0.00909488,0.0174083,0.01250002,0.02225616,0.03025681,0.02838235,0.02371236,0.0224489,0.02516962,0.02780088
Georgia,GEO,--,--,--,--,--,--,--,--,--,--,--,--,0,0,0,0,0,0,0,0,0,0,0,0,0,0,0,0,0,0,0,0,0,0,0,0,0,0,0,9.4e-06,4.25e-06,2.5e-07,2.5e-07
Ghana,GHA,0,0,0,0,0,0,0,0,0,0,0,0,0,0,0,0,0,0,0,0,0,0,0,0,0,0,0,0,0,0,0,0,0,0,0,0,0,0,0,0,,,
Gibraltar,GIB,0,0,0,0,0,0,0,0,0,0,0,0,0,0,0,0,0,0,0,0,0,0,0,0,0,0,0,0,0,0,0,0,0,0,0,0,0,0,0,0,,,
Guinea,GIN,0,0,0,0,0,0,0,0,0,0,0,0,0,0,0,0,0,0,0,0,0,0,0,0,0,0,0,0,0,0,0,0,0,0,0,0,0,0,0,0,,,
Guadeloupe,GLP,0,0,0,0,0,0,0,0,0,0,0,0,0,0,0,0,0,0,0,0,0,0,0,0,0,0,0,0,0,0,0,0,,,,,,,,,,,
The,GMB,0,0,0,0,0,0,0,0,0,0,0,0,0,0,0,0,0,0,0,0,0,0,0,0,0,0,0,0,0,0,0,0,0,0,0,0,0,0,0,0,,,
Guinea-Bissau,GNB,0,0,0,0,0,0,0,0,0,0,0,0,0,0,0,0,0,0,0,0,0,0,0,0,0,0,0,0,0,0,0,0,0,0,0,0,0,0,0,0,,,
Equatorial Guinea,GNQ,0,0,0,0,0,0,0,0,0,0,0,0,0,0,0,0,0,0,0,0,0,0,0,0,0,0,0,0,0,0,0,0,0,0,0,0,0,0,0,0,,,
Greece,GRC,0,0,0,0,0,0,0,0,0,0,0,0,0,0,0,0,0,0,0,0,0,0,0,0,0,0,0.0018386729,0.0036382251,0.0027459516,0.003148134662645,0.005004705282895,0.0043589457561,0.004931,0.00547297,0.0056206,0.00530698,0.00548791,0.00552571,0.00598235,0.00715145,0.00708754,0.00635211,0.00685876
Grenada,GRD,0,0,0,0,0,0,0,0,0,0,0,0,0,0,0,0,0,0,0,0,0,0,0,0,0,0,0,0,0,0,0,0,0,0,0,0,0,0,0,0,,,
Greenland,GRL,0,0,0,0,0,0,0,0,0,0,0,0,0,0,0,0,0,0,0,0,0,0,0,0,0,0,0,0,0,0,0,0,0,0,0,0,0,0,0,0,,,
Guatemala,GTM,0,0,0,0,0,0,0,0,0,0,0,0,0,0,0,0,0,0,0,0,0,0,0,0,0,0,0.00063738,0.00066526,0.00066526,0.00066526,0.00194003,0.00159338,0.00321479,0.00047517,0.00047517,0.00047517,0.00047517,0.00047517,0.00047517,0.00047517,0.00047517,0.00054022,0.00054022
French Guiana,GUF,0,0,0,0,0,0,0,0,0,0,0,0,0,0,0,0,0,0,0,0,0,0,0,0,0,0,0,0,0,0,0,0,,,,,,,,,,,
Guam,GUM,0,0,0,0,0,0,0,0,0,0,0,0,0,0,0,0,0,0,0,0,0,0,0,0,0,0,0,0,0,0,0,0,0,0,0,0,0,0,0,0,,,
Guyana,GUY,0,0,0,0,0,0,0,0,0,0,0,0,0,0,0,0,0,0,0,0,0,0,0,0,0,0,0,0,0,0,0,0,0,0,0,0,0,0,0,0,,,
Hawaiian Trade Zone,HITZ,0,0,0,0,0,0,0,--,--,--,--,--,--,--,--,--,--,--,--,--,--,--,--,--,--,--,--,--,--,--,--,--,--,--,--,--,--,--,--,--,,,
Hong Kong,HKG,0,0,0,0,0,0,0,0,0,0,0,0,0,0,0,0,0,0,0,0,0,0,0,0,0,0,0,0,0,0,0.000156433899125,0.001134107136965,0.000196078596786,0.000586585555975,0.004106184957365,0.000139329,0.000139329,0.000249276,0.000188616,0.000188616,,,
Honduras,HND,0,0,0,0,0,0,0,0,0,0,0,0,0,0,0,0,0,0,0,0,0,0,0,0,0,0,0,0,0,0,0,0,0,0,0,0,0,0,0,0,,,
Croatia,HRV,--,--,--,--,--,--,--,--,--,--,--,--,0,0,0,0,0,0,0,0,0,0,0,0,0,0,0,0.0001564828,0.00013729758,0.000234651826705,0.000547476592185,0.000312869754285,0.001379,0.00117317,0.00123651,0.00061308,3.964e-05,1.325e-05,1.452e-05,9.23e-06,5.95e-06,1.364e-05,1.399e-05
Haiti,HTI,0,0,0,0,0,0,0,0,0,0,0,0,0,0,0,0,0,0,0,0,0,0,0,0,0,0,0,0,0,0,0,0,0,0,0,0,0,0,0,0,,,
Hungary,HUN,0,0,0,0,0,0,0,0,0,0,0,0,0,0,0,0,0,0,0,0,0,0,0,0,0,0.0001300495,0.000780297,0.0010023338,0.00850395876,0.006795800721975,0.00803673618742,0.007930332382775,0.011176,0.01211854,0.01215358,0.01519306,0.01628973,0.01670907,0.01772333,0.0187537,0.01768409,0.01954806,0.01929841
Indonesia,IDN,0,0,0,0,0,0,0,0,0,0,0,0,0,0,0,0,0,0,0,0,0,0,0,0,0,0,0.00235793,0.00911724,0.02126612,0.01115399,0.02634119,0.06110385,0.0765091,0.09941473,0.11829916,0.04044405,0.1178966,0.09431728,0.18863457,0.25937253,0.28634269,0.32168931,0.36716371
India,IND,0,0,0,0,0,0,0,0,0,0,0,0,0,0,0,0,0,0,0,0,0.0037817682,0.003901485,0.004161584,0.0042916335,0.004564203,0.0052030385,0.00447286,0.00447286,0.00626201,0.00476279,0.00448669,0.01190198,0.01106539,0.01298956,0.01258783,0.01473673,0.01538613,0.02149325,0.03977814,0.05068696,0.05414928,0.08981758,0.11805321
Ireland,IRL,0,0,0,0,0,0,0,0,0,0,0,0,0,0,0,0,0,0,0,0,0,0,0,0,0,3.91207e-05,0.0001042513,0.00104938595,0.00190838256,0.002574586079945,0.002879457844,0.00113663330598,0.000951,0.00085627,0.00089669,0.00096469,0.00096911,0.0011267,0.0013393,0.00181419,0.00228085,0.00296362,0.00355524
Iran,IRN,0,0,0,0,0,0,0,0,0,0,0,0,0,0,0,0,0,0,0,0,0,0,0,0,0,0,0,0,0,0.000515400473945,0.0004927149162,0.0005373564748,0.00058373129184,0.00062674022031,0.00067131888576,0.00071607235263,0.000673158115584,0,0,0,,,
Iraq,IRQ,0,0,0,0,0,0,0,0,0,0,0,0,0,0,0,0,0,0,0,0,0,0,0,0,0,0,0,0,0,0,0,0,0,0,0,0,0,0,0,0,,,
Iceland,ISL,0,0,0,0,0,0,0,0,0,0,0,0,0,0,0,0,0,0,0,0,0,0,0,0,0,0,0,0,0,0,0,0,3e-06,2.96e-06,2.96e-06,0,0,0,0,0,0,0,0
Israel,ISR,0,0,0,0,0,0,0,0,0,0,0,0,0,0,0,0,0,0,0,0,0,0,0,0,0,0,0,0,0,0,0,0,0,0,0,0,0,0,0,0,,,
Italy,ITA,0,0,0,0,0,0,0,0,0,0,0,0,0,0,0,0,0,0,0,0,0.0031382304,0.005476898,0.0080197435,0.0103669855,0.01102303428,0.0078368274,0.01144808265,0.0090855143,0.02703754728,0.03276883425577,0.033251804563665,0.024713005815155,0.014715,0.01812672,0.02034743,0.02058052,0.02079358,0.02494835,0.02691407,0.03096856,0.03666875,0.04377982,0.04155618
Jamaica,JAM,0,0,0,0,0,0,,,,,,,,,,,,,,,0,0,0.0024709405,0.003381287,0.002608116,0.002861089,0.006762574,0.0063724255,0.0083459712,0,0,0,0,0,0,0,0.002119404719016,0,0,0,,,
Jordan,JOR,0,0,0,0,0,0,0,0,0,0,0,0,0,0,0,0,0,0,0,0,0,0,0,0,0,0,0,0,0,0,0,0,0,0,0,0,0,0,0,0,,,
Japan,JPN,0,0,0,0,0,0,0,0,0,0,0,0,0,0,0,0,0,0,0,0,0,0,0,0,0,0,0.00016909,0.0002378,0.00026948,0.00061626,0.00077551,0.00087092,0.000907,0.00088519,0.00098652,0.00071843,0.00072974,0.0006737,0.00070738,0.00080843,0.00074106,0.00070738,0.00070738
Kazakhstan,KAZ,--,--,--,--,--,--,--,--,--,--,--,--,0,0,0,0,0,0,0,0,0,0,0,0,0,0,0,6.502475e-05,0,0,0,0,0,0,0,0,0,0,0,0,,,
Kenya,KEN,0,0,0,,,,,,,,,,,,0,0,0,0,0,0,0,0,0,0,0,0,0,0,0,0.00044817398591,0.000559903668345,0.0006716962432,0.00067353650688,0.000895342986295,0.00111886394382,0.00111886394382,0.001121929324488,0,0,0,,,
Kyrgyzstan,KGZ,--,--,--,--,--,--,--,--,--,--,--,--,0,0,0,0,0,0,0,0,0,0,0,0,0,0,0,0,0,0,0,0,0,0,0,0,0,0,0,0,,,
Cambodia,KHM,0,0,0,0,0,0,0,0,0,0,0,0,0,0,0,0,0,0,0,0,0,0,0,0,0,0,0,0,0,0,0,0,0,0,0,0,0,0,0,0,,,
Kiribati,KIR,0,0,0,0,0,0,0,0,0,0,0,0,0,0,0,0,0,0,0,0,0,0,0,0,0,0,0,0,0,0,0,0,0,0,0,0,0,0,0,0,,,
Saint Kitts and Nevis,KNA,0,0,0,0,0,0,0,0,0,0,0,0,0,0,0,0,0,0,0,0,0,0,0,0,0,0,0,0,0,0,0,0,0,0,0,0,0,0,0,0,,,
South Korea,KOR,0,0,0,0,0,0,0,0,0,0,0,0,0,0,0,0,0,0,0,0,0,0,3.91207e-05,7.82414e-05,0.0001961394,0.0004694484,0.00176023,0.00417098,0.007462,0.01139417,0.01521648,0.01488542,0.0168187,0.01987369,0.01858656,0.02101123,0.02066357,0.02008958,0.02525547,0.02831674,0.02525547,0.02908206,0.02984738
Kuwait,KWT,0,0,0,0,0,0,0,0,0,0,0,0,0,0,0,0,0,0,0,0,0,0,0,0,0,0,0,0,0,0,0,0,0,0,0,0,0,0,0,0,,,
Laos,LAO,0,0,0,0,0,0,0,0,0,0,0,0,0,0,0,0,0,0,0,0,0,0,0,0,0,0,0,0,0,0,0,0,0,0,0,0,0,0,0,0,,,
Lebanon,LBN,0,0,0,0,0,0,0,0,0,0,0,0,0,0,0,0,0,0,0,0,0,0,0,0,0,0,0,0,0,0,0,0,0,0,0,0,0,0,0,0,,,
Liberia,LBR,0,0,0,0,0,0,0,0,0,0,0,0,0,0,0,0,0,0,0,0,0,0,0,0,0,0,0,0,0,0,0,0,0,0,0,0,0,0,0,0,,,
Libya,LBY,0,0,0,0,0,0,0,0,0,0,0,0,0,0,0,0,0,0,0,0,0,0,0,0,0,0,0,0,0,0,0,0,0,0,0,0,0,0,0,0,,,
Saint Lucia,LCA,0,0,0,0,0,0,0,0,0,0,0,0,0,0,0,0,0,0,0,0,0,0,0,0,0,0,0,0,0,0,0,0,0,0,0,0,0,0,0,0,,,
Sri Lanka,LKA,0,0,0,0,0,0,0,0,0,0,0,0,0,0,0,0,0,0,0,0,0,0,0,0,0,0,0,0,0,0,0,0,0,0,0,0,0,0,0,0,,,
Lesotho,LSO,0,0,0,0,0,0,0,0,0,0,0,0,0,0,0,0,0,0,0,0,0,0,0,0,0,0,0,0,0,0,0,0,0,0,0,0,0,0,0,0,,,
Lithuania,LTU,--,--,--,--,--,--,--,--,--,--,--,--,0,0,0,0,0,0,0,0,0,0,0,0,0.00013061808,0.0004038944,0.0007813555,0.00134860565,0.00303220752,0.00480856276148,0.00456910797898,0.003702604024475,0.004268,0.00469474,0.00444453,0.00453665,0.00397885,0.00448679,0.00584529,0.00629161,0.00651444,0.00603636,0.00621579
Luxembourg,LUX,0,0,0,0,0,0,0,0,0,0,0,0,0,0,0,0,0,0,0,0,0,0,0,0,0,0,0,0,0,0,0,0,0,0,0,0,0,0,0,0,0,0,0
Latvia,LVA,--,--,--,--,--,--,--,--,--,--,--,--,0,0,0,0,0,0,0,0,0,0,0,0,0.0002608116,0.0003383404,0.00051438355,0.0007422348,0.00148959804,0.00217266694424,0.002123481654305,0.00242236970326,0.00323,0.00239556,0.00264261,0.00240508,0.00171084,0.00210408,0.00349858,0.00304789,0.00309316,0.0025912,0.00309664
Macau,MAC,0,0,0,0,0,0,0,0,0,0,0,0,0,0,0,0,0,0,0,0,0,0,0,0,0,0,0,0,0,0,0,0,0,0,0,0,0,0,0,0,,,
Morocco,MAR,0,0,0,0,0,0,0,0,0,0,0,0,0,0,0,0,0,0,0,0,0,0,0,0,0,0,0,0,0,0,0,0,0,0,0,0,0,0,0,0,,,
Moldova,MDA,--,--,--,--,--,--,--,--,--,--,--,--,0,0,0,0,0,0,0,0,0,0,0,0,0,0,0,0,0,0,0,0,0,0,0,0,0,0,0,0,0,0,
Madagascar,MDG,0,0,0,0,0,0,0,0,0,0,0,0,0,0,0,0,0,0,0,0,0,0,0,0,0,0,0,0,0,0,0,0,0,0,0,0,0,0,0,0,,,
Maldives,MDV,0,0,0,0,0,0,0,0,0,0,0,0,0,0,0,0,0,0,0,0,0,0,0,0,0,0,0,0,0,0,0,0,0,0,0,0,0,0,0,0,,,
Mexico,MEX,0,0,0,0,0,0,0,0,0,0,0,0,0,0,0,0,0,0,0,0,0,0,0,0,0,0,0.00050683,0.00050683,0.00050683,0.00051072,0.00219757,0.00219757,0.00170556,0.00170556,0.00170556,0.00170556,0.00170556,0.00170556,0.00170556,0.00170556,0.00170556,0.00170556,0.00170556
Middle East,MIDE,0,0,0,0,0,0,0,0,0,0,0,0,0,0,0,0,0,0,0,0,0,0,0,0,0,0,0,0,0,0.000515400473945,0.0004927149162,0.0005373564748,0.00058373129184,0.00062674022031,0.00067131888576,0.00071607235263,0.000673158115584,0,0,0,,0,0
North Macedonia,MKD,--,--,--,--,--,--,--,--,--,--,--,--,0,0,0,0,0,0,0,0,0,0,0,0,0,0,0,0.0001173621,3.922788e-05,3.910896379e-05,7.821792758e-05,0.000195542862915,0.000206891761908,0,0.00012197,7.582e-05,0,0,0,0,4.731e-05,0,0
Mali,MLI,0,0,0,0,0,0,0,0,0,0,0,0,0,0,0,0,0,0,0,0,0,0,0,0,0,0,0,0,0,0,0,0,0,0,0,0,0,0,0,0,,,
Malta,MLT,0,0,0,0,0,0,0,0,0,0,0,0,0,0,0,0,0,0,0,0,0,0,0,0,0,0,0,0,0,0,3.910896379e-05,3.910896379e-05,1.9608055818e-05,4.339e-05,4.317e-05,3.469e-05,2.663e-05,1.012e-05,0,0,0,0,0
Burma,MMR,0,0,0,0,0,0,0,0,0,0,0,0,0,0,0,0,0,0,0,0,0,0,0,0,0,0,0,0,0,0,0,0,0,0,0,0,0,0,0,0,,,
Montenegro,MNE,--,--,--,--,--,--,--,--,--,--,--,--,--,--,--,--,--,--,--,--,--,--,--,--,--,--,0,0,0,0,0,0,0,0,0,0,0,0,0,0,0,0,0
Mongolia,MNG,0,0,0,0,0,0,0,0,0,0,0,0,0,0,0,0,0,0,0,0,0,0,0,0,0,0,0,0,0,0,0,0,0,0,0,0,0,0,0,0,,,
Mozambique,MOZ,0,0,0,0,0,0,0,0,0,0,0,0,0,0,0,0,0,0,0,0,0,0,0,0,0,0,0,0,0,0,0.00044729,0.00111822,0.00201279,0.00201279,0.00201279,0.00201279,0.00205752,0.00210225,0.00214697,0.0021917,0.00223643,0.00228116,0.00232589
Mauritania,MRT,0,0,0,0,0,0,0,0,0,0,0,0,0,0,0,0,0,0,0,0,0,0,0,0,0,0,0,0,0,0,0,0,0,0,0,0,0,0,0,0,,,
Montserrat,MSR,0,0,0,0,0,0,0,0,0,0,0,0,0,0,0,0,0,0,0,0,0,0,0,0,0,0,0,0,0,0,0,0,0,0,0,0,0,0,0,0,,,
Martinique,MTQ,0,0,0,0,0,0,0,0,0,0,0,0,0,0,0,0,0,0,0,0,0,0,0,0,0,0,0,0,0,0,0,0,,,,,,,,,,,
Mauritius,MUS,0,0,0,0,0,0,0,0,0,0,0,0,0,0,0,0,0,0,0,0,0,0,0,0,0,0,0,0,0,0.000560218132635,0.00067188492192,0.0006269163204,0.00056127998808,0.00053720553197,0.00078320450094,0.00067131888576,0.000673158115584,0,0,0,,,
Malawi,MWI,0,0,0.0001300495,0.000260099,0.0002608116,0.000260099,0.000260099,0.000260099,0.0002608116,0.000260099,0.000260099,0.000260099,0.0002608116,0.000260099,0.000260099,0.000260099,0.0002608116,0.0003901485,0.0003901485,0.000260099,0.0002608116,0.000260099,0.000260099,0.000260099,0.0002608116,0.000260099,0.000260099,0.000260099,0.0002608116,0.000403357627715,0.000425526164055,0.0004477966292,0.00044902346928,0.00044767084363,0.00044754505806,0.00055943197191,0.000673158115584,0,0,0,,,
Malaysia,MYS,0,0,0,0,0,0,0,0,0,0,0,0,0,0,0,0,0,0,0,0,0,0,0,0,0,0,0.00363795,0.00363795,0.00764644,0.00832013,0.00437902,0.00687169,0.00791592,0.01717922,0.01600025,0.02502777,0.02004242,0.02876677,0.03705322,0.05989148,0.04207225,0.04032064,0.03877114
Namibia,NAM,--,--,--,--,--,--,--,--,--,--,0,0,0,0,0,0,0,0,0,0,0,0,0,0,0,0,0,0,0,0,0,0,0,0,0,0,0,0,0,0,,,
New Caledonia,NCL,0,0,0,0,0,0,0,0,0,0,0,0,0,0,0,0,0,0,0,0,0,0,0,0,0,0,0,0,0,0,0,0,0,0,0,0,0,0,0,0,,,
Niger,NER,0,0,0,0,0,0,0,0,0,0,0,0,0,0,0,0,0,0,0,0,0,0,0,0,0,0,0,0,0,0,0,0,0,0,0,0,0,0,0,0,,,
Nigeria,NGA,0,0,0,0,0,0,0,0,0,0,0,0,0,0,0,0,0,0,0,0,0,0,0,0,0,0,0,0,0,0,0,0,0,0,0,0,0,0,0,0,,,
Nicaragua,NIC,0,0,0,0,0,0,0,0,0,0,0,0,0,0,0,0,0,0,0,0,0,0,0,0,0,0,0,0,0.0011736522,0.00156861025118,0.000179168705955,0.000111949807,0.00033676825344,0.000223835421815,0.00013426429662,0,0.000224385604452,0,0,0,,,
Niue,NIU,0,0,0,0,0,0,0,0,0,0,0,0,0,0,0,0,0,0,0,0,0,0,0,0,0,0,0,0,0,0,0,0,0,0,0,0,0,0,0,0,,,
Netherlands,NLD,0,0,0,0,0,0,0,0,0,0,0,0,0,0,0,0,0,0,0,0,0,0,0,0,0.0002608116,0.0001300495,0.00107476075,0.00352667745,0.00345788382,0.010628783180435,0.01593813355545,0.021975142041555,0.04685647214024,0.0588149,0.06031908,0.05712778,0.05127122,0.06764855,0.06448518,0.06902725,0.06941816,0.07160747,0.06818952
Netherlands Antilles,NLDA,0,0,0,0,0,0,0,0,0,0,0,0,0,0,0,0,0,0,0,0,0,0,0,0,0,0,0,0,0,0,0,0,0,0,0,0,0,0,0,0,,,
North America,NOAM,0,0.007047,0.019129,0.035237,0.043292,0.052353,0.060407,0.069468,0.070475,0.071481,0.063427,0.073495,0.083563,0.097925,0.109345,0.115174,0.082583,0.109291,0.119193,0.1264918415,0.1424920146,0.1559539305,0.18814698,0.24498998,0.297677232,0.348619178,0.45483022,0.63239501,0.91277251,1.02854185,1.20318366,1.34687723,1.29377668,1.35568611,1.4463249,1.4911163,1.58932267,1.63926238,1.68914788,1.67699482,1.53486843,1.63319496,1.75995454
Non-OECD,NOEC,0.0841250268,0.0944145865,0.131167495,0.1780496645,0.2541971016,0.266229175,0.236619864,0.2575286335,0.2647453314,0.268048043,0.2676615445,0.2897389345,0.26696223,0.25584164,0.282853611,0.287788192,0.3185278968,0.3486956325,0.3172674535,0.2925927235,0.24513915792,0.2626247489,0.2969231419,0.3513554824,0.3600462048,0.4053438004,0.436623482,0.55697722805,0.75461516,0.756431734694815,0.877905024105655,0.896797618575815,0.971929113803648,1.110173076765265,1.21029191866918,1.16500075855641,1.230070972697588,1.268148739,1.527592188,1.799118295,1.71189704,1.71071812,1.85084472
Norway,NOR,0,0,0,0,0,0,0,0,0,0,0,0,0,0,0,0,0,0,0,0,0,0,0,0,0,0,0,0,0,0,0,0.00355870836518,0,0,0,0,0.00209278,0.0039414,0.00353837,0.00300931,0.00298528,0.00306767,0.00287499
Nepal,NPL,0,0,0,0,0,0,0,0,0,0,0,0,0,0,0,0,0,0,0,0,0,0,0,0,0,0,0,0,0,0,0,0,0,0,0,0,0,0,0,0,,,
Nauru,NRU,0,0,0,0,0,0,0,0,0,0,0,0,0,0,0,0,0,0,0,0,0,0,0,0,0,0,0,0,0,0,0,0,0,0,0,0,0,0,0,0,,,
New Zealand,NZL,0,0,0,0,0,0,0,0,0,0,0,0,0,0,0,0,0,0,0,0,0,0,0,0,0,0,0,0,5.216232e-05,0.00013322156754,0.00013317056244,0.00020526061306,0.000168,0.000116,9.799999999999998e-05,0.00011599999999999999,0.000113856,0.000113856,0.000113856,7.8e-05,0.0001865,0.00014578,0.00014578
OECD - Asia And Oceania,OEAO,0,0,0,0,0,0,0,0,0,0,0,0,0,0,0,0,0,0,0,0,0,0,3.91207e-05,7.82414e-05,0.0001961394,0.0009896464,0.00308399,0.00790508,0.01264361232,0.01936789156754,0.02500436056244,0.02498686061306,0.02752612,0.03032838,0.02988995,0.03107774,0.027424596,0.028404526,0.032620066,0.03549141,0.03100627,0.03469109,0.03511956
OECD,OECD,0,0.007047,0.019129,0.035237,0.043292,0.052353,0.060407,0.069468,0.070475,0.071481,0.063427,0.073495,0.0836934058,0.098705297,0.110385396,0.116214396,0.0842782754,0.111631891,0.1219240395,0.1290928315,0.17605092792,0.1990564739,0.24746609745,0.3172839459,0.38767888656,0.48218531794999997,0.65254473955,0.89850121555,1.26332198974,1.47987646431246,1.7109342115082,1.84486213939835,1.79860580391466,1.885839522558695,2.04321135328629,2.07489209684047,2.1613194040766,2.264355436,2.346080386,2.36571668,2.1950283,2.32325103,2.44481924
OECD - Europe,OEEU,0,0,0,0,0,0,0,0,0,0,0,0,0.0001304058,0.000780297,0.001040396,0.001040396,0.0016952754,0.002340891,0.0027310395,0.00260099,0.03355891332,0.0431025434,0.05823960075,0.0709152295,0.08811023976,0.12919520655,0.18595058005,0.24808650105,0.32487788262,0.41842191274492,0.46330324094576,0.44841679878529,0.44862596448594,0.47012656,0.53631447,0.52053738,0.513417883,0.56826115,0.59268088,0.62278724,0.60068149,0.62223333,0.61567721
OECD - North America,OENA,0,0.007047,0.019129,0.035237,0.043292,0.052353,0.060407,0.069468,0.070475,0.071481,0.063427,0.073495,0.083563,0.097925,0.109345,0.115174,0.082583,0.109291,0.119193,0.1264918415,0.1424920146,0.1559539305,0.18814698,0.24498998,0.297677232,0.348619178,0.45483022,0.63239501,0.91277251,1.02854185,1.20318366,1.34687723,1.29377668,1.35568611,1.4463249,1.4911163,1.58932267,1.63926238,1.68914788,1.67699482,1.53486843,1.63319496,1.75995454
Oman,OMN,0,0,0,0,0,0,0,0,0,0,0,0,0,0,0,0,0,0,0,0,0,0,0,0,0,0,0,0,0,0,0,0,0,0,0,0,0,0,0,0,,,
OPEC - Africa,OPAF,0,0,0,0,0,0,0,0,0,0,0,0,0,0,0,0,0,0,0,0,0,0,0,0,0,0,0.0001300495,0,0,0,0,0,0,0,0,0,0,0,0,0,,,
OPEC,OPEC,0,0,0,0,0,0,0,0,0,0,0,0,0,0,0,0,0,0,0,0,0,0,0,0,0,0,0.0001300495,0,0,0.000515400473945,0.0004927149162,0.0005373564748,0.00058373129184,0.00062674022031,0.00067131888576,0.00071607235263,0.000673158115584,0,0,0,,0,0
Non-OPEC,OPNO,0.0841250268,0.1014615865,0.150296495,0.2132866645,0.2974891016,0.318582175,0.297026864,0.3269966335,0.3352203314,0.339529043,0.3310885445,0.3632339345,0.3506556358,0.354546937,0.393239007,0.404002588,0.4028061722,0.4603275235,0.439191493,0.421685555,0.42119008584,0.4616812228,0.54438923935,0.6686394283,0.74772509136,0.8875291183499999,1.08903817205,1.4554784436,2.01793714974,2.23579279853333,2.588346520697655,2.741122401499365,2.769951186426468,2.99538585910365,3.25283195306971,3.23917678304425,3.390717218658604,3.532504175,3.873672574,4.164834975,3.90692534,4.03396915,4.29566396
OPEC - South America,OPSA,0,0,0,0,0,0,0,0,0,0,0,0,0,0,0,0,0,0,0,0,0,0,0,0,0,0,0,0,0,0,0,0,0,0,0,0,0,0,0,0,,,
Pakistan,PAK,0,0,0,0,0,0,0,0,0,0,0,0,0,0,0,0,0,0,0,0,0,0,0,0,0,0,0,0,0,0,0.00023304,0.00023208,0.00022789,0.0002312,0.00021377,0.00023229,0.00021534,0.0001091,0.00011544,0.00011453,0.00011318,0.00011318,0.00011318
Panama,PAN,0,0,0,0,0,0,0,0,0,0,0,0,0,0,0,0,0,0,0,0,0,0,0,0,0,0,0,0,0,0,0,0,0,0.00039679543689,0.00088907597535,0.00034044374316,0.000580340512656,0,0,0,,,
Peru,PER,0,0,0,0,0,0,0,0,0,0,0,0,0,0,0,0,0,0,0,0,0,0,0,0,0,0,0.00016842,0.00023579,0.0010075,0.00185762,0.00264341,0.00543895,0.00378206,0.00489917,0.00424922,0.00339938,0.00458468,0.00493645,0.00690369,0.0090228,0.00962001,0.01087546,0.01130065
Persian Gulf,PERG,0,0,0,0,0,0,0,0,0,0,0,0,0,0,0,0,0,0,0,0,0,0,0,0,0,0,0,0,0,0.000515400473945,0.0004927149162,0.0005373564748,0.00058373129184,0.00062674022031,0.00067131888576,0.00071607235263,0.000673158115584,0,0,0,,0,0
Philippines,PHL,0,0,0,0,0,0,0,0,0,0,0,0,0,0,0,0,0,0,0,0,0,0,0,0,0,0,0,0.00165055,0.00224555,0.00512919,0.00440055,0.00456953,0.00543125,0.00683137,0.00836568,0.01062889,0.01279023,0.01266625,0.01405284,0.01588976,0.01259474,0.01460891,0.01522462
Papua New Guinea,PNG,0,0,0,0,0,0,0,0,0,0,0,0,0,0,0,0,0,0,0,0,0,0,0,0,0,0,0,0,0,0,0,0,0,0,0,0,0,0,0,0,,,
Poland,POL,0,0,0,0,0,0,0,0,0,0,0,0,0,0,0,0,0,0,0,0,0,0,0,0.001300495,0.0002608116,0.0051829562,0.00618053405,0.00449834395,0.0130035042,0.019119110498345,0.019530021348825,0.018373340947825,0.026401,0.02777832,0.02956715,0.03203382,0.03650862,0.03634143,0.03586303,0.03884058,0.03861716,0.04106329,0.04282929
Puerto Rico,PRI,0,0,0,0,0,0,0,0,0,0,0,0,0,0,0,0,0,0,0,0,0,0,0,0,0,0,0,0,0,0,0,0,0,0,0,0,0,0,0,0,,,
North Korea,PRK,0,0,0,0,0,0,0,0,0,0,0,0,0,0,0,0,0,0,0,0,0,0,0,0,0,0,0,0,0,0,0,0,0,0,0,0,0,0,0,0,,,
Portugal,PRT,0,0,0,0,0,0,0,0,0,0,0,0,0,0,0,0,0,0,0,0,0,0,0,0,0,0,0.00350130265,0.00698304495,0.00633530262,0.009640922912315,0.012182004068745,0.0141975670819,0.010834,0.01071691,0.01175465,0.01259848,0.01172635,0.01254269,0.0127443,0.01377548,0.01171379,0.01131197,0.01086813
Paraguay,PRY,0,0.0001300495,0.0003901485,0.0003901485,0.0005216232,0.000260099,0.000520198,0.0006502475,0.000652029,0.000780297,0.0006502475,0.000780297,0.0007824348,0.000780297,0.000520198,0.0003901485,0.0003912174,0.0001300495,0.0001300495,0.000260099,5.216232e-05,2.60099e-05,2.60099e-05,2.60099e-05,0.0001304058,0.000780297,0.00241535,0.00251672,0.00275324,0.00349077,0.00402945,0.00400258,0.00430451,0.00520012,0.00558162,0.0066826,0.00648856,0.00779956,0.00935202,0.01204755,0.01205184,0.009576,0.01007277
Palestinian Territories,PSE,--,--,--,--,--,--,--,--,--,--,--,--,--,--,--,--,--,0,0,0,0,0,0,0,0,0,0,0,0,0,0,0,0,0,0,0,0,0,0,0,,,
French Polynesia,PYF,0,0,0,0,0,0,0,0,0,0,0,0,0,0,0,0,0,0,0,0,0,0,0,0,0,0,0,0,0,0,0,0,0,0,0,0,0,0,0,0,,,
Qatar,QAT,0,0,0,0,0,0,0,0,0,0,0,0,0,0,0,0,0,0,0,0,0,0,0,0,0,0,0,0,0,0,0,0,0,0,0,0,0,0,0,0,,,
Reunion,REU,0,0,0,0,0,0,0,0,0,0,0,0,0,0,0,0,0,0,0,0,0,0,0,0,0,0,0,0,0,0,0,0,,,,,,,,,,,
Romania,ROU,0,0,0,0,0,0,0,0,0,0,0,0,0,0,0,0,0,0,0,0,0,0,0,0,0,0,0,0.0008606554,0.00356973708,0.003319215317175,0.0014662603048,0.005390993239945,0.005208,0.00584216,0.00415233,0.00623286,0.00741981,0.00693925,0.00745975,0.00869402,0.01132534,0.00938248,0.00910417
Russia,RUS,--,--,--,--,--,--,--,--,--,--,--,--,0,0,0,0,0,0,0,0,0,0,0,0,0,0,0,0,0,0,0,0,0,0,0,0,0,0,0,0,0,0,0
Rwanda,RWA,0,0,0,0,0,0,0,0,0,0,0,0,0,0,0,0,0,0,0,0,0,0,0,0,0,0,0,0,0,0,0,0,0,0,0,0,0,0,0,0,,,
Saudi Arabia,SAU,0,0,0,0,0,0,0,0,0,0,0,0,0,0,0,0,0,0,0,0,0,0,0,0,0,0,0,0,0,0,0,0,0,0,0,0,0,0,0,0,,0,0
Former Serbia and Montenegro,SCG,--,--,--,--,--,--,--,--,--,--,--,--,0,0,0,0,0,0,0,0,0,0,0,0,0,,--,--,--,--,--,--,--,--,--,--,--,--,--,--,,,
Sudan,SDN,0,0,0,0,0,0,0,0,0,0,0,0,0,0,0,0,0,0,0,0,0,0,0,0,0,0,0,0,0,0,0,0,0.00089812251024,0.00111927193863,0.00087278675754,0.00055947872403,0.001009820515968,0,0,0,,,
Senegal,SEN,0,0,0,0,0,0,0,0,0,0,0,0,0,0,0,0,0,0,0,0,0,0,0,0,0,0,0,0,0,0,0,0,0,0,0,0,0,0,0,0,,,
Singapore,SGP,0,0,0,0,0,0,0,0,0,0,0,0,0,0,0,0,0,0,0,0,0,0,0,0,0,3.91207e-05,0,0,0,0,0.0021304,0.01913908,0.03407205,0.03402887,0.03547423,0.03819395,0.03634784,0.04343863,0.03978431,0.04963119,0.04945989,0.04786209,0.05038115
Saint Helena,SHN,0,0,0,0,0,0,0,0,0,0,0,0,0,0,0,0,0,0,0,0,0,0,0,0,0,0,0,0,0,0,0,0,0,0,0,0,0,0,0,0,,,
Solomon Islands,SLB,0,0,0,0,0,0,0,0,0,0,0,0,0,0,0,0,0,0,0,0,0,0,0,0,0,0,0,0,0,0,0,0,0,0,0,0,0,0,0,0,,,
Sierra Leone,SLE,0,0,0,0,0,0,0,0,0,0,0,0,0,0,0,0,0,0,0,0,0,0,0,0,0,0,0,0,0,0,0,0,0,0,0,0,0,0,0,0,,,
El Salvador,SLV,0,0,0,0,0,0,0,0,0,0,0,0,0,0,0,0,0,0,0,0,0,0,0.0003901485,0.000520198,0.0005216232,0.0019507425,0.007542871,0.0061123265,0.0059986668,0,0,0,0,0,0,0,0,0,0,0,,,
Somalia,SOM,0,0,0,0,0,0,0,0,0,0,0,0,0,0,0,0,0,0,0,0,0,0,0,0,0,0,0,0,0,0,0,0,0,0,0,0,0,0,0,0,,,
Saint Pierre and Miquelon,SPM,0,0,0,0,0,0,0,0,0,0,0,0,0,0,0,0,0,0,0,0,0,0,0,0,0,0,0,0,0,0,0,0,0,0,0,0,0,0,0,0,,,
Serbia,SRB,--,--,--,--,--,--,--,--,--,--,--,--,--,--,--,--,--,--,--,--,--,--,--,--,--,--,0,0,0,0,0,0,0,0,0,0,0,0,0,0,0,0,0
South Sudan,SSD,--,--,--,--,--,--,--,--,--,--,--,--,--,--,--,--,--,--,--,--,--,--,--,--,--,--,--,--,--,--,--,--,0,0,0,0,0,0,0,0,,,
Sao Tome and Principe,STP,0,0,0,0,0,0,0,0,0,0,0,0,0,0,0,0,0,0,0,0,0,0,0,0,0,0,0,0,0,0,0,0,0,0,0,0,0,0,0,0,,,
Former U.S.S.R.,SUN,0,0,0,0,0,0,0,0,0,0,0,0,--,--,--,--,--,--,--,--,--,--,--,--,--,--,--,--,--,--,--,--,--,--,--,--,--,--,--,--,,,
Suriname,SUR,0,0,0,0,0,0,0,0,0,0,0,0,0,0,0,0,0,0,0,0,0,0,0,0,0,0,0,0,0,0,0,0,0,0,0,0,0,0,0,0,,,
Slovakia,SVK,--,--,--,--,--,--,--,--,--,--,--,--,--,0,0,0,0,0,0,0,0,0.00146702625,0.0001173621,7.82414e-05,0.00047073456,0.00134966415,0.00179267925,0.00243023935,0.00612696444,0.006545278656215,0.007350054629415,0.00756950161462,0.0065280323457,0.00585746,0.00583485,0.00592082,0.0064456,0.00643018,0.00660474,0.00680381,0.00707926,0.00700398,0.00702188
Slovenia,SVN,--,--,--,--,--,--,--,--,--,--,--,--,0,0,0,0,0,0,0,0,0,0,0,0,0,0,7.82414e-05,0.0001956035,0.00031382304,0.00027115730791,0.000774274938365,1.9131978335e-05,3.7e-05,5.946e-05,0,0,0,0,0,0,0,0,0
Sweden,SWE,0,0,0,0,0,0,0,0,0,0,0,0,0,0,0,0,0,0,0,0,0,0.00061799975,0.00143741745,0.00147653815,0.0018590787,0.0021336586,0.00214053155,0.0027331565,0.0065319654,0.01485178832084,0.013280623216755,0.014703152264925,0.013311000000000002,0.00902989,0.00903642,0.00868194,0.00821192,0.0073645,0.01446301,0.01706419,0.01669081,0.02009547,0.01915991
Eswatini,SWZ,0,0,0,0,0,0,0,0,0,0,0,0,0,0,0,0,0,0,0,0,0,0,0,0,0,0,0,0,0,0.000560218132635,0.000559903668345,0.0007164748666,0.00107765736864,0.00107441106394,0.00100697702997,0.00105173179551,0.001009735871148,0,0,0,,,
Seychelles,SYC,0,0,0,0,0,0,0,0,0,0,0,0,0,0,0,0,0,0,0,0,0,0,0,0,0,0,0,0,0,0,0,0,0,0,0,0,0,0,0,0,,,
Syria,SYR,0,0,0,0,0,0,0,0,0,0,0,0,0,0,0,0,0,0,0,0,0,0,0,0,0,0,0,0,0,0,0,0,0,0,0,0,0,0,0,0,,,
Turks and Caicos Islands,TCA,0,0,0,0,0,0,0,0,0,0,0,0,0,0,0,0,0,0,0,0,0,0,0,0,0,0,0,0,0,0,0,0,0,0,0,0,0,0,0,0,,,
Chad,TCD,0,0,0,0,0,0,0,0,0,0,0,0,0,0,0,0,0,0,0,0,0,0,0,0,0,0,0,0,0,0,0,0,0,0,0,0,0,0,0,0,,,
Togo,TGO,0,0,0,0,0,0,0,0,0,0,0,0,0,0,0,0,0,0,0,0,0,0,0,0,0,0,0,0,0,0,0,0,0,0,0,0,0,0,0,0,,,
Thailand,THA,0,0,0,0,0,0,0,0,0,0,0,0,0,0,0,0,0,0,0,0,0,0,0,0,0.0001304058,0.0015997147,0.00308655,0.00658451,0.02260518,0.02991834,0.03231823,0.03209044,0.04118671,0.05762561,0.06307259,0.06836163,0.07030594,0.08074238,0.08599499,0.09835616,0.09513543,0.08550438,0.07870225
Tajikistan,TJK,--,--,--,--,--,--,--,--,--,--,--,--,0,0,0,0,0,0,0,0,0,0,0,0,0,0,0,0,0,0,0,0,0,0,0,0,0,0,0,0,,,
Turkmenistan,TKM,--,--,--,--,--,--,--,--,--,--,--,--,0,0,0,0,0,0,0,0,0,0,0,0,0,0,0,0,0,0,0,0,0,0,0,0,0,0,0,0,,,
Timor-Leste,TLS,--,--,--,--,--,--,--,--,--,--,--,--,--,--,--,--,--,--,--,--,--,--,--,0,0,0,0,0,0,0,0,0,0,0,0,0,0,0,0,0,,,
Tonga,TON,0,0,0,0,0,0,0,0,0,0,0,0,0,0,0,0,0,0,0,0,0,0,0,0,0,0,0,0,0,0,0,0,0,0,0,0,0,0,0,0,,,
Trinidad and Tobago,TTO,0,0,0,0,0,0,0,0,0,0,0,0,0,0,0,0,0,0,0,0,0,0,0,0,0,0.000780297,0.002340891,0.004161584,0.0056074494,0,0,0,0,0,0,0,0,0,0,0,,,
Tunisia,TUN,0,0,0,0,0,0,0,0,0,0,0,0,0,0,0,0,0,0,0,0,0,0,0,0,0,0,0,0,0,0,0,0,0,0,0,0,0,0,0,0,,,
Turkiye,TUR,0,0,0,0,0,0,0,0,0,0,0,0,0,0,0,0,0,0,0,0,0,0,0,0,0,0.0006502475,0.00111627,0.00111627,0.00111627,0.00111627,0.00111627,0.00111627,0.00111627,0.00131413,0.00181983,0.00190844,0.00205302,0.0020999,0.00207352,0.002282,0.0029867,0.00284712,0.00280613
Taiwan,TWN,0,0,0,0,0,0,0,0,0,0,0,0,0,0,0,0,0,0,0,0,0,0,0,0,0,0,0,0,0.00042093,0.00153064,0.00110971,0.00290821,0.00237248,0.00298474,0.0014541,0.0014541,0.00187503,0.00206636,0.00344393,0.00361613,0.00379693,0.00398678,0.00418612
Tanzania,TZA,0,0,0,0,0,0,0,0,0,0,0,0,0,0,0,0,0,0,0,0,0,0,0,0,0,0,0,0,0,0,0.00111822,0.00223643,0.00324282,0.00324282,0.00324282,0.00324282,0.00330992,0.00337701,0.0034441,0.0035112,0.00357829,0.00364538,0.00371248
Uganda,UGA,0,0,0,0,0,0,0,0,0,0,0,0,0,0,0,0,0,0,0,0,0,0,0,0,0,0,0,0,0,0,0,0,0,0,0,0,0,0,0,0,,,
Ukraine,UKR,--,--,--,--,--,--,--,--,--,--,--,--,0,0,0,0,0,0,0,0,0,0,0,0,0,0,0,0,0,0,7.455e-05,0.00073581,0.00139708,0.00492015,0.00324282,0.00346647,0.00369011,0.00391375,0.0041374,0.00436104,0.00458468,0.00480833,0.00503197
Uruguay,URY,0,0,0,0,0,0,0,0,0,0,0,0,0,0,0,0,0,0,0,0,0,0,0,0,0,0,0,0,0,0,0.00070372647656,0.001041545435735,0.001175191989084,0.00156472856086,0.001968573267205,0.00148445237492,0.001544288141196,0.00155587,0.001567539,0.001579296,0.00325464,0.0033192,0.00255347
United States,USA,0,0.007047,0.019129,0.035237,0.043292,0.052353,0.060407,0.069468,0.070475,0.071481,0.063427,0.073495,0.083563,0.097925,0.109345,0.115174,0.082583,0.109291,0.119193,0.124281,0.137667,0.150882,0.182945,0.239788,0.292461,0.34289699999999995,0.44453555,0.6157762,0.8875959,0.99435764,1.16535502,1.30261817,1.25072778,1.31022516,1.39352427,1.43754893,1.53309586,1.58553846,1.63797461,1.62112918,1.48192615,1.57898758,1.70654925
U.S. Pacific Islands,USIQ,0,0,0,0,0,0,0,0,0,0,0,0,0,0,0,0,0,0,0,0,0,0,0,0,0,0,0,0,0,0,0,0,0,0,0,0,0,0,0,0,,,
Uzbekistan,UZB,--,--,--,--,--,--,--,--,--,--,--,--,0,0,0,0,0,0,0,0,0,0,0,0,0,0,0,0,0,0,0,0,0,0,0,0,0,0,0,0,,,
Saint Vincent/Grenadines,VCT,0,0,0,0,0,0,0,0,0,0,0,0,0,0,0,0,0,0,0,0,0,0,0,0,0,0,0,0,0,0,0,0,0,0,0,0,0,0,0,0,,,
Venezuela,VEN,0,0,0,0,0,0,0,0,0,0,0,0,0,0,0,0,0,0,0,0,0,0,0,0,0,0,0,0,0,0,0,0,0,0,0,0,0,0,0,0,,,
British Virgin Islands,VGB,0,0,0,0,0,0,0,0,0,0,0,0,0,0,0,0,0,0,0,0,0,0,0,0,0,0,0,0,0,0,0,0,0,0,0,0,0,0,0,0,,,
U.S. Virgin Islands,VIR,0,0,0,0,0,0,0,0,0,0,0,0,0,0,0,0,0,0,0,0,0,0,0,0,0,0,0,0.000260099,0.0041729856,0,0,0,0,0,0,0,0,0,0,0,,,
Vietnam,VNM,0,0,0,0,0,0,0,0,0,0,0,0,0,0,0,0,0,0,0,0,0,0,0,0,0,0,0,0,0,0.00011182,0.00011182,0.00022364,0.00033547,0.00069329,0.00103994,0.00089457,0.00067093,0.00061232,0.00348883,0.00335465,0.00335465,0.00335465,0.00447286
Vanuatu,VUT,0,0,0,0,0,0,0,0,0,0,0,0,0,0,0,0,0,0,0,0,0,0,0,0,0,0,0,0,0,0,0,0,0,0,0,0,0,0,0,0,,,
Wake Island,WAK,0,0,0,0,0,0,0,0,0,0,0,0,0,0,0,0,0,0,0,0,0,0,0,0,0,0,0,0,0,0,0,0,0,0,0,0,0,0,0,0,,,
World,WORL,0.0841250268,0.1014615865,0.150296495,0.2132866645,0.2974891016,0.318582175,0.297026864,0.3269966335,0.3352203314,0.339529043,0.3310885445,0.3632339345,0.3506556358,0.354546937,0.393239007,0.404002588,0.4028061722,0.4603275235,0.439191493,0.421685555,0.42119008584,0.4616812228,0.54438923935,0.6686394283,0.74772509136,0.8875291183499999,1.08916822155,1.4554784436,2.01793714974,2.236308199007275,2.588839235613855,2.741659757974165,2.770534917718308,2.99601259932396,3.25350327195547,3.23989285539688,3.391390376774188,3.532504175,3.873672574,4.164834975,3.90692534,4.03396915,4.29566396
Australia and New Zealand,WP11,0,0,0,0,0,0,0,0,0,0,0,0,0,0,0,0,0,0,0,0,0,0,0,0,0,0.000520198,0.00115467,0.0034963,0.00491213232,0.00735746156754,0.00901237056244,0.00923052061306,0.00980042,0.0095695,0.01031687,0.00934808,0.006031286,0.007641246,0.006657216,0.00636624,0.00500974,0.00490165,0.0045648
IEO - Africa,WP12,0.0007824348,0.000780297,0.0009103465,0.001040396,0.0010432464,0.001040396,0.001040396,0.001040396,0.0010432464,0.001040396,0.001040396,0.001040396,0.0010432464,0.000260099,0.000260099,0.000260099,0.0002608116,0.0003901485,0.0003901485,0.000260099,0.0002608116,0.000260099,0.000260099,0.000260099,0.0002608116,0.000260099,0.0003901485,0.000260099,0.0003912174,0.003025530865245,0.00498942363713,0.0072872556462,0.00920873979736,0.009708032044175,0.0107554949497,0.0106526143123,0.011494584502368,0.006657573,0.006769383,0.006881213,0.00592654,0.00603836,0.00615019
Brazil,WP13,0.083342592,0.09350424,0.129867,0.17661912,0.252632232,0.26492868,0.23505927,0.25583799,0.263050056,0.26622735,0.26363001,0.2857074,0.263050056,0.25324065,0.28051272,0.2857074,0.316441404,0.34674489,0.31557681,0.29090208,0.239609952,0.25713666,0.28181139,0.32336883,0.328161456,0.35843292,0.35507646,0.45165832,0.56670518,0.55070872,0.62866847,0.54206669,0.55813064,0.64403942,0.68772946,0.7447953,0.69935429,0.70809085,0.85837455,0.96907081,0.90994082,0.8172472,0.84513216
Canada,WP14,0,0,0,0,0,0,0,0,0,0,0,0,0,0,0,0,0,0,0,0.0022108415,0.0048250146,0.0050719305,0.00520198,0.00520198,0.005216232,0.005722178,0.00978784,0.01611198,0.02466978,0.03367349,0.03563107,0.04206149,0.04134334,0.04375539,0.05109507,0.05186181,0.05452125,0.05201836,0.04946771,0.05416008,0.05123672,0.05250182,0.05169973
China,WP15,0,0,0,0,0,0,0,0,0,0,0,0,0,0,0,0,0,0,0,0,0,0,0.006502475,0.01820693,0.0223651254,0.032004879,0.04641015,0.05056965,0.06846389,0.07505806,0.07457406,0.08224615,0.09514295,0.10196272,0.10416189,0.09167948,0.08729058,0.10314305,0.09326267,0.1277965,0.13401803,0.1383198,0.16692775
India,WP16,0,0,0,0,0,0,0,0,0,0,0,0,0,0,0,0,0,0,0,0,0.0037817682,0.003901485,0.004161584,0.0042916335,0.004564203,0.0052030385,0.00447286,0.00447286,0.00626201,0.00476279,0.00448669,0.01190198,0.01106539,0.01298956,0.01258783,0.01473673,0.01538613,0.02149325,0.03977814,0.05068696,0.05414928,0.08981758,0.11805321
Japan,WP17,0,0,0,0,0,0,0,0,0,0,0,0,0,0,0,0,0,0,0,0,0,0,0,0,0,0,0.00016909,0.0002378,0.00026948,0.00061626,0.00077551,0.00087092,0.000907,0.00088519,0.00098652,0.00071843,0.00072974,0.0006737,0.00070738,0.00080843,0.00074106,0.00070738,0.00070738
Mexico,WP18,0,0,0,0,0,0,0,0,0,0,0,0,0,0,0,0,0,0,0,0,0,0,0,0,0,0,0.00050683,0.00050683,0.00050683,0.00051072,0.00219757,0.00219757,0.00170556,0.00170556,0.00170556,0.00170556,0.00170556,0.00170556,0.00170556,0.00170556,0.00170556,0.00170556,0.00170556
IEO - Middle East,WP19,0,0,0,0,0,0,0,0,0,0,0,0,0,0,0,0,0,0,0,0,0,0,0,0,0,0,0,0,0,0.000515400473945,0.0004927149162,0.0005373564748,0.00058373129184,0.00062674022031,0.00067131888576,0.00071607235263,0.000673158115584,0,0,0,,0,0
Western Europe,WP21,0,0,0,0,0,0,0,0,0,0,0,0,0.0001304058,0.000780297,0.001040396,0.001040396,0.0016952754,0.002340891,0.0027310395,0.00260099,0.03355891332,0.0431025434,0.05823960075,0.0709152295,0.08811023976,0.12919520655,0.18595058005,0.24922100135,0.32927140518,0.423031669098185,0.46641197601592,0.455215659952695,0.455859718732998,0.47911929,0.54455716,0.52988061,0.523850203,0.57912699,0.60512915,0.63803371,0.61733456,0.63919,0.63513973
Other Americas,WP22,0,0.0001300495,0.0003901485,0.0003901485,0.0005216232,0.000260099,0.000520198,0.0006502475,0.000652029,0.000780297,0.0029911385,0.0029911385,0.0028689276,0.002340891,0.002080792,0.001820693,0.0018256812,0.001560594,0.001300495,0.0014305445,0.00148662612,0.0013265049,0.0052279899,0.0065284849,0.0062594784,0.0111853155,0.029871383,0.0379411485,0.0669292818,0.0742327216921,0.10828689767284,0.140319815041935,0.148463919299324,0.1361575815035,0.164614543162645,0.13565295973195,0.171926396156236,0.17876144,0.171218589,0.164548066,0.12222272,0.15322164,0.16513957
Other Asia-Pacific,WP23,0,0,0,0,0,0,0,0,0,0,0,0,0,0,0,0,0,0,0,0,0,0,0,0,0.0001304058,0.0016388354,0.00908243,0.02099025,0.05418422,0.05616411,0.071180393899125,0.128272627136965,0.168246948596786,0.219575615555975,0.248025904957365,0.185376579,0.260283659,0.262968366,0.372756746,0.490415046,0.49286976,0.51743994,0.55901503
Eastern Europe and Eurasia,WP24,0,0,0,0,0,0,0,0,0,0,0,0,0,0,0,0,0,0,0,0,0,0,0,0,0,0,0,6.502475e-05,0.00031382304,0.00089945531026,0.0015605889102,0.00194813310851,0.00253008,0.00581915,0.00418482,0.00420847,0.00438411,0.00459575,0.0046154,0.00491644,0.00458893,0.00480858,0.00503222
Russia,WP25,,,,,,,,,,,,,0,0,0,0,0,0,0,0,0,0,0,0,0,0,0,0,0,0,0,0,0,0,0,0,0,0,0,0,0,0,0
South Korea and other OECD Asia,WP26,0,0,0,0,0,0,0,0,0,0,0,0,0,0,0,0,0,0,0,0,0,0,3.91207e-05,7.82414e-05,0.0001961394,0.0004694484,0.00176023,0.00417098,0.007462,0.01139417,0.01521648,0.01488542,0.0168187,0.01987369,0.01858656,0.02101123,0.02066357,0.02008958,0.02525547,0.02831674,0.02525547,0.02908206,0.02984738
United States,WP27,0,0.007047,0.019129,0.035237,0.043292,0.052353,0.060407,0.069468,0.070475,0.071481,0.063427,0.073495,0.083563,0.097925,0.109345,0.115174,0.082583,0.109291,0.119193,0.124281,0.137667,0.150882,0.182945,0.239788,0.292461,0.34289699999999995,0.44453555,0.6157762,0.8875959,0.99435764,1.16535502,1.30261817,1.25072778,1.31022516,1.39352427,1.43754893,1.53309586,1.58553846,1.63797461,1.62112918,1.48192615,1.57898758,1.70654925
Samoa,WSM,0,0,0,0,0,0,0,0,0,0,0,0,0,0,0,0,0,0,0,0,0,0,0,0,0,0,0,0,0,0,0,0,0,0,0,0,0,0,0,0,,,
Kosovo,XKS,--,--,--,--,--,--,--,--,--,--,--,--,--,--,--,--,--,--,--,--,--,--,--,--,--,--,--,--,0,0,0,0,0,0,0,0,0,0,0,0,0,0,0
Yemen,YEM,0,0,0,0,0,0,0,0,0,0,0,0,0,0,0,0,0,0,0,0,0,0,0,0,0,0,0,0,0,0,0,0,0,0,0,0,0,0,0,0,,,
Former Yugoslavia,YUG,0,0,0,0,0,0,0,0,0,0,0,0,--,--,--,--,--,--,--,--,--,--,--,--,--,--,--,--,--,--,--,--,--,--,--,--,--,--,--,--,,,
South Africa,ZAF,0,0,0,0,0,0,0,0,0,0,0,0,0,0,0,0,0,0,0,0,0,0,0,0,0,0,0,0,0,4.473e-05,4.473e-05,0.00011182,0.00011182,0.00011182,0.00011182,0.00011182,0.00011182,0.00011182,0.00011182,0.00011182,0.00011182,0.00011182,0.00011182
Zambia,ZMB,0,0,0,0,0,0,0,0,0,0,0,0,0,0,0,0,0,0,0,0,0,0,0,0,0,0,0,0,0,0,0,0,0,0,0,0,0,0,0,0,,,
Zimbabwe,ZWE,0.0007824348,0.000780297,0.000780297,0.000780297,0.0007824348,0.000780297,0.000780297,0.000780297,0.0007824348,0.000780297,0.000780297,0.000780297,0.0007824348,0,0,0,0,0,0,0,0,0,0,0,0,0,0,0,0,0,0,0,0,5.007779925e-05,0.00088501633293,0.00094031370153,0.001066493478528,0.001066493,0.001066493,0.001066493,,,
